Date,Close,High,Low,Open,Volume,MA5,MA20,Daily_Return,Volatility,RSI14,Target
2015-01-30,8808.900390625,8996.599609375,8775.099609375,8996.599609375,267300,8884.3298828125,8529.45751953125,-0.01602363904552817,0.008322923388196434,79.06233898936193,0
2015-02-02,8797.400390625,8840.7998046875,8751.099609375,8802.5,210100,8876.6900390625,8549.555029296875,-0.0013054977908750764,0.008466212382078597,77.10242310902429,0
2015-02-03,8756.5498046875,8837.2998046875,8726.650390625,8823.150390625,208700,8845.9,8568.4625,-0.004643483770618517,0.008814886976583843,75.6120406754141,0
2015-02-04,8723.7001953125,8792.849609375,8704.400390625,8789.150390625,195300,8807.780078125,8598.280004882812,-0.003751432939651078,0.007329013868966952,74.69150348274624,0
2015-02-05,8711.7001953125,8838.4501953125,8683.650390625,8733.099609375,173600,8759.6501953125,8628.760009765625,-0.0013755630903555804,0.007234190330606723,65.56487302636451,0
2015-02-06,8661.0498046875,8726.2001953125,8645.5498046875,8696.849609375,171300,8730.080078125,8650.08251953125,-0.005814064934449137,0.007295879951049945,60.08769465027844,0
2015-02-09,8526.349609375,8605.5498046875,8516.349609375,8584.400390625,146800,8675.869921875,8662.175,-0.01555240973670402,0.007727041068731615,48.52893111964064,1
2015-02-10,8565.5498046875,8646.25,8470.5,8478.099609375,196200,8637.669921875,8674.302490234375,0.0045975355349490155,0.007131697188777228,40.99315953289498,1
2015-02-11,8627.400390625,8651.9501953125,8593.650390625,8603.2998046875,161600,8618.4099609375,8690.702490234375,0.007220854159723844,0.007876299881328699,43.19245524796262,1
2015-02-12,8711.5498046875,8732.5498046875,8599.25,8676.9501953125,158800,8618.3798828125,8712.402490234375,0.009753739278629103,0.008613648559553723,46.892687006711704,1
2015-02-13,8805.5,8822.099609375,8729.650390625,8741.5,221900,8647.269921875,8727.969970703125,0.0107845558389561,0.008162460790112677,48.16890162613797,1
2015-02-16,8809.349609375,8870.099609375,8793.400390625,8831.400390625,136400,8703.869921875,8742.7474609375,0.00043718237181300523,0.00815028901278507,43.264270943072304,1
2015-02-18,8869.099609375,8894.2998046875,8808.900390625,8811.5498046875,147600,8764.5798828125,8758.667431640624,0.006782566551384539,0.008201925994824688,47.198797331761405,1
2015-02-19,8895.2998046875,8913.4501953125,8794.4501953125,8883.0498046875,213300,8818.159765625,8768.65244140625,0.0029540986646272582,0.008014262981366196,46.41173717398274,0
2015-02-20,8833.599609375,8899.9501953125,8816.2998046875,8895.5,197600,8842.5697265625,8773.857421875,-0.006936269340802492,0.008453735627437352,51.73157446482217,0
2015-02-23,8754.9501953125,8869.0,8736.099609375,8856.849609375,139600,8832.459765625,8773.534912109375,-0.008903438863023694,0.00879706551847766,47.28005616465956,1
2015-02-24,8762.099609375,8800.5,8726.75,8772.900390625,149800,8823.009765625,8769.859912109376,0.0008166139044774035,0.006599875233322914,50.37164729409641,1
2015-02-25,8767.25,8840.650390625,8751.400390625,8801.900390625,135200,8802.63984375,8762.697412109375,0.0005878032497472763,0.006597011568812375,53.02870803648441,0
2015-02-26,8683.849609375,8786.0498046875,8669.4501953125,8779.0,217500,8760.3498046875,8751.17490234375,-0.00951271956713906,0.007308100703910403,48.238086588848155,1
2015-02-27,8844.599609375,8856.9501953125,8717.4501953125,8729.5,249500,8762.5498046875,8745.78740234375,0.018511375395821705,0.008873765527188483,60.192113103146106,1
2015-03-02,8956.75,8972.349609375,8885.4501953125,8953.849609375,218100,8802.909765625,8753.1798828125,0.01268009809128312,0.009109994103599901,74.51305382827013,1
2015-03-03,8996.25,9008.400390625,8925.5498046875,8962.849609375,177800,8849.73984375,8763.12236328125,0.004410081781896391,0.00913338070878367,74.52175469849668,0
2015-03-04,8922.650390625,9119.2001953125,8893.9501953125,9109.150390625,248400,8880.819921875,8771.427392578125,-0.008181143184660233,0.009506254086150686,66.58802512432679,1
2015-03-05,8937.75,8957.5498046875,8849.349609375,8929.400390625,160100,8931.6,8782.1298828125,0.0016922784950608172,0.009480503425579859,63.777582943632,0
2015-03-09,8756.75,8891.2998046875,8740.4501953125,8891.150390625,155500,8914.030078125,8784.382373046876,-0.02025118178512486,0.01138684816946023,47.315378492912,0
2015-03-10,8712.0498046875,8778.0,8677.349609375,8769.75,163800,8865.0900390625,8786.932373046875,-0.005104655872612551,0.01114788573269129,44.87247972613427,0
2015-03-11,8699.9501953125,8755.599609375,8682.349609375,8728.75,172800,8805.830078125,8795.61240234375,-0.0013888361116221049,0.01114218426826017,40.61479642427152,1
2015-03-12,8776.0,8787.2001953125,8732.900390625,8740.650390625,173900,8776.5,8806.134912109375,0.008741406902360804,0.011534708304770169,43.72765892775176,0
2015-03-13,8647.75,8849.75,8631.75,8844.0498046875,179200,8718.5,8807.152392578126,-0.014613719234275346,0.012108497269285699,40.86777930266706,0
2015-03-16,8633.150390625,8663.5498046875,8612.0,8656.75,163300,8693.780078125,8803.232421875,-0.0016882552542568652,0.010136627419386467,43.61300841985164,1
2015-03-17,8723.2998046875,8742.5498046875,8630.7998046875,8689.099609375,177000,8696.030078125,8799.122412109375,0.010442238346779709,0.009786080698764205,48.12832410787894,0
2015-03-18,8685.900390625,8747.25,8664.0,8742.900390625,156400,8693.2201171875,8792.949951171875,-0.004287301239194297,0.00947598680151423,46.194163366526624,0
2015-03-19,8634.650390625,8788.2001953125,8614.650390625,8749.4501953125,163500,8664.9501953125,8781.227490234374,-0.00590036699653107,0.009376760895272009,47.62688935030091,0
2015-03-20,8570.900390625,8627.900390625,8553.0,8627.900390625,174600,8649.5802734375,8765.00751953125,-0.0073830435647072035,0.009285530054882328,35.43529685661666,0
2015-03-23,8550.900390625,8608.349609375,8540.5498046875,8591.5498046875,150700,8633.1302734375,8750.87255859375,-0.002333477124745964,0.00736130548774887,26.054580276704172,0
2015-03-24,8542.9501953125,8627.75,8535.849609375,8537.0498046875,156700,8597.0603515625,8740.27255859375,-0.000929749494125387,0.007306000066354388,22.220785920412126,0
2015-03-25,8530.7998046875,8573.75,8516.5498046875,8568.900390625,161000,8566.040234375,8728.707568359376,-0.0014222710360253243,0.007305730448104114,24.0306515393726,0
2015-03-26,8342.150390625,8499.4501953125,8325.349609375,8474.9501953125,280100,8507.540234375,8707.452587890624,-0.022113918786236364,0.008680820706473729,17.90943626548244,0
2015-03-27,8341.400390625,8413.2001953125,8269.150390625,8396.0,193000,8461.640234375,8690.330126953126,-8.990487642646094e-05,0.008092993217898673,22.226633616039834,1
2015-03-30,8492.2998046875,8492.2998046875,8380.75,8390.9501953125,134700,8449.9201171875,8672.71513671875,0.018090417315550278,0.010624949210087435,37.13328042340144,0
2015-03-31,8491.0,8550.4501953125,8454.150390625,8527.599609375,167200,8439.530078125,8649.42763671875,-0.0001530568535489385,0.00978667980778937,37.608917479264704,1
2015-04-01,8586.25,8603.400390625,8464.75,8483.7001953125,125500,8450.6201171875,8628.92763671875,0.011217759981156483,0.010685792968693307,38.99805672197535,1
2015-04-06,8659.900390625,8667.5498046875,8573.75,8615.7998046875,146900,8514.1701171875,8615.79013671875,0.00857771327704171,0.010941154054578654,50.752115134911634,1
2015-04-07,8660.2998046875,8693.599609375,8586.849609375,8684.4501953125,148700,8577.95,8601.917626953125,4.612224673294918e-05,0.010605090672647283,51.710634967320665,1
2015-04-08,8714.400390625,8730.5,8679.7998046875,8698.9501953125,148200,8622.3701171875,8599.800146484375,0.006246964557533818,0.010644461320907425,49.4125791725701,1
2015-04-09,8778.2998046875,8785.5,8682.4501953125,8756.2001953125,152700,8679.830078125,8603.112646484375,0.007332623152276119,0.010716775292793785,55.89282711459054,1
2015-04-10,8780.349609375,8787.400390625,8733.599609375,8774.349609375,139000,8718.65,8607.1326171875,0.0002335081659441407,0.010657377217087639,59.91422503501968,1
2015-04-13,8834.0,8841.650390625,8762.099609375,8801.75,121600,8753.469921875,8610.0326171875,0.006110279546012176,0.006009020451369219,68.15233151684697,0
2015-04-16,8706.7001953125,8760.0,8645.650390625,8757.0498046875,142900,8762.75,8612.980126953125,-0.014410211080767454,0.008673839610882238,59.36298002152665,0
2015-04-17,8606.0,8699.849609375,8596.7001953125,8698.0498046875,150400,8741.069921875,8611.622607421876,-0.01156582781691673,0.008514377877013202,53.40902250716252,0
2015-04-20,8448.099609375,8619.9501953125,8422.75,8618.7998046875,148900,8675.0298828125,8597.86259765625,-0.01834770981001632,0.010570305200364763,46.137306363580805,0
2015-04-21,8377.75,8469.349609375,8352.7001953125,8416.099609375,407800,8594.5099609375,8582.455078125,-0.008327270348106652,0.00996140524256464,51.86933619950525,1
2015-04-22,8429.7001953125,8449.9501953125,8284.7001953125,8400.400390625,171800,8513.65,8572.207568359376,0.006200972255378856,0.009694893557475341,54.400032701334624,0
2015-04-23,8398.2998046875,8504.9501953125,8361.849609375,8478.2001953125,156000,8451.969921875,8563.5775390625,-0.0037249712205020824,0.00965169929417735,44.682658759007154,0
2015-04-24,8305.25,8413.2998046875,8273.349609375,8405.7001953125,173600,8391.819921875,8551.29501953125,-0.011079600258562361,0.00935282651871892,40.48070898218936,0
2015-04-27,8213.7998046875,8334.4501953125,8202.349609375,8330.5498046875,171500,8344.9599609375,8534.8375,-0.011011130948797465,0.008475808703142457,30.83809380259754,1
2015-04-28,8285.599609375,8308.0,8185.14990234375,8215.5498046875,174600,8326.5298828125,8522.577490234375,0.008741362876475867,0.009590756153773807,30.706145296391753,0
2015-04-29,8239.75,8308.2001953125,8219.2001953125,8274.7998046875,160400,8288.53984375,8517.457470703124,-0.005533650132347967,0.00865297589010848,29.292445526682002,0
2015-04-30,8181.5,8229.400390625,8144.75,8224.5,267700,8245.1798828125,8509.462451171876,-0.007069389241178392,0.008247476304910626,23.867173656938718,1
2015-05-04,8331.9501953125,8346.0,8220.4501953125,8230.0498046875,131700,8250.519921875,8501.444970703125,0.01838907233545184,0.011038288882223331,29.82418967809602,0
2015-05-05,8324.7998046875,8355.650390625,8280.599609375,8338.400390625,155500,8272.719921875,8493.1349609375,-0.0008581893143123631,0.009667848341549911,29.502838949276793,0
2015-05-06,8097.0,8331.9501953125,8083.0,8316.599609375,209600,8235.0,8468.6724609375,-0.02736399793773192,0.012605419547425802,21.331889838556506,0
2015-05-07,8057.2998046875,8122.60009765625,7997.14990234375,8077.0,161600,8198.5099609375,8438.542431640624,-0.004903074634123761,0.012153433067844357,22.891969984052807,1
2015-05-08,8191.5,8224.9501953125,8123.4501953125,8131.5,183100,8200.5099609375,8415.10244140625,0.01665572816769534,0.013873996119961336,33.16820689502019,1
2015-05-11,8325.25,8332.75,8224.650390625,8243.2001953125,192000,8199.169921875,8395.644921875,0.01632790087285607,0.014654736760093526,44.91158639681196,0
2015-05-12,8126.9501953125,8326.650390625,8115.2998046875,8326.150390625,173400,8159.6,8363.07744140625,-0.02381908107113906,0.01623164080504887,40.60745657184362,1
2015-05-13,8235.4501953125,8254.9501953125,8089.7998046875,8181.5498046875,169800,8187.2900390625,8335.832470703124,0.013350641678914421,0.01659851161607526,43.02087646047507,0
2015-05-14,8224.2001953125,8236.25,8137.2998046875,8232.4501953125,134800,8220.6701171875,8305.34248046875,-0.0013660455388829762,0.01650967437693649,43.65294898377688,1
2015-05-15,8262.349609375,8279.2001953125,8212.2001953125,8240.2998046875,129800,8234.8400390625,8283.124951171874,0.004638677701966021,0.01637238335992235,48.370788267005295,1
2015-05-18,8373.650390625,8384.599609375,8271.9501953125,8284.9501953125,148700,8244.5201171875,8271.507470703125,0.013470838987944989,0.01586138551107602,55.9804168721799,0
2015-05-19,8365.650390625,8427.7998046875,8335.0,8356.2001953125,140300,8292.26015625,8267.385009765625,-0.0009553778372400901,0.01586241709732901,53.14504210424542,1
2015-05-20,8423.25,8440.349609375,8391.4501953125,8392.650390625,123600,8329.8201171875,8269.660009765625,0.006885251795789804,0.012492293395578934,57.14341109436705,0
2015-05-21,8421.0,8446.349609375,8382.5,8434.5,143800,8369.180078125,8269.225,-0.00026711779894939003,0.01220676597065103,59.748450172591696,1
2015-05-22,8458.9501953125,8489.5498046875,8420.599609375,8432.5,187300,8408.5001953125,8272.25751953125,0.004506613859696085,0.011442287528189682,55.690472064843945,0
2015-05-25,8370.25,8441.9501953125,8364.150390625,8438.150390625,121300,8407.8201171875,8275.50751953125,-0.010485957862909845,0.01118302551491089,51.89779063423338,0
2015-05-26,8339.349609375,8378.900390625,8320.0498046875,8377.099609375,116800,8402.5599609375,8281.785009765625,-0.0036916926764433144,0.007507949486357336,62.110810061645736,0
2015-05-27,8334.599609375,8342.849609375,8277.9501953125,8302.75,165500,8384.8298828125,8284.235009765625,-0.0005695887835976965,0.006520526780440193,64.35892897777552,0
2015-05-28,8319.0,8364.5,8270.150390625,8345.7001953125,232300,8364.4298828125,8288.197509765625,-0.00187166871908917,0.006544693910240541,57.52656434474616,1
2015-05-29,8433.650390625,8443.900390625,8305.7001953125,8327.099609375,363900,8359.369921875,8300.805029296875,0.013781751487558669,0.0076320619011539925,56.54670488457954,0
2015-06-01,8433.400390625,8467.150390625,8405.400390625,8417.25,122200,8372.0,8305.8775390625,-2.964315431874809e-05,0.00650398716400717,74.32721364038781,0
2015-06-02,8236.4501953125,8445.349609375,8226.0498046875,8442.7998046875,146800,8351.4201171875,8301.46005859375,-0.023353592405198742,0.010042902847514787,50.06960872284308,0
2015-06-03,8135.10009765625,8236.7001953125,8094.14990234375,8232.4501953125,171400,8311.52021484375,8303.365063476562,-0.012305070176218624,0.010093904858971789,44.489114251285784,0
2015-06-04,8130.64990234375,8160.0498046875,8056.75,8155.14990234375,154700,8273.8501953125,8307.032568359375,-0.0005470363313393456,0.010084547274798848,41.49997258269155,0
2015-06-05,8114.7001953125,8191.0,8100.14990234375,8119.14990234375,162100,8210.06015625,8303.192578125,-0.001961676769116849,0.009717802305521153,30.94134305079386,0
2015-06-08,8044.14990234375,8131.0,8030.5498046875,8124.35009765625,135900,8132.21005859375,8289.137573242188,-0.008694134258897646,0.009602881110931672,28.33265214921815,0
2015-06-09,8022.39990234375,8057.14990234375,8005.14990234375,8026.5,136000,8089.4,8283.91005859375,-0.0027038282806817193,0.0096106171616549,21.613244324142656,1
2015-06-10,8124.4501953125,8152.25,8023.7998046875,8024.14990234375,136800,8087.27001953125,8278.36005859375,0.012720668903445809,0.01093813893424245,31.60022152420285,0
2015-06-11,7965.35009765625,8163.0498046875,7958.25,8157.2998046875,166200,8054.21005859375,8265.417553710937,-0.019582875620068996,0.012188217495185632,23.376520082444074,1
2015-06-12,7982.89990234375,7995.60009765625,7940.2998046875,7959.85009765625,136600,8027.85,8251.445068359375,0.0022032684655837187,0.010747930233358334,27.37047312759195,1
2015-06-15,8013.89990234375,8057.7001953125,7944.85009765625,7986.60009765625,133000,8021.8,8233.457543945313,0.003883300602441242,0.011033628283544542,30.98899193205655,1
2015-06-16,8047.2998046875,8061.85009765625,7952.35009765625,8004.2001953125,124000,8026.77998046875,8217.540014648437,0.004167746384501569,0.009243593644004306,33.76104372669958,1
2015-06-17,8091.5498046875,8136.85009765625,8048.9501953125,8084.2001953125,152500,8020.19990234375,8200.955004882813,0.005498738840850059,0.008802621569291166,37.54722408463069,1
2015-06-18,8174.60009765625,8186.89990234375,8101.7998046875,8113.7001953125,144800,8062.04990234375,8188.635009765625,0.010263830165222254,0.009437395388169545,35.30879403817302,1
2015-06-19,8224.9501953125,8250.7998046875,8195.650390625,8201.150390625,147100,8110.4599609375,8176.935009765625,0.006159334653041526,0.009543244939175417,38.81406080831097,1
2015-06-22,8353.099609375,8369.4501953125,8257.400390625,8259.2998046875,122700,8178.29990234375,8176.077490234375,0.015580570218593381,0.009777185383743269,56.75875703465469,1
2015-06-23,8381.5498046875,8398.4501953125,8334.9501953125,8377.4501953125,131700,8245.14990234375,8178.1875,0.003405944696333929,0.009511569900878711,65.59708978178926,0
2015-06-24,8360.849609375,8421.349609375,8338.900390625,8399.400390625,130100,8299.00986328125,8179.5,-0.002469733616678238,0.009249790148166102,64.27506036142367,1
2015-06-25,8398.0,8423.150390625,8329.5,8336.25,201200,8343.68984375,8183.45,0.00444337505883885,0.004815191482992359,67.11779277073171,0
2015-06-26,8381.099609375,8408.5498046875,8339.7001953125,8393.9501953125,110600,8374.9197265625,8180.8224609375,-0.0020124304149797823,0.0052798809478962995,71.77096590396422,0
2015-06-29,8318.400390625,8329.4501953125,8195.650390625,8247.0498046875,132000,8367.9798828125,8175.0724609375,-0.00748102536329065,0.0065832726993813,68.16399004980491,1
2015-06-30,8368.5,8378.0,8298.9501953125,8316.349609375,158500,8365.369921875,8181.674951171875,0.006022745602803914,0.006622194728176265,65.99593168091474,1
2015-07-01,8453.0498046875,8481.599609375,8370.150390625,8376.25,131800,8383.8099609375,8197.572436523438,0.01010334046573469,0.006896920231943711,85.42787965979895,0
2015-07-02,8444.900390625,8479.25,8433.2001953125,8471.9501953125,112000,8393.1900390625,8213.2849609375,-0.0009640797405430224,0.006748873565821968,84.02571949496003,1
2015-07-03,8484.900390625,8497.75,8424.150390625,8440.099609375,88400,8413.9501953125,8231.794970703126,0.004736586359787687,0.006696192130239324,84.23471607738975,1
2015-07-06,8522.150390625,8533.150390625,8386.150390625,8386.150390625,101500,8454.7001953125,8255.694995117188,0.004390151714822377,0.005139668927391583,84.32246160448705,0
2015-07-07,8510.7998046875,8561.349609375,8483.849609375,8525.5,122200,8483.16015625,8280.114990234375,-0.0013318922357890006,0.00521527235118103,81.81682086733801,0
2015-07-08,8363.0498046875,8457.5,8341.400390625,8439.2001953125,188100,8465.16015625,8292.044970703126,-0.01736029555278973,0.007915331248238937,63.02258897619092,0
2015-07-09,8328.5498046875,8400.2998046875,8323.0,8364.849609375,131300,8441.8900390625,8310.204956054688,-0.004125289314989233,0.007850979852036071,57.31946613972435,1
2015-07-10,8360.5498046875,8377.099609375,8315.400390625,8365.7001953125,154100,8417.019921875,8329.087451171876,0.0038422055160178825,0.007968126443528805,50.609124167434494,1
2015-07-13,8459.650390625,8471.650390625,8355.400390625,8397.25,117800,8404.519921875,8351.374975585937,0.011853357524637564,0.008346359933894045,55.7241691276359,0
2015-07-14,8454.099609375,8480.25,8424.099609375,8470.599609375,101700,8393.1798828125,8371.714965820312,-0.0006561478304294432,0.008229910942073043,56.98972271835564,1
2015-07-15,8523.7998046875,8531.400390625,8462.9501953125,8463.400390625,105500,8425.3298828125,8393.327465820312,0.008244543893853207,0.008021023751819036,58.99083042640122,1
2015-07-16,8608.0498046875,8616.099609375,8542.900390625,8546.150390625,116000,8481.2298828125,8414.999951171874,0.009884089482447456,0.008467630003774228,64.79562797555761,1
2015-07-17,8609.849609375,8642.9501953125,8593.150390625,8623.650390625,105000,8531.08984375,8434.244921875,0.00020908390731189108,0.008422866839582951,70.63939496207448,0
2015-07-20,8603.4501953125,8624.099609375,8559.0,8623.900390625,90600,8559.8498046875,8446.762451171875,-0.0007432666484129546,0.008383149168702269,67.73609024440948,0
2015-07-21,8529.4501953125,8646.75,8517.900390625,8601.5,164100,8574.919921875,8454.157470703125,-0.00860120048586066,0.008904984931190692,55.86071640467215,1
2015-07-22,8633.5,8643.900390625,8498.650390625,8512.25,136800,8596.8599609375,8467.789990234374,0.012198887654526924,0.0071390113926672145,62.61196427591864,0
2015-07-23,8589.7998046875,8654.75,8573.7998046875,8643.9501953125,132900,8593.2099609375,8477.37998046875,-0.005061700968610694,0.007251186929376716,56.980251743162185,0
2015-07-24,8521.5498046875,8589.150390625,8513.5,8588.150390625,127400,8575.55,8484.402490234375,-0.00794547038951432,0.008035853380029073,49.96161906390457,0
2015-07-27,8361.0,8492.2001953125,8351.5498046875,8492.099609375,136600,8527.0599609375,8486.532470703125,-0.01884044667546103,0.009547579009517514,41.960084238421146,0
2015-07-28,8337.0,8397.400390625,8321.75,8371.099609375,174600,8488.569921875,8484.957470703124,-0.002870470039468942,0.009561006528996278,48.387708993410605,1
2015-07-29,8375.0498046875,8381.5,8338.4501953125,8365.599609375,141000,8436.8798828125,8481.057470703125,0.004563968416396724,0.009215093877602476,52.86541641692965,1
2015-07-30,8421.7998046875,8458.900390625,8408.2998046875,8417.0,215200,8403.2798828125,8479.90244140625,0.005582056356707721,0.008699108301557143,53.706952190246085,1
2015-07-31,8532.849609375,8548.9501953125,8448.0,8456.099609375,203300,8405.53984375,8482.29990234375,0.013185994355469077,0.009965942037400135,54.36697606890589,1
2015-08-03,8543.0498046875,8563.9501953125,8508.099609375,8510.650390625,156700,8441.9498046875,8483.344873046875,0.0011954031512864116,0.009987151275446918,55.27738346997306,0
2015-08-04,8516.900390625,8565.150390625,8448.25,8564.099609375,187400,8477.9298828125,8483.64990234375,-0.00306089917070973,0.009645454272383744,49.56835402667957,1
2015-08-05,8567.9501953125,8591.849609375,8545.849609375,8547.4501953125,132800,8516.5099609375,8493.894921875,0.005993941733038577,0.008939743185677163,47.382525351168184,1
2015-08-06,8588.650390625,8606.2998046875,8551.5,8585.7998046875,134900,8549.880078125,8506.899951171876,0.002416003226048735,0.008849041347064119,48.6495565708143,0
2015-08-07,8564.599609375,8595.9501953125,8552.7001953125,8580.7998046875,143700,8556.230078125,8517.10244140625,-0.002800298085977815,0.008476026413223347,47.579552962907535,0
2015-08-10,8525.599609375,8621.5498046875,8497.7998046875,8577.0,123400,8552.7400390625,8520.39990234375,-0.004553627931107251,0.005543950767879327,49.74916377321809,0
2015-08-11,8462.349609375,8556.25,8441.2998046875,8548.4501953125,154400,8541.8298828125,8520.81240234375,-0.007418833032042493,0.006139364671995422,38.2249473254214,0
2015-08-12,8349.4501953125,8446.9501953125,8337.9501953125,8445.7001953125,190000,8498.1298828125,8512.094921875,-0.013341379081930671,0.007589583944680664,34.90169952346598,1
2015-08-13,8355.849609375,8429.5,8339.75,8384.4501953125,189200,8451.5697265625,8499.484912109376,0.0007664473603414823,0.0073244402165573074,38.71403733053795,1
2015-08-14,8518.5498046875,8530.099609375,8381.2001953125,8402.349609375,155900,8442.359765625,8494.919921875,0.01947141259339502,0.008779503596519305,60.69949158994534,0
2015-08-17,8477.2998046875,8530.599609375,8428.0498046875,8530.5,174700,8432.6998046875,8488.61240234375,-0.004842373519645449,0.008884962396020924,59.309886298687246,0
2015-08-18,8466.5498046875,8525.75,8433.599609375,8505.849609375,153300,8433.53984375,8485.4673828125,-0.0012680924643075908,0.008850881977167744,56.29992415562621,1
2015-08-19,8495.150390625,8520.4501953125,8425.9501953125,8468.0498046875,130500,8462.6798828125,8478.54990234375,0.0033780685872379923,0.008672594746664158,55.1797617520616,0
2015-08-20,8372.75,8501.349609375,8359.75,8471.0498046875,184100,8466.0599609375,8467.697412109375,-0.014408266481082843,0.00956157481916055,38.87270486217635,0
2015-08-21,8299.9501953125,8322.2001953125,8225.0498046875,8305.400390625,201300,8422.3400390625,8456.617431640625,-0.008694849922367243,0.00976163042234604,34.45654671515345,0
2015-08-24,7809.0,8060.0498046875,7769.39990234375,8055.9501953125,312400,8288.680078125,8429.017431640625,-0.05915098088055637,0.020276104230713077,21.61132711533581,1
2015-08-25,7880.7001953125,7925.39990234375,7667.25,7895.39990234375,299100,8171.51015625,8406.20244140625,0.009181738418811536,0.021044107406666977,22.888501930085454,0
2015-08-26,7791.85009765625,7930.0498046875,7777.10009765625,7865.25,216600,8030.85009765625,8377.042456054687,-0.011274391291918318,0.020983773839711783,20.17072281725916,1
2015-08-27,7948.9501953125,7963.60009765625,7862.2998046875,7921.60009765625,305000,7946.09013671875,8353.399975585937,0.02016210472317792,0.022584308456833367,29.040300605493186,1
2015-08-28,8001.9501953125,8091.7998046875,7961.64990234375,8053.7001953125,195600,7886.49013671875,8326.855004882813,0.006667547122292117,0.02139025682162639,32.34076565272548,0
2015-08-31,7971.2998046875,8043.60009765625,7947.9501953125,8009.25,198200,7918.95009765625,8298.267504882813,-0.003830365083121179,0.02139886570437663,33.067841104702694,0
2015-09-01,7785.85009765625,7929.10009765625,7746.5,7907.9501953125,184900,7899.980078125,8261.714990234375,-0.023264675971940818,0.02198951956115712,31.492194272047442,0
2015-09-02,7717.0,7862.5498046875,7699.25,7856.64990234375,215300,7885.01005859375,8219.16748046875,-0.0088429775544967,0.0216157071930181,29.847673546740708,1
2015-09-03,7823.0,7845.60009765625,7754.0498046875,7774.4501953125,155800,7859.82001953125,8180.8849609375,0.013735907736166952,0.022688862073279983,27.24509786381364,0
2015-09-04,7655.0498046875,7804.89990234375,7626.85009765625,7803.39990234375,193600,7790.43994140625,8135.407470703125,-0.021468770971813878,0.023178522626776284,25.159387127361597,0
2015-09-07,7558.7998046875,7705.0498046875,7545.89990234375,7685.85009765625,141400,7707.93994140625,8087.06748046875,-0.01257339958011272,0.014925372685801816,23.923498800723777,1
2015-09-08,7688.25,7720.89990234375,7539.5,7587.7001953125,172200,7688.419921875,8048.3625,0.017125760525132927,0.015838196665039227,28.09004584759718,1
2015-09-09,7818.60009765625,7846.0498046875,7764.5498046875,7805.85009765625,208400,7708.73994140625,8021.819995117187,0.01695445617094271,0.016570803980212656,35.017720267693136,0
2015-09-10,7788.10009765625,7819.85009765625,7678.5,7729.0498046875,160300,7701.7599609375,7993.43251953125,-0.0039009540862875447,0.015072349431162303,35.83742181844613,1
2015-09-11,7789.2998046875,7864.85009765625,7759.89990234375,7833.7998046875,136400,7728.6099609375,7956.97001953125,0.00015404360706794407,0.014797287019976416,49.25225143745052,1
2015-09-14,7872.25,7879.9501953125,7761.85009765625,7811.10009765625,122800,7791.3,7926.717529296875,0.010649249276883932,0.015360274897698763,49.68197695444695,0
2015-09-15,7829.10009765625,7880.0,7799.75,7867.35009765625,136500,7819.47001953125,7894.845043945313,-0.005481266771729776,0.013421683496813832,51.451844837128014,1
2015-09-16,7899.14990234375,7913.89990234375,7853.2998046875,7886.85009765625,140000,7835.57998046875,7865.04501953125,0.008947363530129149,0.013203032935088463,47.9177002522255,1
2015-09-18,7981.89990234375,8055.0,7955.85009765625,7967.4501953125,241800,7874.33994140625,7845.502514648438,0.010475810818002973,0.012929839054646348,49.181988161408675,0
2015-09-21,7977.10009765625,7987.89990234375,7908.35009765625,7911.5,121800,7911.9,7829.360009765625,-0.0006013361162410247,0.010074076524531695,50.24173936755821,0
2015-09-22,7812.0,8021.60009765625,7787.75,8014.7998046875,168400,7899.85,7829.510009765625,-0.02069675641963653,0.011760948581071514,51.10865731879441,1
2015-09-23,7845.9501953125,7882.89990234375,7723.25,7737.35009765625,146700,7903.22001953125,7827.772509765625,0.004345903137800811,0.010750141977102038,55.63371808754374,1
2015-09-24,7868.5,7894.5,7804.10009765625,7838.39990234375,202500,7897.0900390625,7831.605004882813,0.002874069312977845,0.009426772321760231,52.14420358152687,0
2015-09-28,7795.7001953125,7893.9501953125,7787.9501953125,7892.7998046875,136300,7859.85009765625,7823.9425048828125,-0.009252056260723118,0.009857525309778766,57.28117448409047,1
2015-09-29,7843.2998046875,7926.5498046875,7691.2001953125,7725.7001953125,240700,7833.0900390625,7816.009985351562,0.006105879931557867,0.01003642506879456,65.50917151825146,1
2015-09-30,7948.89990234375,7957.7001953125,7874.5,7924.25,210700,7860.47001953125,7814.889990234375,0.013463733413981993,0.01037890567058625,64.58835611908532,1
2015-10-01,7950.89990234375,8008.25,7930.64990234375,7992.0498046875,156900,7881.4599609375,7823.14248046875,0.00025160714370175974,0.010135492696023572,58.64705709642705,1
2015-10-05,8119.2998046875,8128.89990234375,8005.10009765625,8005.10009765625,183100,7931.619921875,7843.257470703125,0.02117998017986733,0.011734052810195923,68.34090713668051,1
2015-10-06,8152.89990234375,8180.9501953125,8096.5,8180.4501953125,178500,8003.05986328125,7859.752465820313,0.004138299910646515,0.011441807561750032,69.43763302711105,1
2015-10-07,8177.39990234375,8188.89990234375,8132.89990234375,8146.2001953125,193900,8069.8798828125,7885.869970703125,0.0030050657181448504,0.011401131554771484,67.40036541081989,0
2015-10-08,8129.35009765625,8196.75,8105.85009765625,8196.75,171700,8105.969921875,7914.397485351563,-0.005875926976951273,0.008684218581404635,67.02581982055817,1
2015-10-09,8189.7001953125,8232.2001953125,8139.64990234375,8186.35009765625,199700,8153.72998046875,7939.469995117188,0.00742372968703231,0.008751191857382785,66.6590517016927,0
2015-10-12,8143.60009765625,8244.5,8128.2001953125,8231.5,199100,8158.5900390625,7955.719995117188,-0.005629033610123568,0.009304162921929468,59.6780170413432,0
2015-10-13,8131.7001953125,8150.25,8088.60009765625,8121.9501953125,145900,8154.35009765625,7972.9,-0.0014612581906097155,0.008401921584623235,59.17508529713308,0
2015-10-14,8107.89990234375,8139.2998046875,8096.35009765625,8102.39990234375,138900,8140.45009765625,7988.830004882812,-0.002926853228365389,0.008662940796350589,71.09954549157868,1
2015-10-15,8179.5,8190.5498046875,8129.7998046875,8134.35009765625,167200,8150.480078125,8004.1925048828125,0.008830905477206663,0.008172375914488592,72.5722393607038,1
2015-10-16,8238.150390625,8246.400390625,8147.64990234375,8193.650390625,156400,8160.1701171875,8024.64501953125,0.007170412693318751,0.008216601434179007,73.84994499394492,1
2015-10-19,8275.0498046875,8283.0498046875,8239.2001953125,8262.5498046875,124500,8186.46005859375,8043.440014648438,0.004479089639404021,0.005486900781913543,82.43012895306077,0
2015-10-20,8261.650390625,8294.0498046875,8229.2001953125,8280.2998046875,155100,8212.45009765625,8057.4275390625,-0.0016192547934769097,0.0055296451064876535,79.67658493195856,0
2015-10-21,8251.7001953125,8294.400390625,8217.150390625,8258.349609375,144800,8241.21015625,8071.157543945313,-0.001204383487806604,0.005548970300323669,74.85230126294343,1
2015-10-23,8295.4501953125,8328.099609375,8280.75,8308.25,152000,8264.4001953125,8095.330053710937,0.005301937657024025,0.005138850263878533,76.46520070960023,0
2015-10-26,8260.5498046875,8336.2998046875,8252.0498046875,8333.650390625,133900,8268.880078125,8116.060034179687,-0.004207172582956553,0.005100153941607867,63.64865655473334,0
2015-10-27,8232.900390625,8241.9501953125,8217.0498046875,8230.349609375,156700,8260.4501953125,8134.280053710938,-0.0033471638954116756,0.004820267144087599,57.820192047928934,0
2015-10-28,8171.2001953125,8209.099609375,8131.7998046875,8188.89990234375,188900,8242.36015625,8153.0550537109375,-0.007494344931314734,0.005505525552873222,49.43505464356873,0
2015-10-29,8111.75,8179.60009765625,8098.0,8175.4501953125,217500,8214.3701171875,8166.477563476563,-0.00727557689096936,0.00595919273169372,48.42884354690367,0
2015-10-30,8065.7998046875,8146.10009765625,8044.39990234375,8123.5498046875,199500,8168.4400390625,8172.32255859375,-0.005664646384873739,0.005318086165824881,38.64757684812195,0
2015-11-02,8050.7998046875,8060.7001953125,7995.60009765625,8054.5498046875,136100,8126.4900390625,8177.317553710937,-0.0018597039801661053,0.004389308586031555,40.98326123611231,1
2015-11-03,8060.7001953125,8100.35009765625,8031.75,8086.35009765625,132500,8092.05,8174.3875732421875,0.0012297400090901522,0.003928699851930708,43.0745299607737,0
2015-11-04,8040.2001953125,8116.10009765625,8027.2998046875,8104.89990234375,122100,8065.85,8168.752587890625,-0.0025432033822472278,0.003913540079398263,43.353655204415524,0
2015-11-05,7955.4501953125,8031.2001953125,7944.10009765625,8030.35009765625,132100,8034.5900390625,8157.655102539063,-0.010540782311541208,0.004573423892093315,28.557783431061196,0
2015-11-06,7954.2998046875,8002.64990234375,7926.14990234375,7956.5498046875,219500,8012.2900390625,8148.902587890625,-0.00014460408861305396,0.003613830195324186,19.47516220025247,0
2015-11-09,7915.2001953125,7937.75,7771.7001953125,7788.25,211800,7985.1701171875,8135.177587890625,-0.004915531264230055,0.0036212533940541726,11.484607891095038,0
2015-11-10,7783.35009765625,7885.10009765625,7772.85009765625,7877.60009765625,165200,7929.70009765625,8117.165087890625,-0.01665783484975325,0.00530507669996645,9.161593615000612,0
2015-11-13,7762.25,7775.10009765625,7730.89990234375,7762.4501953125,160900,7874.11005859375,8098.692578125,-0.002710927478722036,0.005329549798995652,8.990415220440113,1
2015-11-16,7806.60009765625,7838.85009765625,7714.14990234375,7732.9501953125,149500,7844.3400390625,8083.627587890625,0.005713562131630656,0.00624660735139646,9.081843261469302,1
2015-11-17,7837.5498046875,7860.4501953125,7793.0,7848.75,145000,7820.9900390625,8066.530078125,0.00396455648349936,0.006657502904950407,14.357960772955138,0
2015-11-18,7731.7998046875,7843.39990234375,7725.0498046875,7823.14990234375,143600,7784.3099609375,8041.212548828125,-0.01349273722468125,0.0074366777970451105,12.688022547435565,1
2015-11-19,7842.75,7854.89990234375,7765.4501953125,7788.5,132600,7796.18994140625,8019.59755859375,0.014349853606560714,0.009369853125239502,27.214724225627293,1
2015-11-20,7856.5498046875,7906.9501953125,7817.7998046875,7841.89990234375,151900,7815.04990234375,7999.342529296875,0.0017595619760288894,0.00947593338941708,31.099098369311292,0
2015-11-23,7849.25,7877.5,7825.2001953125,7869.5,127000,7823.5798828125,7979.22001953125,-0.0009291361817810317,0.00902001010656426,32.98768652422417,0
2015-11-24,7831.60009765625,7870.35009765625,7812.64990234375,7837.0,130600,7822.38994140625,7956.027514648437,-0.002248610038379506,0.009014438220822965,32.85090959654727,1
2015-11-26,7883.7998046875,7897.10009765625,7832.0,7837.14990234375,219800,7852.78994140625,7937.190014648438,0.006665267171503286,0.009269558745227818,37.01933205589943,1
2015-11-27,7942.7001953125,7959.2998046875,7879.4501953125,7910.60009765625,150300,7872.77998046875,7922.680004882813,0.0074710662477730505,0.007533206847199478,43.22728351931622,0
2015-11-30,7935.25,7966.0,7922.7998046875,7936.25,216300,7888.52001953125,7910.882495117187,-0.0009379927643368147,0.007428736505303356,48.428000364785994,1
2015-12-01,7954.89990234375,7972.14990234375,7934.14990234375,7958.14990234375,138600,7909.65,7903.039990234375,0.0024762801857218797,0.00733001856309297,50.045393199662854,0
2015-12-02,7931.35009765625,7979.2998046875,7910.7998046875,7976.7001953125,126300,7929.6,7896.3175048828125,-0.00296041496142041,0.007440403569913182,51.25105815122542,0
2015-12-03,7864.14990234375,7912.2998046875,7853.2998046875,7902.2998046875,125700,7925.67001953125,7886.985009765625,-0.008472730932953976,0.006439874455450947,56.9559083900669,0
2015-12-04,7781.89990234375,7821.39990234375,7775.7001953125,7817.60009765625,152500,7893.5099609375,7873.044995117188,-0.010458854551524621,0.005777145508457053,51.530486121305564,0
2015-12-07,7765.39990234375,7825.39990234375,7746.0498046875,7816.5498046875,137600,7859.53994140625,7859.30498046875,-0.0021203048364873966,0.005718857650906874,46.645479439855734,0
2015-12-08,7701.7001953125,7771.25,7685.4501953125,7738.5,135100,7808.9,7846.61748046875,-0.00820301695113268,0.006134880968374996,39.49913492981306,0
2015-12-09,7612.5,7702.85009765625,7606.89990234375,7695.5,140000,7745.12998046875,7829.527490234375,-0.011581883616657795,0.00686400033277107,40.53626513920241,1
2015-12-10,7683.2998046875,7691.9501953125,7610.0,7643.2998046875,140800,7708.9599609375,7817.932470703125,0.00930046695402309,0.007304722235199053,36.49069273704189,0
2015-12-11,7610.4501953125,7703.0498046875,7575.2998046875,7699.60009765625,167800,7674.67001953125,7809.2874755859375,-0.00948155235730297,0.006659654601242624,31.045909925087997,1
2015-12-14,7650.0498046875,7663.9501953125,7551.0498046875,7558.2001953125,148900,7651.6,7803.677465820312,0.005203320218742258,0.007254956944010719,35.385144478437496,1
2015-12-15,7700.89990234375,7705.0,7625.10009765625,7659.14990234375,134300,7651.43994140625,7798.3924560546875,0.006647028314128445,0.007748115538453484,40.856279684963624,1
2015-12-16,7750.89990234375,7776.60009765625,7715.75,7725.25,154300,7679.119921875,7794.0599609375,0.006492747683265243,0.00833664781089727,40.67368467220715,1
2015-12-17,7844.35009765625,7852.89990234375,7737.5498046875,7783.0498046875,175900,7711.32998046875,7799.687475585937,0.012056689737954374,0.009128880769494932,43.41742937873417,0
2015-12-18,7761.9501953125,7836.14990234375,7753.35009765625,7828.89990234375,191400,7741.62998046875,7795.647485351563,-0.010504363180879661,0.009134564702041418,39.458636826429476,1
2015-12-21,7834.4501953125,7840.75,7733.4501953125,7745.64990234375,126300,7778.51005859375,7794.542504882813,0.009340436124388285,0.00957773715401833,43.115972564465636,0
2015-12-22,7786.10009765625,7846.2998046875,7776.85009765625,7829.39990234375,125700,7795.55009765625,7791.385009765625,-0.006171472975241898,0.009382109952895039,41.92741095978143,1
2015-12-23,7865.9501953125,7871.4501953125,7826.10009765625,7830.4501953125,117900,7818.56015625,7793.102514648437,0.01025546764808305,0.008603648321248707,50.0986678898238,0
2015-12-24,7861.0498046875,7888.75,7835.5,7888.75,93500,7821.90009765625,7791.965014648437,-0.0006229877514251081,0.00840645932699774,54.73980059380915,1
2015-12-28,7925.14990234375,7937.2001953125,7863.0,7863.2001953125,122900,7854.5400390625,7791.0875,0.008154139618607559,0.007450740432629361,59.050480729332065,1
2015-12-29,7928.9501953125,7942.14990234375,7902.75,7929.2001953125,113000,7873.4400390625,7790.772509765625,0.0004795231655652099,0.007521378006710496,63.81206418849138,0
2015-12-30,7896.25,7944.75,7889.85009765625,7938.60009765625,106800,7895.47001953125,7787.840014648437,-0.004124151937772491,0.0078044893788051265,68.51790480512098,1
2015-12-31,7946.35009765625,7955.5498046875,7891.14990234375,7897.7998046875,150900,7911.55,7788.590014648437,0.006344796283837217,0.007796290147580568,67.64370861534451,0
2016-01-04,7791.2998046875,7937.5498046875,7781.10009765625,7924.5498046875,134700,7897.6,7784.947509765625,-0.01951213966956744,0.009671825539705772,60.925470345657594,0
2016-01-05,7784.64990234375,7831.2001953125,7763.25,7828.39990234375,145200,7869.5,7785.085009765625,-0.0008535035886758635,0.009038486494983837,58.46859295787715,0
2016-01-06,7741.0,7800.9501953125,7721.2001953125,7788.0498046875,147100,7831.9099609375,7783.865014648438,-0.005607176031205752,0.008608378067953006,52.546033210503694,0
2016-01-07,7568.2998046875,7674.9501953125,7556.60009765625,7673.35009765625,188900,7766.319921875,7777.194995117187,-0.022309804329221028,0.010867416829038263,39.96925046121626,1
2016-01-08,7601.35009765625,7634.10009765625,7581.0498046875,7611.64990234375,157400,7697.319921875,7776.6375,0.004366937597831466,0.010223064672609847,35.702547813885815,0
2016-01-11,7563.85009765625,7605.10009765625,7494.35009765625,7527.4501953125,189000,7651.82998046875,7770.665014648437,-0.00493333414699082,0.010185245142401173,37.694145794900514,0
2016-01-12,7510.2998046875,7588.2998046875,7487.7998046875,7587.2001953125,163900,7596.9599609375,7765.657495117188,-0.007079766557687717,0.009299446223823483,29.378490709044925,1
2016-01-13,7562.39990234375,7590.9501953125,7425.7998046875,7557.89990234375,215200,7561.23994140625,7761.275,0.006937152844914696,0.00994868775206713,35.83641973400276,0
2016-01-14,7536.7998046875,7604.7998046875,7443.7998046875,7467.39990234375,200800,7554.93994140625,7753.069995117187,-0.003385181686611949,0.009955993080731591,27.62258283395498,0
2016-01-15,7437.7998046875,7566.5,7427.2998046875,7561.64990234375,197500,7522.2298828125,7737.414990234375,-0.013135548583687595,0.009469776924450418,24.48923493839034,0
2016-01-18,7351.0,7463.64990234375,7336.39990234375,7420.35009765625,233600,7479.65986328125,7712.747485351562,-0.01167009155487031,0.008558023966472728,16.315698709358415,1
2016-01-19,7435.10009765625,7462.75,7364.14990234375,7381.7998046875,188300,7464.619921875,7696.40498046875,0.011440633608522655,0.010088521373068262,23.52155780644182,0
2016-01-20,7309.2998046875,7470.89990234375,7241.5,7357.0,225600,7413.99990234375,7670.1474609375,-0.01691978471256972,0.010828875804371155,21.386466488997556,0
2016-01-21,7276.7998046875,7398.7001953125,7250.0,7376.64990234375,240700,7361.99990234375,7644.682446289063,-0.004446390334017725,0.009116803037303443,16.78986906687321,1
2016-01-22,7422.4501953125,7433.39990234375,7327.60009765625,7355.7001953125,229200,7358.92998046875,7622.5074462890625,0.020015720445019758,0.0116744227881587,31.532613808270725,1
2016-01-25,7436.14990234375,7487.14990234375,7421.2001953125,7468.75,163200,7375.9599609375,7601.262451171875,0.0018457122204607046,0.011702448387357484,32.673779759534995,1
2016-01-27,7437.75,7477.89990234375,7419.7001953125,7469.60009765625,187600,7376.48994140625,7576.8924560546875,0.00021517824106065397,0.011552061411267932,34.26557516931349,0
2016-01-28,7424.64990234375,7468.85009765625,7409.60009765625,7426.5,274500,7399.5599609375,7551.67744140625,-0.001761298464757477,0.011218175624543886,41.06711799438512,1
2016-01-29,7563.5498046875,7575.64990234375,7402.7998046875,7413.35009765625,298700,7456.9099609375,7535.042431640625,0.018707939656508632,0.012914248308346529,47.922834572146584,0
2016-02-01,7555.9501953125,7600.4501953125,7541.25,7589.5,200400,7483.6099609375,7515.522436523437,-0.0010047675458274563,0.01203854174979989,49.55114216134247,0
2016-02-02,7455.5498046875,7576.2998046875,7428.0498046875,7566.64990234375,230200,7487.48994140625,7498.734936523438,-0.013287592960483763,0.012246353847193981,47.04644951243026,0
2016-02-03,7361.7998046875,7419.39990234375,7350.2998046875,7392.4501953125,192000,7472.29990234375,7477.592431640625,-0.01257452534768888,0.012429476679838672,39.643779219345305,1
2016-02-04,7404.0,7457.0498046875,7365.9501953125,7411.4501953125,222700,7468.169921875,7460.742431640625,0.005732320415128722,0.0111923581181356,43.25958147912798,1
2016-02-05,7489.10009765625,7503.14990234375,7406.64990234375,7418.25,249800,7453.27998046875,7456.782446289062,0.011493800331746407,0.011409028881335624,52.641075826827205,0
2016-02-08,7387.25,7512.5498046875,7363.2001953125,7489.7001953125,171500,7419.53994140625,7446.07744140625,-0.013599777854234385,0.010751535128595812,51.83776750854769,0
2016-02-09,7298.2001953125,7323.4501953125,7275.14990234375,7303.9501953125,212100,7388.07001953125,7432.794946289063,-0.012054527014450533,0.011309656137233413,43.09423890591972,0
2016-02-10,7215.7001953125,7271.85009765625,7177.75,7264.2998046875,246900,7358.85009765625,7418.064965820313,-0.011304156886925099,0.011661267572414211,45.062792973780454,0
2016-02-11,6976.35009765625,7208.64990234375,6959.9501953125,7203.60009765625,292300,7273.3201171875,7388.762475585938,-0.03317073758299127,0.015041175370141888,36.990708811977015,1
2016-02-12,6980.9501953125,7034.7998046875,6869.0,7023.64990234375,333900,7171.69013671875,7360.969995117188,0.0006593845767279838,0.01262092219240959,28.223344434500376,1
2016-02-15,7162.9501953125,7182.7998046875,7056.7998046875,7057.35009765625,354200,7126.83017578125,7347.227514648437,0.02607094949942601,0.01655750797364046,38.44333357981475,0
2016-02-16,7048.25,7204.64990234375,7037.7001953125,7201.25,253800,7076.84013671875,7332.090014648437,-0.016012982386442,0.016726922022638948,34.962557957687594,1
2016-02-17,7108.4501953125,7123.7001953125,6960.64990234375,7058.85009765625,260000,7055.39013671875,7315.75751953125,0.008541154940942874,0.01706072397698311,38.220848383692385,1
2016-02-18,7191.75,7215.10009765625,7127.85009765625,7177.39990234375,246700,7098.4701171875,7309.880029296875,0.011718419964794835,0.017514353495633177,35.551078992530435,1
2016-02-19,7210.75,7226.85009765625,7145.9501953125,7170.5498046875,192300,7144.430078125,7306.5775390625,0.0026419160844022294,0.016927439837728594,36.702621895297234,1
2016-02-22,7234.5498046875,7252.39990234375,7200.7001953125,7208.85009765625,154400,7158.75,7297.18251953125,0.0033006004489823937,0.016665431520909286,40.95300764203487,0
2016-02-23,7109.5498046875,7241.7001953125,7090.7001953125,7240.2998046875,194400,7171.0099609375,7280.852514648437,-0.017278200216274464,0.017093332525083917,39.93134868723659,0
2016-02-24,7018.7001953125,7090.7998046875,7009.75,7075.0,199700,7153.0599609375,7259.9000244140625,-0.012778531956425754,0.017183987591237633,35.19557893962693,0
2016-02-25,6970.60009765625,7034.2001953125,6961.39990234375,7029.85009765625,283100,7108.82998046875,7237.197534179688,-0.006853134671341854,0.013636078395913864,29.494578814391303,1
2016-02-26,7029.75,7052.89990234375,6985.10009765625,7039.2998046875,206700,7072.62998046875,7210.507543945312,0.008485625558068977,0.013900098981322261,35.367546074163144,0
2016-02-29,6987.0498046875,7094.60009765625,6825.7998046875,7050.4501953125,473400,7023.12998046875,7182.062524414063,-0.006074212498666354,0.010766006140654219,36.76237436183791,1
2016-03-01,7222.2998046875,7235.5,7035.10009765625,7038.25,275100,7045.67998046875,7170.4000244140625,0.03366943224623564,0.014587255523503454,50.24847926863704,1
2016-03-02,7368.85009765625,7380.35009765625,7308.14990234375,7321.7001953125,338500,7115.7099609375,7170.7525390625,0.020291361052837242,0.01556508102006631,65.88811277271128,1
2016-03-03,7475.60009765625,7483.9501953125,7406.0498046875,7429.5498046875,278600,7216.7099609375,7174.332543945313,0.014486656477644022,0.01574684468892798,68.49365783913427,1
2016-03-04,7485.35009765625,7505.89990234375,7444.10009765625,7505.39990234375,281700,7307.82998046875,7174.145043945313,0.0013042431206367056,0.01576523182723329,63.83571690502383,0
2016-03-08,7485.2998046875,7527.14990234375,7442.14990234375,7486.39990234375,257000,7407.47998046875,7179.047534179687,-6.71885323921817e-06,0.015812783254807193,70.80297603055237,1
2016-03-09,7531.7998046875,7539.0,7424.2998046875,7436.10009765625,245100,7469.37998046875,7190.727514648437,0.006212176026787919,0.01402252701354704,70.417150198939,0
2016-03-10,7486.14990234375,7547.10009765625,7447.39990234375,7545.35009765625,224700,7492.83994140625,7204.25,-0.006060955352974129,0.013164342290854298,64.73325360663918,1
2016-03-11,7510.2001953125,7543.9501953125,7460.60009765625,7484.85009765625,198700,7499.7599609375,7230.9425048828125,0.0032126384433233124,0.012387954761408748,64.91062484804279,1
2016-03-14,7538.75,7583.7001953125,7515.0498046875,7542.60009765625,166900,7510.43994140625,7258.832495117187,0.0038014705260878134,0.012437192086726412,65.07582899854228,0
2016-03-15,7460.60009765625,7545.2001953125,7452.7998046875,7535.85009765625,193700,7505.5,7273.714990234375,-0.010366427105786724,0.013002935168298283,68.24490338677923,1
2016-03-16,7498.75,7508.0,7405.14990234375,7457.0498046875,195400,7498.8900390625,7296.239990234375,0.005113516586384925,0.008898842150435524,76.39519961339168,1
2016-03-17,7512.5498046875,7585.2998046875,7479.39990234375,7557.39990234375,239600,7504.17001953125,7316.444970703125,0.0018402806717785491,0.00675352888424161,80.96677478917228,1
2016-03-18,7604.35009765625,7613.60009765625,7517.89990234375,7534.64990234375,237400,7523.0,7337.074975585938,0.012219591930221929,0.006309524530725272,81.65140822530314,1
2016-03-21,7704.25,7713.5498046875,7617.7001953125,7619.2001953125,196800,7556.1,7361.749975585937,0.013137204502793765,0.007259503193996447,87.1644680777849,1
2016-03-22,7714.89990234375,7728.2001953125,7643.7998046875,7695.5498046875,208900,7606.9599609375,7385.76748046875,0.001382341219943628,0.007210611406618439,83.27028925524442,1
2016-03-23,7716.5,7726.85009765625,7670.60009765625,7717.4501953125,199600,7650.5099609375,7416.114990234375,0.00020740355370829633,0.0071678426705607074,79.19709795231108,0
2016-03-28,7615.10009765625,7749.39990234375,7587.7001953125,7741.0,242400,7671.02001953125,7445.934985351562,-0.013140659929210097,0.008353332641912866,61.82203389830509,0
2016-03-29,7597.0,7652.89990234375,7582.25,7606.5498046875,216800,7669.55,7477.25498046875,-0.0023768693023248355,0.008430549035920536,59.32981399861762,1
2016-03-30,7735.2001953125,7741.9501953125,7643.4501953125,7651.10009765625,232600,7675.7400390625,7512.527490234375,0.01819141704784788,0.010007914533808783,66.96540330108621,1
2016-03-31,7738.39990234375,7777.60009765625,7702.0,7727.64990234375,380100,7680.4400390625,7550.094995117188,0.00041365536126503066,0.008981511964924907,64.90191755425369,0
2016-04-01,7713.0498046875,7740.14990234375,7666.10009765625,7718.0498046875,183900,7679.75,7574.632495117187,-0.0032758836421172832,0.00922324600165491,66.8598554965935,1
2016-04-04,7758.7998046875,7764.4501953125,7704.39990234375,7733.14990234375,155500,7708.48994140625,7594.12998046875,0.005931505845093277,0.009263645503586932,67.89517342218848,0
2016-04-05,7603.2001953125,7736.2998046875,7588.64990234375,7736.2998046875,203800,7709.72998046875,7600.509985351562,-0.02005459778469787,0.011215312170613235,53.92200092943762,1
2016-04-06,7614.35009765625,7638.64990234375,7591.75,7636.0498046875,165600,7685.5599609375,7606.959985351563,0.0014664749128432408,0.010268412916294354,60.18684949162807,0
2016-04-07,7546.4501953125,7630.75,7535.85009765625,7630.39990234375,234400,7647.17001953125,7610.017504882812,-0.00891736017820488,0.01050279184446359,53.04055526160167,1
2016-04-08,7555.2001953125,7569.35009765625,7526.7001953125,7542.35009765625,143400,7615.60009765625,7611.187524414063,0.0011594855559287076,0.010530869344811476,52.736281003541116,1
2016-04-11,7671.39990234375,7678.7998046875,7516.85009765625,7577.7998046875,179800,7598.1201171875,7620.450024414063,0.015380096361092388,0.011046073308857748,54.17106601266768,1
2016-04-12,7708.9501953125,7717.39990234375,7663.35009765625,7669.25,163400,7619.2701171875,7630.387524414063,0.004894842329530746,0.01105364918316155,50.31698132095527,1
2016-04-13,7850.4501953125,7864.7998046875,7772.2001953125,7777.14990234375,220400,7666.49013671875,7645.9725341796875,0.018355287868643932,0.011081199633862495,57.77015585263275,1
2016-04-18,7914.7001953125,7920.60009765625,7842.75,7908.14990234375,184600,7740.14013671875,7668.6775390625,0.008184244011682829,0.01126473477295612,60.60008126709821,1
2016-04-20,7914.75,7950.39990234375,7877.5498046875,7950.0498046875,205300,7812.05009765625,7689.4775390625,6.292681500319475e-06,0.011130838701344587,67.97433555795206,0
2016-04-21,7912.0498046875,7978.4501953125,7884.10009765625,7953.64990234375,223700,7860.180078125,7709.4525390625,-0.0003411598992387743,0.011101484734310024,69.25380616745346,0
2016-04-22,7899.2998046875,7923.35009765625,7873.35009765625,7891.7998046875,183300,7898.25,7724.200024414063,-0.0016114660947212922,0.008173917467703738,61.844939689056055,0
2016-04-25,7855.0498046875,7911.0,7827.0,7894.7998046875,146300,7899.169921875,7731.740014648438,-0.005601762319964343,0.008692803167076633,57.94889130968597,1
2016-04-26,7962.64990234375,7974.5,7822.5498046875,7828.14990234375,202400,7908.75986328125,7744.127514648438,0.013698206928241197,0.008127744626313953,65.29413278266026,1
2016-04-27,7979.89990234375,7991.0,7940.5498046875,7942.0,206800,7921.78984375,7757.297509765625,0.0021663642394880167,0.008075272043848671,64.03811014267743,0
2016-04-28,7847.25,7992.0,7834.4501953125,7967.39990234375,292500,7908.8298828125,7768.905004882812,-0.016623003291656557,0.009872067414324994,65.96036014862709,1
2016-04-29,7849.7998046875,7889.0498046875,7788.7001953125,7844.25,243700,7898.9298828125,7781.544995117188,0.00032492971263820003,0.009844996306716019,65.57310657318085,0
2016-05-02,7805.89990234375,7829.7998046875,7777.2998046875,7822.7001953125,146300,7889.09990234375,7785.07998046875,-0.005592486870497626,0.008152774166585707,67.72319221791648,0
2016-05-03,7747.0,7890.25,7735.14990234375,7824.7998046875,186500,7845.969921875,7785.509985351562,-0.0075455620851691,0.0077921918625001,62.26185273515052,0
2016-05-04,7706.5498046875,7749.0,7697.25,7724.14990234375,199700,7791.29990234375,7785.184985351562,-0.0052214012278947175,0.00780963072839097,52.48813601501447,1
2016-05-05,7735.5,7777.5498046875,7706.85009765625,7731.0,185100,7768.94990234375,7784.019995117187,0.003756570196288278,0.008047236501153463,51.902529895198846,0
2016-05-06,7733.4501953125,7738.89990234375,7678.35009765625,7717.64990234375,163600,7745.67998046875,7790.532495117188,-0.00026498670900398924,0.008069875123069475,39.52175882763482,1
2016-05-09,7866.0498046875,7873.64990234375,7753.5498046875,7755.25,160600,7757.7099609375,7803.11748046875,0.01714624210748439,0.009955866905418121,46.11821302842966,1
2016-05-10,7887.7998046875,7896.89990234375,7837.7001953125,7873.5498046875,162000,7785.869921875,7820.1849609375,0.002765047328716186,0.008845330510335488,47.92163094395325,0
2016-05-11,7848.85009765625,7893.10009765625,7780.89990234375,7804.64990234375,214100,7814.32998046875,7834.867456054688,-0.00493796850778383,0.00885618960388563,45.384181407487134,1
2016-05-12,7900.39990234375,7916.0498046875,7849.64990234375,7871.4501953125,152700,7847.3099609375,7846.317456054688,0.006567816182767139,0.007408879292254027,50.07603672172044,0
2016-05-13,7814.89990234375,7881.0,7784.2001953125,7881.0,179500,7863.59990234375,7851.61494140625,-0.010822236982540034,0.008261118793194215,47.37461853472635,1
2016-05-16,7860.75,7873.89990234375,7772.14990234375,7831.2001953125,205200,7862.53994140625,7852.129931640625,0.005867010227795566,0.008257909741896165,42.751454113371175,1
2016-05-17,7890.75,7940.10009765625,7879.7001953125,7896.85009765625,183400,7863.12998046875,7850.932421875,0.003816429729987636,0.0077591907155249214,43.771394105955785,0
2016-05-18,7870.14990234375,7882.0498046875,7810.75,7846.75,156400,7867.38994140625,7848.702416992188,-0.002610664088489645,0.007534856017818024,51.89694629626484,0
2016-05-19,7783.39990234375,7876.2001953125,7766.7998046875,7875.5,170400,7843.98994140625,7842.269921875,-0.011022661712474568,0.008559732760828732,45.17301771316891,0
2016-05-20,7749.7001953125,7812.39990234375,7735.75,7792.2001953125,157000,7830.95,7834.78994140625,-0.0043296897826234915,0.008703335421661731,45.853026864871445,0
2016-05-23,7731.0498046875,7820.60009765625,7722.2001953125,7813.9501953125,172000,7805.0099609375,7828.58994140625,-0.0024065951139995434,0.006366913672675463,48.74870910110535,1
2016-05-24,7748.85009765625,7761.5498046875,7715.7998046875,7738.0498046875,147000,7776.62998046875,7817.899951171875,0.002302441895789764,0.0063323621906352864,53.44072825193323,1
2016-05-25,7934.89990234375,7941.2001953125,7809.2998046875,7811.7998046875,176200,7789.57998046875,7815.649951171875,0.024009988881288802,0.010170466237972648,62.91785948141423,1
2016-05-26,8069.64990234375,8083.0,7948.5,7974.4501953125,264300,7846.82998046875,7826.769946289062,0.016981940750153468,0.011262842568889712,68.5848473479215,1
2016-05-27,8156.64990234375,8164.2001953125,8077.0498046875,8081.9501953125,260900,7928.219921875,7842.112451171875,0.010781136858828422,0.010540799374070176,66.91699445204651,1
2016-05-30,8178.5,8200.0,8150.7998046875,8166.5,247400,8017.7099609375,7860.742456054688,0.0026788078338353394,0.010537660503471909,66.92084955253202,0
2016-05-31,8160.10009765625,8213.599609375,8134.2998046875,8209.849609375,471000,8099.9599609375,7881.3974609375,-0.0022497893677019265,0.010723654506443619,68.56103091991014,1
2016-06-01,8179.9501953125,8215.349609375,8171.0498046875,8179.2001953125,194400,8148.97001953125,7905.06748046875,0.0024325801667495206,0.010525625860648076,67.3256971659429,1
2016-06-02,8218.9501953125,8229.5,8154.75,8156.89990234375,181700,8178.830078125,7929.239990234375,0.00476775519028827,0.009126700707781035,76.57349776139006,1
2016-06-03,8220.7998046875,8262.0,8209.849609375,8246.2001953125,379000,8191.66005859375,7953.607470703125,0.00022504204686080165,0.008684765964021941,75.13436681937173,0
2016-06-06,8201.0498046875,8234.7001953125,8186.0498046875,8228.75,171600,8196.17001953125,7970.357470703125,-0.002402442641741276,0.008684321976670543,71.97590684755666,1
2016-06-07,8266.4501953125,8294.9501953125,8216.400390625,8235.5498046875,241900,8217.4400390625,7989.289990234375,0.007974636440766236,0.008604281710124234,76.39185790682988,1
2016-06-08,8273.0498046875,8288.900390625,8252.0498046875,8285.5,174300,8236.0599609375,8010.499975585937,0.0007983607496653278,0.006139678367395044,86.5056269025425,0
2016-06-09,8203.599609375,8273.349609375,8184.60009765625,8273.349609375,174900,8232.98984375,8025.6599609375,-0.0083947512649023,0.005477754939616127,82.12763045479807,0
2016-06-10,8170.0498046875,8265.599609375,8162.85009765625,8180.25,182200,8222.83984375,8043.417456054687,-0.004089644337244347,0.00468846298847058,80.43117419047374,0
2016-06-13,8110.60009765625,8125.25,8063.89990234375,8102.25,169700,8204.74990234375,8055.9099609375,-0.007276541569812833,0.005133353686659799,73.70734454598981,0
2016-06-14,8108.85009765625,8134.9501953125,8069.5,8134.39990234375,145500,8173.2298828125,8066.814965820313,-0.00021576701833758705,0.005110718304848357,65.03070694319511,1
2016-06-15,8206.599609375,8213.2001953125,8123.14990234375,8139.39990234375,169800,8159.93984375,8083.637451171875,0.012054669964487674,0.0064730940901482695,62.64192547171768,0
2016-06-16,8140.75,8180.64990234375,8074.4501953125,8180.64990234375,189200,8147.369921875,8101.504956054688,-0.008023982222768011,0.006759376668895657,48.472627560903994,1
2016-06-17,8170.2001953125,8195.25,8135.7998046875,8176.64990234375,166600,8147.4,8122.529956054687,0.003617626792678852,0.0069075851342537435,49.214180441701046,1
2016-06-20,8238.5,8244.150390625,8107.35009765625,8115.75,168600,8172.97998046875,8147.9024658203125,0.008359624373303065,0.00741459293849768,56.78201566052034,0
2016-06-21,8219.900390625,8257.25,8202.150390625,8255.400390625,137000,8195.1900390625,8171.45498046875,-0.002257645126540031,0.006957406311577689,53.46340100577389,0
2016-06-22,8203.7001953125,8238.349609375,8153.25,8213.650390625,136100,8194.61015625,8184.894995117187,-0.0019708505629796313,0.006953202770270624,48.62351761061837,1
2016-06-23,8270.4501953125,8285.599609375,8188.2998046875,8201.150390625,154100,8220.5501953125,8194.935009765624,0.008136572328440339,0.0069172013295672,54.011513316216956,0
2016-06-24,8088.60009765625,8100.7001953125,7927.0498046875,8029.10009765625,297600,8204.23017578125,8191.53251953125,-0.021987932139331257,0.009973137568873105,42.80044242060845,1
2016-06-27,8094.7001953125,8120.64990234375,8039.35009765625,8039.35009765625,162500,8175.47021484375,8187.342529296875,0.0007541598771854119,0.009727990699459545,38.10016130603761,1
2016-06-28,8127.85009765625,8146.35009765625,8086.85009765625,8096.0498046875,170400,8157.06015625,8185.730029296875,0.004095260052119798,0.009820005340307327,40.296715222954084,1
2016-06-29,8204.0,8212.400390625,8157.64990234375,8173.10009765625,147000,8157.1201171875,8186.93251953125,0.009369009200318468,0.009493427073323357,50.02651950283047,1
2016-06-30,8287.75,8308.150390625,8242.099609375,8260.25,279400,8160.580078125,8190.372509765625,0.010208434909800168,0.009529936837246147,57.30967551772699,1
2016-07-01,8328.349609375,8356.75,8308.650390625,8313.0498046875,165500,8208.52998046875,8195.75,0.00489874928358125,0.009565148162285592,63.847371535991286,1
2016-07-04,8370.7001953125,8398.4501953125,8364.7001953125,8376.75,154200,8263.72998046875,8204.23251953125,0.005085111447510116,0.00937592037000547,65.8342127345964,0
2016-07-05,8335.9501953125,8381.4501953125,8319.9501953125,8379.2998046875,139000,8305.35,8207.70751953125,-0.0041513850919495665,0.009481764021191762,58.46701918479331,1
2016-07-07,8337.900390625,8361.9501953125,8317.7001953125,8342.0,155500,8332.130078125,8210.950048828125,0.00023394997172565546,0.009418969090840442,64.08317277038407,0
2016-07-08,8323.2001953125,8353.2998046875,8287.5498046875,8350.0,137900,8339.2201171875,8216.930078125,-0.0017630571995113087,0.009180334607613121,61.164620285186956,1
2016-07-11,8467.900390625,8475.25,8407.0498046875,8413.349609375,149800,8367.1302734375,8231.822607421875,0.017385163388715874,0.006404551557410817,65.06041321794791,1
2016-07-12,8521.0498046875,8526.599609375,8479.2001953125,8502.599609375,183600,8397.2001953125,8252.345092773438,0.006276575256050743,0.006271698195414951,68.91284722137041,0
2016-07-13,8519.5,8550.25,8493.5498046875,8540.4501953125,195500,8433.91015625,8272.877587890625,-0.00018187954806314632,0.006494551072456178,70.20472198896353,1
2016-07-14,8565.0,8571.400390625,8500.7001953125,8515.75,153900,8479.330078125,8290.797607421875,0.005340689007570898,0.006297190043374732,69.37190428724104,0
2016-07-15,8541.400390625,8594.7998046875,8510.0498046875,8565.4501953125,221700,8522.9701171875,8310.830126953126,-0.0027553542761237226,0.006287691385352725,87.60802825869195,0
2016-07-18,8508.7001953125,8587.099609375,8494.349609375,8564.0498046875,164300,8531.130078125,8327.755126953125,-0.003828434895569499,0.006598524823671913,82.93034181262293,1
2016-07-19,8528.5498046875,8540.0498046875,8476.7001953125,8514.2998046875,167900,8532.630078125,8342.2576171875,0.0023328603569714446,0.006520085721283785,82.56136455437641,1
2016-07-20,8565.849609375,8569.900390625,8512.5498046875,8515.4501953125,160300,8541.9,8359.555078125,0.004373522526303297,0.006191610308859855,81.38607856557184,0
2016-07-21,8510.099609375,8585.25,8503.4501953125,8582.7001953125,150000,8530.919921875,8374.875048828126,-0.006508402848794281,0.006829267127865054,70.2707563228706,1
2016-07-22,8541.2001953125,8548.9501953125,8489.7998046875,8519.650390625,143200,8530.8798828125,8388.412548828124,0.003654550165692383,0.006705421634958295,69.74677695534396,1
2016-07-25,8635.650390625,8641.150390625,8517.2001953125,8519.9501953125,150000,8556.269921875,8415.765063476563,0.011058187743255843,0.005309466609997271,72.4135253248738,0
2016-07-26,8590.650390625,8644.900390625,8577.150390625,8633.75,154800,8568.6900390625,8440.562573242187,-0.005210956669673972,0.00551442850932668,71.17913504436191,1
2016-07-27,8615.7998046875,8665.0,8572.0498046875,8599.400390625,184100,8578.680078125,8464.96005859375,0.0029275331807177007,0.005538801308742993,72.2497877204697,1
2016-07-28,8666.2998046875,8674.7001953125,8625.25,8636.9501953125,233500,8609.9201171875,8488.075048828125,0.005861324676151858,0.005584945415551562,75.98063140209362,0
2016-07-29,8638.5,8670.349609375,8631.150390625,8668.2998046875,157000,8629.380078125,8505.612548828125,-0.003207805558776422,0.005622172147141036,65.69746962835167,0
2016-08-01,8636.5498046875,8711.2998046875,8590.5,8654.2998046875,188400,8629.5599609375,8521.02255859375,-0.00022575624385023918,0.00537818279533542,61.73305397490537,0
2016-08-02,8622.900390625,8687.2001953125,8611.400390625,8647.4501953125,169400,8636.0099609375,8533.632568359375,-0.001580424402241265,0.005453141000927046,60.251896778091485,0
2016-08-03,8544.849609375,8635.4501953125,8529.599609375,8635.2001953125,163000,8621.819921875,8544.0775390625,-0.009051569392458547,0.00616735568253787,48.12327416532359,1
2016-08-04,8551.099609375,8601.400390625,8518.150390625,8599.9501953125,164700,8598.7798828125,8554.7375,0.0007314347572768831,0.005759695416324325,50.93351479788257,1
2016-08-05,8683.150390625,8689.400390625,8590.150390625,8600.2001953125,157900,8607.7099609375,8572.735009765625,0.015442549763450941,0.007439401464791249,64.09469420217357,1
2016-08-08,8711.349609375,8723.5,8697.599609375,8712.849609375,172600,8622.669921875,8584.907470703125,0.0032475792173825013,0.006719969545440813,64.57268397344971,0
2016-08-09,8678.25,8728.349609375,8638.2001953125,8727.7998046875,200100,8633.73984375,8592.76748046875,-0.003799596028080332,0.006591103341305974,59.020898123996794,0
2016-08-10,8575.2998046875,8690.099609375,8564.599609375,8686.7001953125,173600,8639.8298828125,8595.557470703125,-0.011863013316336768,0.0076874416814778765,54.8642327895845,1
2016-08-11,8592.150390625,8601.150390625,8540.0498046875,8572.7998046875,189200,8648.0400390625,8596.914990234374,0.00196501420606765,0.007426639970797874,53.88369388991696,1
2016-08-16,8642.5498046875,8682.349609375,8600.4501953125,8670.25,224800,8639.919921875,8601.9724609375,0.0058657509204553815,0.007655183270120293,50.563770278573536,0
2016-08-17,8624.0498046875,8667.099609375,8603.599609375,8639.7998046875,174100,8622.4599609375,8607.73994140625,-0.0021405719860551065,0.0076873722286951085,52.85270306564862,1
2016-08-18,8673.25,8690.7001953125,8645.0498046875,8648.849609375,164300,8621.4599609375,8614.974951171875,0.0057049989769026865,0.007876309526792854,54.71328057274983,0
2016-08-19,8666.900390625,8696.599609375,8647.099609375,8694.2998046875,191900,8639.780078125,8620.027490234375,-0.0007320911278931863,0.007148083592520964,50.053121010525736,0
2016-08-22,8629.150390625,8684.849609375,8614.0,8667.0,152300,8647.180078125,8625.980029296876,-0.0043556517669032235,0.007381493380287645,49.18734381790526,1
2016-08-23,8632.599609375,8642.150390625,8580.0,8628.349609375,187500,8645.1900390625,8630.55,0.0003997170745508871,0.005349160107093191,49.657546423836465,1
2016-08-24,8650.2998046875,8661.0498046875,8620.900390625,8648.5,149600,8650.4400390625,8631.282470703125,0.0020503899304304962,0.0052669720148920286,52.35876577792947,0
2016-08-25,8592.2001953125,8683.0498046875,8583.650390625,8668.849609375,213100,8634.230078125,8631.3599609375,-0.006716485056797228,0.005532370503540831,54.22133381158924,0
2016-08-26,8572.5498046875,8622.9501953125,8547.5498046875,8614.349609375,147500,8615.3599609375,8629.1974609375,-0.0022870033493540554,0.004077096139272997,51.86767364305622,1
2016-08-29,8607.4501953125,8622.0,8543.75,8583.75,129700,8611.019921875,8626.25498046875,0.004071179686342186,0.0042423478960265755,42.066609490552636,1
2016-08-30,8744.349609375,8750.599609375,8642.25,8646.75,150200,8633.369921875,8631.5474609375,0.015904758198549196,0.006383301085104977,52.81666661109796,1
2016-08-31,8786.2001953125,8819.2001953125,8754.0498046875,8754.0498046875,362200,8660.55,8639.02998046875,0.00478601471887985,0.0063575038645676965,59.078313915958596,0
2016-09-01,8774.650390625,8813.25,8759.9501953125,8793.599609375,238900,8697.0400390625,8646.61748046875,-0.0013145392127147382,0.006275561325782582,69.8102770634189,1
2016-09-02,8809.650390625,8824.099609375,8768.2001953125,8796.349609375,191500,8744.46015625,8659.85751953125,0.0039887629069979,0.006293228299859926,70.86135516382234,1
2016-09-06,8943.0,8950.849609375,8848.4501953125,8852.7001953125,195600,8811.5701171875,8679.4525390625,0.015136765190694401,0.007181505839807704,74.86145476936602,0
2016-09-07,8917.9501953125,8968.7001953125,8913.349609375,8968.7001953125,290100,8846.290234375,8691.192529296875,-0.002801051625573092,0.007407848058280335,74.05868979212033,1
2016-09-08,8952.5,8960.349609375,8896.0,8915.5,217200,8879.5501953125,8703.250048828126,0.0038741867728371293,0.007396602484790487,73.42118023248194,0
2016-09-09,8866.7001953125,8939.150390625,8858.7001953125,8934.2998046875,175900,8897.96015625,8712.67255859375,-0.009583893290980194,0.007875221898160435,64.78687159680433,0
2016-09-12,8715.599609375,8746.9501953125,8699.400390625,8732.9501953125,184500,8879.15,8719.687548828126,-0.017041355026008564,0.010084888712100724,55.47875685123112,1
2016-09-14,8726.599609375,8739.849609375,8688.900390625,8710.650390625,184300,8835.869921875,8726.410009765625,0.0012621047883116798,0.010050631232879302,55.90081607030759,1
2016-09-15,8742.5498046875,8751.9501953125,8704.349609375,8743.849609375,145400,8800.78984375,8731.410009765625,0.001827767518446155,0.008690426864540904,55.80371185907518,1
2016-09-16,8779.849609375,8847.650390625,8750.5,8780.849609375,265800,8766.259765625,8739.2,0.004266467508998506,0.008660225106763097,62.12283524179048,1
2016-09-19,8808.400390625,8824.2998046875,8774.2001953125,8788.4501953125,131700,8754.5998046875,8745.95751953125,0.003251853109136782,0.00870573404196704,65.06357599867272,0
2016-09-20,8775.900390625,8816.4501953125,8759.2998046875,8816.099609375,136500,8766.6599609375,8751.40751953125,-0.0036896597064991488,0.008694426178645114,60.79186066735821,1
2016-09-21,8777.150390625,8826.849609375,8757.2998046875,8790.2998046875,148800,8776.7701171875,8758.80751953125,0.0001424355273373923,0.006817188861502451,52.54348181669484,1
2016-09-22,8867.4501953125,8893.349609375,8837.7998046875,8873.349609375,172800,8801.7501953125,8770.550048828125,0.010288054854791007,0.007799848994713921,55.86007933645871,0
2016-09-23,8831.5498046875,8885.2001953125,8820.2998046875,8880.75,185900,8812.090234375,8779.612548828125,-0.00404855847332275,0.0077034156804562815,53.964560172994034,0
2016-09-26,8723.0498046875,8809.5498046875,8715.099609375,8807.900390625,164000,8795.0201171875,8786.155029296875,-0.012285499419638857,0.008063887075770397,44.52657554065181,0
2016-09-27,8706.400390625,8768.5,8690.5,8748.900390625,151400,8781.1201171875,8792.84755859375,-0.0019086689214536934,0.006000706937811034,32.45852073456456,1
2016-09-28,8745.150390625,8767.0498046875,8703.150390625,8711.2001953125,165500,8774.7201171875,8799.732568359375,0.004450748674702076,0.0061630241884299,37.44371039503842,0
2016-09-29,8591.25,8800.650390625,8558.25,8792.7001953125,372900,8719.480078125,8792.077587890624,-0.0175983698107679,0.008295826096427627,27.630226285935436,1
2016-09-30,8611.150390625,8637.150390625,8555.2001953125,8581.5,181700,8675.4001953125,8783.32509765625,0.002316355667103087,0.00816147787990697,32.769253663335306,1
2016-10-03,8738.099609375,8745.2001953125,8635.0,8666.150390625,137300,8678.41015625,8781.49755859375,0.014742422671912614,0.009643072757710789,51.56816195628204,1
2016-10-04,8769.150390625,8783.650390625,8736.099609375,8770.0,184300,8690.96015625,8779.47255859375,0.0035534936242527237,0.009670477687077034,52.88498973713832,0
2016-10-05,8743.9501953125,8806.9501953125,8731.400390625,8806.349609375,157200,8690.7201171875,8769.520068359376,-0.0028737328235858284,0.009711287237229735,50.093771824509375,0
2016-10-06,8709.5498046875,8781.150390625,8684.650390625,8768.7001953125,163600,8714.380078125,8759.100048828124,-0.003934193340149772,0.008997656730015012,45.27429157372189,0
2016-10-07,8697.599609375,8723.7001953125,8663.7998046875,8721.7001953125,150400,8731.669921875,8746.355029296876,-0.0013720795655899343,0.008961706032610666,42.38169673432225,1
2016-10-10,8708.7998046875,8745.7998046875,8703.9501953125,8735.349609375,108400,8725.8099609375,8738.460009765626,0.0012877340663539627,0.008134871162488263,45.24716985569481,0
2016-10-13,8573.349609375,8681.5498046875,8541.349609375,8671.5,212300,8686.6498046875,8731.347509765625,-0.015553256286772621,0.009496091726122055,37.87046767038955,1
2016-10-14,8583.400390625,8604.4501953125,8549.7998046875,8594.0,162800,8654.53984375,8724.187548828126,0.0011723284023095193,0.009322907787667829,31.308886258512842,0
2016-10-17,8520.400390625,8615.400390625,8506.150390625,8612.9501953125,197400,8616.7099609375,8713.080078125,-0.007339748483457642,0.007841186749337321,30.230728470575386,1
2016-10-18,8677.900390625,8685.099609375,8555.900390625,8556.0498046875,216600,8612.7701171875,8707.9826171875,0.01848504680288232,0.009941041602080303,47.29952162053235,0
2016-10-19,8659.099609375,8698.75,8636.7001953125,8697.5,172100,8602.830078125,8700.517578125,-0.002166512682066579,0.008665415309941407,47.178106262045304,1
2016-10-20,8699.400390625,8727.0,8678.2998046875,8693.349609375,161000,8628.040234375,8696.692578125,0.004654153788272275,0.008734615963462823,47.2756645103663,0
2016-10-21,8693.0498046875,8709.099609375,8652.0498046875,8708.599609375,157300,8649.9701171875,8692.487548828125,-0.0007300027188475999,0.00870333512792538,57.354366705939626,1
2016-10-24,8708.9501953125,8736.9501953125,8684.150390625,8709.849609375,157100,8687.680078125,8684.562548828126,0.0018290923188344355,0.008644935260856246,57.10646462840202,0
2016-10-25,8691.2998046875,8722.650390625,8663.4501953125,8721.7001953125,189800,8690.3599609375,8677.550048828125,-0.0020266955521803798,0.008659170577415673,45.95720916421038,0
2016-10-26,8615.25,8657.2998046875,8596.599609375,8657.2998046875,219300,8681.5900390625,8672.16005859375,-0.008750107164233856,0.009060799268092673,37.66437687076534,0
2016-10-27,8615.25,8624.849609375,8550.25,8607.099609375,242800,8664.7599609375,8667.6025390625,0.0,0.007492361390625857,39.24998083106705,1
2016-10-28,8638.0,8653.75,8581.75,8625.0,175500,8653.75,8662.24501953125,0.0026406662604103737,0.007521056952454996,43.90499150640305,0
2016-11-01,8626.25,8669.599609375,8614.5,8653.150390625,165000,8637.2099609375,8663.99501953125,-0.0013602685806899384,0.0070365054659169675,43.919971506367794,0
2016-11-02,8514.0,8549.5,8504.849609375,8542.7998046875,155300,8601.75,8659.1375,-0.013012606868569754,0.0053046247271430055,35.8389972611531,0
2016-11-03,8484.9501953125,8537.650390625,8476.150390625,8499.849609375,170500,8575.6900390625,8646.480029296876,-0.003412004309079175,0.005326357460437173,42.3977546245362,0
2016-11-04,8433.75,8504.0,8400.25,8503.599609375,224800,8539.3900390625,8629.710009765626,-0.00603423639902867,0.004893819708880686,37.980906486963015,1
2016-11-07,8497.0498046875,8535.849609375,8481.4501953125,8535.75,172800,8511.2,8617.364990234375,0.007505534867348507,0.005919707217627315,48.125512503116184,1
2016-11-08,8543.5498046875,8559.400390625,8480.099609375,8540.0,195700,8494.6599609375,8609.064990234376,0.005472487636161372,0.006299424023992047,36.87604576666025,0
2016-11-09,8432.0,8476.2001953125,8002.25,8067.5,314300,8478.2599609375,8595.785009765625,-0.013056610804363489,0.007222518236800196,31.219068601480842,1
2016-11-10,8525.75,8598.4501953125,8510.7001953125,8555.599609375,263100,8486.419921875,8586.63251953125,0.011118358633776193,0.008139751875822221,36.80569983557025,0
2016-11-11,8296.2998046875,8460.599609375,8284.9501953125,8456.650390625,266900,8458.9298828125,8572.780029296875,-0.026912611243878892,0.011516115069475847,27.486816993942142,0
2016-11-15,8108.4501953125,8288.5498046875,8093.2001953125,8284.849609375,359200,8381.2099609375,8549.03251953125,-0.022642577269069153,0.012684293619691289,21.488926847271912,1
2016-11-16,8111.60009765625,8210.0498046875,8089.39990234375,8205.650390625,269500,8294.82001953125,8528.592504882812,0.0003884715658204474,0.012770703854928945,22.092230040558505,0
2016-11-17,8079.9501953125,8151.25,8060.2998046875,8105.10009765625,191300,8224.41005859375,8498.694995117188,-0.003901807530291679,0.012542418663198709,23.078846040508424,0
2016-11-18,8074.10009765625,8128.9501953125,8048.2998046875,8097.5498046875,161200,8134.080078125,8469.44501953125,-0.000724026450019899,0.012612353031833822,22.9438391954303,0
2016-11-21,7929.10009765625,8102.4501953125,7916.39990234375,8102.10009765625,218800,8060.64013671875,8430.930004882812,-0.017958657713704862,0.013279783496907656,18.41752053214553,1
2016-11-22,8002.2998046875,8019.0498046875,7938.14990234375,7989.14990234375,210200,8039.41005859375,8396.392504882813,0.009231779915716665,0.013485503022979024,23.645165361969845,1
2016-11-23,8033.2998046875,8055.2001953125,7973.10009765625,8051.2001953125,181000,8023.75,8362.609985351562,0.0038738863522509437,0.013344469045036063,28.199518317317114,0
2016-11-24,7965.5,8024.85009765625,7952.5498046875,8011.7998046875,260500,8000.8599609375,8326.319995117188,-0.008439844937436325,0.013153953229003871,27.24203111482673,1
2016-11-25,8114.2998046875,8122.25,7976.75,8007.9501953125,177900,8008.89990234375,8301.272485351563,0.018680535394827613,0.014381742804596271,37.10697227847492,1
2016-11-28,8126.89990234375,8146.5,8066.5,8080.64990234375,189700,8048.45986328125,8276.85498046875,0.001552826240037497,0.012175468525577384,34.42325308250548,1
2016-11-29,8142.14990234375,8197.349609375,8128.7001953125,8131.5498046875,189700,8076.4298828125,8252.062475585937,0.0018764842908427504,0.009790436945593527,32.65190271169601,1
2016-11-30,8224.5,8234.25,8139.25,8172.14990234375,248000,8114.669921875,8231.974975585938,0.01011404833415619,0.010254810998465102,40.7998517445989,0
2016-12-01,8192.900390625,8250.7998046875,8185.0498046875,8244.0,157700,8160.15,8215.919995117187,-0.00384213136056899,0.010251379942872943,34.381306581665484,0
2016-12-02,8086.7998046875,8159.2998046875,8070.0498046875,8153.5498046875,171500,8154.65,8196.012475585938,-0.012950308300941793,0.011220918233327682,38.882393668403786,1
2016-12-05,8128.75,8141.89990234375,8056.85009765625,8088.75,126500,8155.02001953125,8180.762475585938,0.00518749027126697,0.00927423642280716,51.274633283092825,1
2016-12-06,8143.14990234375,8178.7001953125,8130.85009765625,8153.14990234375,115300,8155.22001953125,8163.06748046875,0.0017714780678148578,0.008970174731376297,51.95342779506392,0
2016-12-07,8102.0498046875,8190.4501953125,8077.5,8168.39990234375,169800,8130.72998046875,8140.99248046875,-0.005047198952388254,0.009180218293794958,51.352485273867806,1
2016-12-08,8246.849609375,8256.25,8151.75,8152.10009765625,142500,8141.51982421875,8131.7349609375,0.017871996368588716,0.009947533386710382,59.0354916397868,1
2016-12-09,8261.75,8274.9501953125,8241.9501953125,8271.7001953125,149700,8176.50986328125,8118.5349609375,0.0018067979083868924,0.0084014091109141,70.13984761204276,0
2016-12-12,8170.7998046875,8230.650390625,8154.4501953125,8230.650390625,108100,8184.91982421875,8112.2599609375,-0.011008587201561393,0.009335302633929595,59.986953708237685,1
2016-12-13,8221.7998046875,8228.849609375,8155.7998046875,8196.150390625,184000,8200.6498046875,8117.92744140625,0.006241739024219095,0.009503316088979816,60.91361001077655,0
2016-12-14,8182.4501953125,8229.400390625,8165.10009765625,8229.349609375,144600,8216.7298828125,8121.469946289062,-0.004786009184091999,0.009076594268810367,62.98869028547908,0
2016-12-15,8153.60009765625,8225.900390625,8121.9501953125,8128.39990234375,181800,8198.07998046875,8125.15244140625,-0.003525850688682164,0.009064101868104538,52.747501076989565,0
2016-12-16,8139.4501953125,8178.7001953125,8127.4501953125,8178.2001953125,203000,8173.62001953125,8128.419946289063,-0.001735417750965862,0.007972875188722908,50.875499436271426,0
2016-12-19,8104.35009765625,8132.5,8094.85009765625,8126.0,107400,8160.330078125,8137.182446289063,-0.004312342580149231,0.007941712767775886,47.43417223600286,0
2016-12-20,8082.39990234375,8124.10009765625,8062.75,8110.60009765625,128000,8132.45009765625,8141.187451171875,-0.0027084460873485483,0.007939966891853112,39.492757024361325,0
2016-12-21,8061.2998046875,8112.5498046875,8053.25,8105.85009765625,123700,8108.22001953125,8142.587451171875,-0.0026106228238139684,0.007829044210348048,40.11564110914537,0
2016-12-22,7979.10009765625,8046.4501953125,7964.9501953125,8043.85009765625,122600,8073.32001953125,8143.2674560546875,-0.010196830414798908,0.005062577462055993,41.609562334954084,1
2016-12-23,7985.75,8022.60009765625,7942.0498046875,7972.5,124100,8042.57998046875,8136.8399658203125,0.0008334150796909245,0.004962192768788137,38.21104699093157,0
2016-12-26,7908.25,7970.0498046875,7893.7998046875,7965.10009765625,106900,8003.3599609375,8125.907470703125,-0.009704786651222541,0.004752194137259154,32.45968726961419,1
2016-12-27,8032.85009765625,8044.64990234375,7903.7001953125,7915.0498046875,118800,7993.45,8120.44248046875,0.01575571051196545,0.007190520784883962,45.40567666591673,1
2016-12-28,8034.85009765625,8100.5498046875,8028.39990234375,8047.5498046875,126700,7988.16005859375,8110.959985351563,0.00024897763255693484,0.007173294279485805,32.631541049448145,1
2016-12-29,8103.60009765625,8111.10009765625,8020.7998046875,8030.60009765625,178500,8013.06005859375,8106.494970703125,0.008556475748073389,0.007836377204790442,38.093809711809996,1
2016-12-30,8185.7998046875,8197.0,8114.75,8119.64990234375,127600,8053.07001953125,8111.444970703125,0.01014360358861044,0.008514068961573033,51.14434035781497,0
2017-01-02,8179.5,8212.0,8133.7998046875,8210.099609375,118300,8107.32001953125,8113.982470703125,-0.0007696016073948098,0.008359228288810847,46.536772654296115,1
2017-01-03,8192.25,8219.099609375,8148.60009765625,8196.0498046875,127300,8139.2,8116.437475585937,0.0015587749862460143,0.008259774440089462,50.83888129098272,0
2017-01-04,8190.5,8218.5,8180.89990234375,8202.650390625,132400,8170.32998046875,8120.8599853515625,-0.00021361652781592966,0.008165289657749184,53.31238192919477,1
2017-01-05,8273.7998046875,8282.650390625,8223.7001953125,8226.650390625,159100,8204.369921875,8122.207495117187,0.01017029542610337,0.007393588112571248,60.72823884824316,0
2017-01-06,8243.7998046875,8306.849609375,8233.25,8281.849609375,139400,8215.969921875,8121.309985351562,-0.0036259035398709116,0.007710555929239076,61.226943122503265,0
2017-01-09,8236.0498046875,8263.0,8227.75,8259.349609375,99100,8227.2798828125,8124.572485351562,-0.0009401004613908137,0.00647892966600332,62.65964611325631,1
2017-01-10,8288.599609375,8293.7998046875,8261.0,8262.7001953125,142900,8246.5498046875,8127.9124755859375,0.0063804622280927425,0.005143796779343624,67.80512470586795,1
2017-01-11,8380.650390625,8389.0,8322.25,8327.7998046875,186500,8284.5798828125,8137.822485351562,0.01110570972035907,0.005589653049766299,80.97665304867897,1
2017-01-12,8407.2001953125,8417.2001953125,8382.2998046875,8391.0498046875,172600,8311.2599609375,8150.502490234375,0.003167988574872327,0.005382844381768687,81.54332149753758,0
2017-01-13,8400.349609375,8461.0498046875,8373.150390625,8457.650390625,185300,8342.569921875,8163.5474609375,-0.0008148474852923693,0.005028597238117958,91.1867498831199,1
2017-01-16,8412.7998046875,8426.7001953125,8374.400390625,8390.9501953125,124100,8377.919921875,8178.969946289062,0.0014821044232022906,0.004909864673886361,89.14985313843023,0
2017-01-17,8398.0,8440.900390625,8378.2998046875,8415.0498046875,122000,8399.8,8194.749951171874,-0.0017592008642893786,0.005113005888213394,86.45715176464475,1
2017-01-18,8417.0,8460.2998046875,8397.400390625,8403.849609375,163800,8407.069921875,8212.5349609375,0.002262443438914019,0.005026467975484188,84.95423795826031,1
2017-01-19,8435.099609375,8445.150390625,8404.0498046875,8418.400390625,165900,8412.6498046875,8235.334936523437,0.0021503634757038537,0.004296527160765447,82.44399765137092,0
2017-01-20,8349.349609375,8423.650390625,8340.9501953125,8404.349609375,202600,8402.4498046875,8253.514916992188,-0.010165855054597661,0.005552261361393912,68.31656058199832,1
2017-01-23,8391.5,8404.150390625,8327.2001953125,8329.599609375,195000,8398.18984375,8277.677416992188,0.005048344194100052,0.005608041438868634,70.20582945785566,1
2017-01-24,8475.7998046875,8480.9501953125,8398.150390625,8407.0498046875,179200,8413.7498046875,8299.82490234375,0.010045856484240057,0.006037774958651317,74.78279310842106,1
2017-01-25,8602.75,8612.599609375,8493.9501953125,8499.4501953125,292500,8450.8998046875,8328.219897460938,0.014977960574563243,0.006750742764666171,76.56032915269046,1
2017-01-27,8641.25,8672.7001953125,8606.900390625,8610.5,275400,8492.1298828125,8355.102392578125,0.00447531312661642,0.0067747300851266935,81.6566767835947,0
2017-01-30,8632.75,8662.599609375,8617.75,8635.5498046875,304700,8548.8099609375,8377.44990234375,-0.0009836539852451365,0.006784858391445396,81.55923459993629,0
2017-01-31,8561.2998046875,8631.75,8552.400390625,8629.4501953125,521000,8582.769921875,8396.539892578125,-0.008276643631809133,0.00763639277489463,71.0611383551126,1
2017-02-01,8716.400390625,8722.400390625,8537.5,8570.349609375,327700,8630.8900390625,8422.747412109375,0.01811647640847469,0.00906630134712081,73.62935084714543,1
2017-02-02,8734.25,8757.599609375,8685.7998046875,8724.75,283500,8657.1900390625,8449.934912109375,0.002047818890261066,0.009070506756618975,73.30241179638543,1
2017-02-03,8740.9501953125,8748.25,8707.75,8735.150390625,191000,8677.130078125,8473.292431640624,0.0007671174184962215,0.009107972935641766,74.27311156549129,1
2017-02-06,8801.0498046875,8814.099609375,8770.2001953125,8785.4501953125,194400,8710.7900390625,8501.154931640625,0.006875638006406781,0.0077359664675933715,75.90924257590925,0
2017-02-07,8768.2998046875,8809.2998046875,8741.0498046875,8805.7001953125,226300,8752.1900390625,8527.767431640625,-0.0037211469911869743,0.008248900431359847,74.13319280612718,1
2017-02-08,8769.0498046875,8791.25,8715.0,8774.5498046875,218700,8762.719921875,8551.78994140625,8.55353964515082e-05,0.00809570688877651,73.50288489748019,1
2017-02-09,8778.400390625,8821.400390625,8724.099609375,8795.5498046875,187500,8771.55,8571.67744140625,0.0010663168924529565,0.007015234818011438,73.1896945245565,1
2017-02-10,8793.5498046875,8822.099609375,8771.2001953125,8812.349609375,225900,8782.069921875,8590.994921875,0.0017257602055471555,0.006963098672343516,83.16904171242476,1
2017-02-13,8805.0498046875,8826.900390625,8754.2001953125,8819.7998046875,204900,8782.869921875,8611.229931640624,0.001307776751758416,0.006899816323008821,82.36166196687988,0
2017-02-14,8792.2998046875,8820.4501953125,8772.5,8819.900390625,188300,8787.669921875,8630.204931640625,-0.0014480326951941125,0.006056135800680986,77.89035795792901,0
2017-02-15,8724.7001953125,8807.900390625,8712.849609375,8778.9501953125,216100,8778.8,8646.53994140625,-0.007688501401983627,0.0038419092935685446,62.0017953148817,1
2017-02-16,8778.0,8783.9501953125,8719.599609375,8739.0,184600,8778.719921875,8664.58994140625,0.006109070053333943,0.004262147367137595,63.077374215069916,1
2017-02-17,8821.7001953125,8896.4501953125,8804.25,8883.7001953125,298300,8784.35,8683.919970703126,0.004978377228582742,0.004492427631509669,66.92951002987175,1
2017-02-20,8879.2001953125,8886.25,8809.7998046875,8818.5498046875,167800,8799.180078125,8710.4125,0.0065180179247708026,0.004440958849686876,79.2134367630008,1
2017-02-21,8907.849609375,8920.7998046875,8860.9501953125,8890.75,175700,8822.2900390625,8736.22998046875,0.003226575978951818,0.0041742966001772205,72.9199012327204,1
2017-02-22,8926.900390625,8960.75,8905.25,8931.599609375,247100,8862.730078125,8758.785009765625,0.0021386509747480797,0.00414255274430064,72.99756121444992,1
2017-02-23,8939.5,8982.150390625,8927.5498046875,8956.400390625,377200,8895.030078125,8775.622509765624,0.0014114204061503877,0.004137256703191057,73.37260284680981,0
2017-02-27,8896.7001953125,8951.7998046875,8888.650390625,8943.7001953125,189900,8910.030078125,8788.39501953125,-0.004787717958219084,0.0046375953571654305,61.73770696118189,0
2017-02-28,8879.599609375,8914.75,8867.599609375,8898.9501953125,293600,8910.1099609375,8800.7375,-0.0019221268068030373,0.004738812025688481,64.20365750006854,1
2017-03-01,8945.7998046875,8960.7998046875,8898.599609375,8904.400390625,205900,8917.7,8819.9625,0.007455313102474381,0.0050822750275647,69.32750136686714,0
2017-03-02,8899.75,8992.5,8879.7998046875,8982.849609375,218800,8912.269921875,8829.12998046875,-0.0051476453411544165,0.004598831261315788,62.283611833832865,0
2017-03-03,8897.5498046875,8907.099609375,8860.099609375,8883.5,202600,8903.8798828125,8837.294970703126,-0.0002472199008398679,0.004402562789454357,60.810810810810814,1
2017-03-06,8963.4501953125,8967.7998046875,8914.0,8915.099609375,174800,8917.2298828125,8848.419970703126,0.00740657732427441,0.0046822404036906875,64.79270405836753,0
2017-03-07,8946.900390625,8977.849609375,8932.7998046875,8977.75,173400,8930.6900390625,8855.7125,-0.0018463654426456033,0.004448362392751326,64.33610255351441,0
2017-03-08,8924.2998046875,8957.0498046875,8891.9501953125,8950.7001953125,177800,8926.3900390625,8863.5125,-0.0025260799775062015,0.00446712683506718,70.19416593223755,1
2017-03-09,8927.0,8945.7998046875,8899.5,8914.5,171500,8931.8400390625,8871.410009765625,0.0003025666294942386,0.004415730605053544,66.7943502227858,1
2017-03-10,8934.5498046875,8975.7001953125,8903.9501953125,8953.7001953125,152700,8939.2400390625,8879.21748046875,0.0008457269729471584,0.0043993737674671435,63.84823718332814,1
2017-03-14,9087.0,9122.75,9060.5,9091.650390625,270300,8963.95,8893.889990234375,0.017062996865551794,0.006639188225461155,70.6806567675947,0
2017-03-15,9084.7998046875,9106.5498046875,9075.5,9086.849609375,240600,8991.5298828125,8907.877490234376,-0.0002421255983823256,0.0065456198468617326,68.58907412156964,1
2017-03-16,9153.7001953125,9158.4501953125,9128.5498046875,9129.650390625,208600,9037.4099609375,8925.947509765625,0.0075841396735512046,0.006556996513416914,71.56704511896824,1
2017-03-17,9160.0498046875,9218.400390625,9147.599609375,9207.7998046875,286700,9084.019921875,8947.714990234375,0.0006936658662091144,0.006059186344206383,71.2250080353971,0
2017-03-20,9126.849609375,9167.599609375,9116.2998046875,9166.9501953125,332100,9122.4798828125,8965.157470703125,-0.0036244557639315556,0.0063418319809197135,72.56578531610081,0
2017-03-21,9121.5,9147.75,9087.2001953125,9133.9501953125,247700,9129.3798828125,8980.1474609375,-0.0005861397529225432,0.006165140160557689,74.27738073302781,0
2017-03-22,9030.4501953125,9072.900390625,9019.2998046875,9047.2001953125,232300,9118.5099609375,8987.7099609375,-0.009981889457600146,0.007152559914497067,58.09198587015781,1
2017-03-23,9086.2998046875,9099.0498046875,9048.599609375,9048.75,191800,9105.0298828125,8996.632470703125,0.006184587497530369,0.007211971030852123,67.50488876344983,1
2017-03-24,9108.0,9133.5498046875,9089.400390625,9104.0,203700,9094.619921875,9005.687451171874,0.002388232369495924,0.007193219960237677,69.05041840005516,0
2017-03-27,9045.2001953125,9094.849609375,9024.650390625,9093.4501953125,202700,9078.2900390625,9010.9724609375,-0.006895015885759803,0.007731476182647945,57.44196631770596,1
2017-03-28,9100.7998046875,9110.400390625,9079.7998046875,9081.5,183300,9074.15,9021.17744140625,0.006146863328001739,0.005775206595744408,63.08001573655545,1
2017-03-29,9143.7998046875,9153.150390625,9109.099609375,9128.7001953125,243400,9096.819921875,9034.387451171875,0.004724859454424246,0.005947163933055824,68.03025149685227,1
2017-03-30,9173.75,9183.150390625,9136.349609375,9142.599609375,323400,9114.3099609375,9045.7849609375,0.003275464899958447,0.005531619587776423,69.40013390416638,0
2017-03-31,9173.75,9191.7001953125,9152.099609375,9158.900390625,190900,9127.4599609375,9059.4849609375,0.0,0.005529544537277588,69.03249668599383,1
2017-04-03,9237.849609375,9245.349609375,9192.400390625,9220.599609375,139100,9165.98984375,9076.499951171874,0.006987285393105225,0.00573626465727442,63.96629355707854,1
2017-04-05,9265.150390625,9273.900390625,9215.400390625,9264.400390625,184800,9198.8599609375,9091.5849609375,0.002955317785461098,0.005721365847522517,65.95600928266688,0
2017-04-06,9261.9501953125,9267.9501953125,9218.849609375,9245.7998046875,186100,9222.4900390625,9107.337451171876,-0.00034540133484917135,0.004155016868070137,60.83693756403539,0
2017-04-07,9198.2998046875,9250.5,9188.099609375,9223.7001953125,190000,9227.4,9121.037451171875,-0.006872244968150865,0.0048727666320829855,53.43511450381679,0
2017-04-10,9181.4501953125,9225.650390625,9174.849609375,9225.599609375,135800,9228.9400390625,9133.7599609375,-0.0018318178068531532,0.004944157055929714,55.051873162392546,1
2017-04-11,9237.0,9242.7001953125,9172.849609375,9184.5498046875,200100,9228.7701171875,9148.882470703125,0.006050221207523521,0.004361697186598009,59.77819813682467,0
2017-04-12,9203.4501953125,9246.400390625,9161.7998046875,9242.5,161800,9216.430078125,9154.70498046875,-0.003632110499891761,0.004451140545803704,66.22586069823079,0
2017-04-13,9150.7998046875,9202.650390625,9144.9501953125,9202.5,166500,9194.2,9158.00498046875,-0.005720723153564311,0.004730943325735516,56.08604948601042,0
2017-04-17,9139.2998046875,9160.0,9120.25,9144.75,0,9182.4,9157.2849609375,-0.0012567207506942735,0.004606975335650753,53.011332780881396,0
2017-04-18,9105.150390625,9217.900390625,9095.4501953125,9163.0,174200,9167.1400390625,9154.539990234374,-0.003736545992832463,0.004723979177852149,56.104288683166445,0
2017-04-19,9103.5,9120.5,9075.150390625,9112.2001953125,173700,9140.4400390625,9153.372509765624,-0.00018125901870869043,0.003891619685067383,50.30887573700097,1
2017-04-20,9136.400390625,9143.900390625,9102.650390625,9108.099609375,170300,9127.030078125,9154.117529296875,0.003614037526775471,0.0039791956945054415,49.13356005388234,0
2017-04-21,9119.400390625,9183.650390625,9088.75,9179.099609375,155200,9120.7501953125,9158.5650390625,-0.0018606890321317682,0.003963765460532555,43.4368425521477,1
2017-04-24,9217.9501953125,9225.400390625,9130.5498046875,9135.349609375,167700,9136.4802734375,9165.14755859375,0.010806610135114969,0.005101777068485448,54.31136800513618,1
2017-04-25,9306.599609375,9309.2001953125,9250.349609375,9273.0498046875,168700,9176.7701171875,9175.0775390625,0.00961704198701141,0.005822591840665351,56.39951131004542,1
2017-04-26,9351.849609375,9367.0,9301.349609375,9336.2001953125,185700,9226.4400390625,9190.410009765625,0.004862141050359314,0.005727832381462657,57.809338836287125,0
2017-04-27,9342.150390625,9367.150390625,9322.650390625,9359.150390625,209400,9267.5900390625,9202.4775390625,-0.001037144431864756,0.005537639900738779,57.14034816207221,0
2017-04-28,9304.0498046875,9342.650390625,9282.25,9340.9501953125,162200,9304.519921875,9210.4900390625,-0.004078352878555069,0.005319392999458251,59.86384023726849,1
2017-05-02,9313.7998046875,9352.5498046875,9269.900390625,9339.849609375,161600,9323.68984375,9217.492529296875,0.0010479307618374012,0.005227395470240963,62.510615828846994,0
2017-05-03,9311.9501953125,9346.2998046875,9298.400390625,9344.7001953125,151600,9324.7599609375,9224.4025390625,-0.00019858805361794296,0.004913412819311532,57.885360265485815,1
2017-05-04,9359.900390625,9365.650390625,9323.25,9360.9501953125,269600,9326.3701171875,9230.505078125,0.005149318274558334,0.00490838690091757,65.97573598776229,0
2017-05-05,9285.2998046875,9377.099609375,9272.0,9374.5498046875,231900,9315.0,9231.512548828125,-0.007970232889681239,0.0059494731589840736,63.14504522045209,1
2017-05-08,9314.0498046875,9338.7001953125,9297.9501953125,9311.4501953125,174300,9317.0,9234.117529296875,0.0030962920535411165,0.005831297801664706,66.52171022746158,1
2017-05-09,9316.849609375,9338.9501953125,9307.7001953125,9337.349609375,132300,9317.6099609375,9240.04501953125,0.0003006001413146109,0.004978301248641367,71.2763033919598,1
2017-05-10,9407.2998046875,9414.75,9336.0,9339.650390625,152700,9336.6798828125,9251.3375,0.009708238203339103,0.004995732927571109,75.90823007773527,1
2017-05-11,9422.400390625,9450.650390625,9411.2998046875,9448.599609375,171100,9349.1798828125,9260.60751953125,0.0016051987553300506,0.00482561274931135,75.15391380826738,0
2017-05-12,9400.900390625,9437.75,9372.5498046875,9436.650390625,154300,9372.3,9270.480029296876,-0.002281796475279485,0.004892766969714846,74.56369982547993,1
2017-05-15,9445.400390625,9449.25,9423.099609375,9433.5498046875,140800,9398.5701171875,9285.21005859375,0.004733589140501593,0.0047401336681928774,71.91445319483256,1
2017-05-16,9512.25,9517.2001953125,9456.349609375,9461.0,166500,9437.6501953125,9303.857568359375,0.007077477566896029,0.005047093385243136,70.68291552245022,1
2017-05-17,9525.75,9532.599609375,9486.099609375,9517.599609375,205500,9461.340234375,9324.887548828125,0.0014192225814082526,0.004990049760615467,68.68287974484336,0
2017-05-18,9429.4501953125,9489.099609375,9418.099609375,9453.2001953125,193300,9462.7501953125,9341.18505859375,-0.010109419697924005,0.006202175942809937,57.907577014731565,0
2017-05-19,9427.900390625,9505.75,9390.75,9469.900390625,252100,9468.1501953125,9355.76005859375,-0.00016435790585866972,0.00542401758516747,62.013826657143234,1
2017-05-22,9438.25,9498.650390625,9427.900390625,9480.25,196800,9466.7201171875,9371.7025390625,0.001097763971423804,0.005396993394735929,62.05796360952624,0
2017-05-23,9386.150390625,9448.0498046875,9370.0,9445.0498046875,224400,9441.5001953125,9380.112548828125,-0.00552004973114717,0.005818782578645429,56.55131740275328,0
2017-05-24,9360.5498046875,9431.900390625,9341.650390625,9410.900390625,211800,9408.46015625,9382.81005859375,-0.0027274851639997877,0.004958338043209383,50.05969425768171,1
2017-05-25,9509.75,9523.2998046875,9379.2001953125,9384.0498046875,289200,9424.5201171875,9390.705078125,0.015939255537936958,0.007196941420300778,68.14325973523631,1
2017-05-26,9595.099609375,9604.900390625,9495.400390625,9507.75,218800,9457.9599609375,9403.3525390625,0.008974958266515953,0.007509462808242928,70.81389680814287,1
2017-05-29,9604.900390625,9637.75,9547.7001953125,9560.0498046875,235000,9491.2900390625,9418.395068359376,0.00102143611312,0.007454831493974558,71.11343665625421,1
2017-05-30,9624.5498046875,9635.2998046875,9581.2001953125,9590.650390625,193900,9538.969921875,9433.932568359374,0.0020457696866569286,0.007217647770573068,67.76806565903435,0
2017-05-31,9621.25,9649.599609375,9609.25,9636.5498046875,414300,9591.1099609375,9449.39755859375,-0.0003428528870922376,0.007233131541081176,66.583270623418,0
2017-06-01,9616.099609375,9634.650390625,9589.900390625,9603.5498046875,176100,9612.3798828125,9462.20751953125,-0.0005353140834091219,0.006148384061616324,68.44988914862122,1
2017-06-02,9653.5,9673.5,9637.4501953125,9657.150390625,162200,9624.0599609375,9480.617529296875,0.00388935141525959,0.00612496306548559,68.06107884717744,1
2017-06-05,9675.099609375,9687.2001953125,9640.7001953125,9656.2998046875,127700,9638.0998046875,9498.67001953125,0.002237489964779682,0.0061089467333664904,65.33858238746114,0
2017-06-06,9637.150390625,9709.2998046875,9630.2001953125,9704.25,145900,9640.619921875,9514.68505859375,-0.003922359487981697,0.005893017403265105,60.030670423090044,1
2017-06-07,9663.900390625,9678.5498046875,9630.5498046875,9663.9501953125,160700,9649.15,9527.515087890624,0.002775716774745085,0.005583014878565458,74.13285297553111,0
2017-06-08,9647.25,9688.7001953125,9641.5,9682.400390625,155400,9655.380078125,9538.757568359375,-0.0017229472523487832,0.0035209960745852314,71.89775186694484,1
2017-06-09,9668.25,9676.25,9608.150390625,9638.5498046875,159000,9658.330078125,9552.125048828126,0.0021767861307626646,0.002374666145116699,72.48289345063539,0
2017-06-12,9616.400390625,9647.0498046875,9598.5,9646.7001953125,141400,9646.590234375,9560.675048828125,-0.005362874292141773,0.0030573430345005575,72.51833740831296,0
2017-06-13,9606.900390625,9654.150390625,9595.400390625,9615.5498046875,129700,9640.540234375,9565.407568359375,-0.0009878956380873216,0.0029953328473810562,74.8763887163163,1
2017-06-14,9618.150390625,9627.400390625,9580.4501953125,9621.5498046875,181800,9631.390234375,9570.027587890625,0.0011710332721861505,0.003024276041005062,65.17366009426638,0
2017-06-15,9578.0498046875,9621.400390625,9560.7998046875,9617.900390625,171100,9617.5501953125,9577.457568359376,-0.0041692616884621,0.003297938700374325,47.26722327094231,1
2017-06-16,9588.0498046875,9615.849609375,9565.5,9595.4501953125,213200,9601.51015625,9585.4650390625,0.001044053873587636,0.002996538255009487,47.3008781727,1
2017-06-19,9657.5498046875,9673.2998046875,9614.900390625,9626.400390625,141700,9609.7400390625,9596.430029296875,0.007248606485755094,0.003838594474275906,54.55801104972376,0
2017-06-20,9653.5,9676.5,9643.75,9670.5,159500,9619.0599609375,9609.797509765625,-0.0004193408027297618,0.003611748605493207,54.44521019986217,0
2017-06-21,9633.599609375,9650.4501953125,9608.599609375,9648.099609375,144000,9622.1498046875,9623.45,-0.0020614689620345183,0.003548153379115702,52.31788079470199,0
2017-06-22,9630.0,9698.849609375,9617.75,9642.650390625,198800,9632.53984375,9629.4625,-0.00037365154469337636,0.003513870911640493,46.581313148533305,0
2017-06-23,9574.9501953125,9647.650390625,9565.2998046875,9643.25,175200,9629.919921875,9628.455029296874,-0.005716490621754944,0.0038020122635736885,36.72284639345833,0
2017-06-27,9511.400390625,9615.400390625,9473.4501953125,9594.0498046875,203300,9600.6900390625,9623.780029296875,-0.006637089842891464,0.003982913578280902,34.38857852265673,0
2017-06-28,9491.25,9522.5,9474.349609375,9520.2001953125,172400,9568.2400390625,9617.1150390625,-0.0021185514012070916,0.0039957160275274385,28.208983922417403,1
2017-06-29,9504.099609375,9575.7998046875,9493.7998046875,9522.9501953125,259300,9542.3400390625,9611.25751953125,0.0013538374160411148,0.004008183850702886,31.757291557772433,1
2017-06-30,9520.900390625,9535.7998046875,9448.75,9478.5,179600,9520.5201171875,9606.49755859375,0.0017677404426008625,0.003956389143616265,31.019005399203962,1
2017-07-03,9615.0,9624.0,9543.5498046875,9587.9501953125,183000,9528.530078125,9604.57255859375,0.009883477981521338,0.005165150796493793,49.8373153631475,0
2017-07-04,9613.2998046875,9650.650390625,9595.5,9645.900390625,144800,9548.9099609375,9601.482568359375,-0.00017682738559543498,0.004551327786223009,50.757146851595515,1
2017-07-05,9637.599609375,9643.650390625,9607.349609375,9619.75,130800,9578.1798828125,9601.505029296875,0.0025277277502206985,0.0046479111074555065,52.232204901973965,1
2017-07-06,9674.5498046875,9700.7001953125,9639.9501953125,9653.599609375,147400,9612.269921875,9602.0375,0.003833962481337938,0.004751968175198767,61.15606936416185,0
2017-07-07,9665.7998046875,9684.25,9642.650390625,9670.349609375,141800,9641.2498046875,9602.964990234375,-0.0009044348498532528,0.0047649435879593876,59.01449275362319,1
2017-07-10,9771.0498046875,9782.150390625,9646.4501953125,9719.2998046875,37500,9672.459765625,9608.10498046875,0.010888907501369838,0.005270398023125236,62.15203426124197,1
2017-07-11,9786.0498046875,9830.0498046875,9778.849609375,9797.4501953125,179700,9707.009765625,9616.587451171876,0.001535147225716127,0.004323677115207226,63.86648713479806,1
2017-07-12,9816.099609375,9824.9501953125,9787.7001953125,9807.2998046875,145500,9742.709765625,9627.047412109376,0.0030706776776372458,0.003955623413309068,68.69495452308259,1
2017-07-13,9891.7001953125,9897.25,9853.4501953125,9855.7998046875,181300,9786.13984375,9640.72490234375,0.007701693029408263,0.004101353366273465,73.36189265669705,0
2017-07-14,9886.349609375,9913.2998046875,9845.4501953125,9913.2998046875,159600,9830.2498046875,9656.139892578125,-0.0005409167111671831,0.0043018469131387415,80.50534678016497,1
2017-07-17,9915.9501953125,9928.2001953125,9894.7001953125,9908.150390625,163500,9859.2298828125,9672.534912109375,0.0029940865038224906,0.003729739012772224,92.45440030170921,0
2017-07-18,9827.150390625,9885.349609375,9792.0498046875,9832.7001953125,293900,9867.45,9681.01494140625,-0.008955249163058343,0.005291094053804786,80.81080790563685,1
2017-07-19,9899.599609375,9905.0498046875,9851.650390625,9855.9501953125,200200,9884.15,9693.319921875,0.007372352703497453,0.005538882599547158,82.70210298862752,0
2017-07-20,9873.2998046875,9922.5498046875,9863.4501953125,9920.2001953125,161100,9880.469921875,9705.304931640625,-0.002656653372384299,0.0057667932596081745,78.68766704667051,1
2017-07-21,9915.25,9924.7001953125,9838.0,9899.599609375,187500,9886.25,9719.567431640626,0.004248852576378193,0.005703293280419013,76.71021996733502,1
2017-07-24,9966.400390625,9982.0498046875,9919.599609375,9936.7998046875,174500,9896.3400390625,9739.13994140625,0.005158759549683589,0.0050212313504863,78.87162894836445,0
2017-07-25,9964.5498046875,10011.2998046875,9949.099609375,10010.5498046875,185500,9923.819921875,9761.797412109376,-0.00018568247962835738,0.00506793132212406,77.75224680821435,1
2017-07-26,10020.650390625,10025.9501953125,9965.9501953125,9983.650390625,197600,9948.030078125,9788.267431640625,0.0056300171143817135,0.0052009434052412064,78.45275923692877,0
2017-07-27,10020.5498046875,10114.849609375,10005.5,10063.25,287900,9977.480078125,9814.08994140625,-1.0037865166290239e-05,0.004832937459242583,79.58455358975277,0
2017-07-28,10014.5,10026.0498046875,9944.5,9996.5498046875,191600,9997.330078125,9838.769921875,-0.0006037397952625145,0.0048356444389550945,74.32786648476367,1
2017-07-31,10077.099609375,10085.900390625,10016.9501953125,10034.7001953125,237700,10019.469921875,9861.87490234375,0.006250897136651945,0.005066629794483485,76.55795816454376,1
2017-08-01,10114.650390625,10128.599609375,10065.75,10101.0498046875,184300,10049.4900390625,9886.942431640626,0.0037263481265050746,0.0034549411385113903,76.87452530310276,0
2017-08-02,10081.5,10137.849609375,10054.2001953125,10136.2998046875,161500,10061.6599609375,9909.137451171875,-0.0032774628232060676,0.003560588127116878,68.49890065960423,0
2017-08-03,10013.650390625,10081.150390625,9998.25,10081.150390625,192700,10060.280078125,9926.09248046875,-0.006730110536626532,0.004289146284710194,61.05997821195492,1
2017-08-04,10066.400390625,10075.25,9988.349609375,10008.599609375,178600,10070.66015625,9946.122509765624,0.0052678092346210015,0.004375040145545551,62.565760604483714,0
2017-08-07,10057.400390625,10088.099609375,10046.349609375,10074.7998046875,137400,10066.7203125,9960.4400390625,-0.000894063384204502,0.0042324761755899625,72.1884269646003,0
2017-08-08,9978.5498046875,10083.7998046875,9947.0,10068.349609375,203300,10039.5001953125,9970.0650390625,-0.007840056363968673,0.005064494705058473,57.51544549779776,0
2017-08-09,9908.0498046875,9969.7998046875,9893.0498046875,9961.150390625,169200,10004.81015625,9974.662548828124,-0.007065154895241621,0.005129466726967856,53.05117300041157,0
2017-08-10,9820.25,9892.650390625,9776.2001953125,9872.849609375,235500,9966.130078125,9971.0900390625,-0.008861461782919355,0.005654001043306338,42.2802228323837,0
2017-08-11,9710.7998046875,9771.650390625,9685.5498046875,9712.150390625,285900,9895.0099609375,9962.312548828126,-0.011145357329243155,0.006308971424416078,31.027343936883213,1
2017-08-14,9794.150390625,9818.2998046875,9752.099609375,9755.75,195600,9842.3599609375,9956.22255859375,0.008583287433983067,0.006720968636478882,38.71680300042032,1
2017-08-16,9897.2998046875,9903.9501953125,9773.849609375,9825.849609375,219500,9826.1099609375,9959.730029296876,0.010531736796816515,0.007727116368198278,42.31126499416243,1
2017-08-17,9904.150390625,9947.7998046875,9883.75,9945.5498046875,197600,9825.330078125,9959.957568359376,0.0006921671640436333,0.007764241244268256,42.80509226562359,0
2017-08-18,9837.400390625,9865.9501953125,9783.650390625,9865.9501953125,246300,9828.76015625,9958.16259765625,-0.006739598791147605,0.007764918534677307,39.817198070236905,0
2017-08-21,9754.349609375,9884.349609375,9740.099609375,9864.25,205300,9837.4701171875,9950.117578125,-0.008442350412935062,0.007597273357301533,31.869051824966476,1
2017-08-22,9765.5498046875,9828.4501953125,9752.599609375,9815.75,183600,9831.75,9940.075048828125,0.0011482257414410224,0.00769057939976618,29.790452844823392,1
2017-08-23,9852.5,9857.900390625,9786.75,9803.0498046875,168600,9822.7900390625,9934.47255859375,0.008903768559017866,0.008297645881627158,37.52046253307533,1
2017-08-24,9857.0498046875,9881.5,9848.849609375,9881.2001953125,184700,9813.369921875,9926.292529296876,0.00046179189926420783,0.00804810947997473,40.83351720526853,1
2017-08-28,9912.7998046875,9925.75,9882.0,9907.150390625,159600,9828.4498046875,9920.905029296875,0.005655850493267112,0.007670071328908495,41.04058557147333,0
2017-08-29,9796.0498046875,9887.349609375,9783.75,9886.400390625,173300,9836.78984375,9909.98251953125,-0.011777701789638884,0.007782784388297025,36.457847347109784,1
2017-08-30,9884.400390625,9909.4501953125,9850.7998046875,9859.5,157800,9860.5599609375,9900.34755859375,0.009019001301445284,0.007831633789638701,45.169110447677426,1
2017-08-31,9917.900390625,9925.099609375,9856.9501953125,9905.7001953125,327700,9873.6400390625,9890.51005859375,0.0033891787742403867,0.007156825755611658,50.52539140018605,1
2017-09-01,9974.400390625,9983.4501953125,9909.849609375,9937.650390625,157800,9897.11015625,9885.155078125,0.00569677026131532,0.007364618304964276,58.50576570751159,0
2017-09-04,9912.849609375,9988.400390625,9861.0,9984.150390625,148800,9897.1201171875,9880.1150390625,-0.006170875324781666,0.0073024467407606835,61.77099417307371,1
2017-09-05,9952.2001953125,9963.099609375,9901.0498046875,9933.25,139200,9928.3501953125,9874.405029296875,0.003969654285916446,0.006578080101933864,59.705203317362184,0
2017-09-06,9916.2001953125,9931.5498046875,9882.5498046875,9899.25,149200,9934.71015625,9867.34501953125,-0.0036172905783141696,0.0068172938459388635,51.26491110199023,1
2017-09-07,9929.900390625,9964.849609375,9917.2001953125,9945.849609375,188800,9937.11015625,9864.912548828124,0.0013815972895521167,0.006312394820557513,51.707665844610695,1
2017-09-08,9934.7998046875,9963.599609375,9913.2998046875,9958.650390625,163600,9929.1900390625,9866.250048828126,0.0004934001218306339,0.00631221411909765,57.03648726635464,1
2017-09-11,10006.0498046875,10028.650390625,9968.7998046875,9971.75,173000,9947.830078125,9875.5400390625,0.007171760015373785,0.006458196049078885,68.49915808845167,1
2017-09-12,10093.0498046875,10097.5498046875,10028.0498046875,10056.849609375,182600,9976.0,9894.6525390625,0.008694739852208588,0.005068661457456999,71.65714344757752,0
2017-09-13,10079.2998046875,10131.9501953125,10063.150390625,10099.25,215000,10008.619921875,9908.910009765625,-0.0013623236054590704,0.004752826798144751,66.60560481973886,1
2017-09-14,10086.599609375,10126.5,10070.349609375,10107.400390625,225600,10039.959765625,9918.375,0.0007242372812548137,0.0047387700295566815,66.739542548358,0
2017-09-15,10085.400390625,10115.150390625,10043.650390625,10062.349609375,266600,10070.0798828125,9927.4375,-0.00011889227256378643,0.00454647794523406,63.674570249455705,1
2017-09-18,10153.099609375,10171.7001953125,10131.2998046875,10133.099609375,156100,10099.48984375,9943.2224609375,0.006712596042585561,0.004050289822360609,80.67175710841433,0
2017-09-19,10147.5498046875,10178.9501953125,10129.9501953125,10175.599609375,187500,10110.38984375,9962.882470703125,-0.0005466118624873895,0.0041078158735438075,76.35452466693138,0
2017-09-20,10141.150390625,10171.0498046875,10134.2001953125,10160.9501953125,199400,10122.7599609375,9981.6625,-0.0006306363787978997,0.0037508587452653405,73.64192934557789,0
2017-09-21,10121.900390625,10158.900390625,10058.599609375,10139.599609375,191800,10129.8201171875,9995.13251953125,-0.0018982067377479872,0.003972282970824951,66.95798228753121,0
2017-09-22,9964.400390625,10095.0498046875,9952.7998046875,10094.349609375,226600,10105.6201171875,10000.500048828126,-0.01556031910231781,0.006830439199325016,54.85551557429524,0
2017-09-25,9872.599609375,9960.5,9816.0498046875,9960.099609375,221400,10049.5201171875,9998.4900390625,-0.009212875602266135,0.006967646009118666,43.17667759925129,0
2017-09-26,9871.5,9891.349609375,9813.0,9875.25,190900,9994.31015625,10002.262548828125,-0.00011137992205778602,0.006058481651594873,45.9244709816778,0
2017-09-27,9735.75,9921.0498046875,9714.400390625,9920.599609375,200100,9913.230078125,9994.830029296874,-0.013751709466646389,0.007053182639949086,35.52083060223906,1
2017-09-28,9768.9501953125,9789.2001953125,9687.5498046875,9736.400390625,385000,9842.6400390625,9987.38251953125,0.003410132276660871,0.007276943600471506,38.13237402832633,1
2017-09-29,9788.599609375,9854.0,9775.349609375,9814.2998046875,196300,9807.4798828125,9978.09248046875,0.002011415113154058,0.00740624754221733,33.199331803180726,1
2017-10-03,9859.5,9895.400390625,9831.0498046875,9893.2998046875,162800,9804.8599609375,9975.425,0.007243159742390093,0.007484705525737878,31.49507964338828,1
2017-10-04,9914.900390625,9938.2998046875,9850.650390625,9884.349609375,156200,9813.5400390625,9973.560009765624,0.005618985813175215,0.007940602911315394,37.78059732043441,0
2017-10-05,9888.7001953125,9945.9501953125,9881.849609375,9927.0,147800,9844.130078125,9972.185009765624,-0.0026425071639926134,0.007919399900080604,35.69261095429661,1
2017-10-06,9979.7001953125,9989.349609375,9906.599609375,9908.150390625,195800,9886.280078125,9974.675,0.009202422785872022,0.00874628380208881,43.23648102300435,1
2017-10-09,9988.75,10015.75,9959.4501953125,9988.2001953125,143900,9926.31015625,9977.372509765624,0.0009068212982741297,0.0071916976129212905,38.63025877723971,1
2017-10-10,10016.9501953125,10034.0,10002.2998046875,10013.7001953125,148600,9957.8001953125,9977.917529296876,0.0028231956263296,0.006391428954078252,41.23963369099557,0
2017-10-11,9984.7998046875,10067.25,9955.7998046875,10042.599609375,189700,9971.780078125,9972.505029296875,-0.0032095987299651796,0.006549790421950746,39.8625229371159,1
2017-10-12,10096.400390625,10104.4501953125,9977.099609375,10011.2001953125,200900,10013.3201171875,9973.36005859375,0.011177047924897598,0.004736082013808307,48.523454410976385,1
2017-10-13,10167.4501953125,10191.900390625,10120.099609375,10123.7001953125,230100,10050.8701171875,9977.402587890625,0.007037142143597297,0.004852767082735794,63.065397680787136,1
2017-10-16,10230.849609375,10242.9501953125,10175.099609375,10207.400390625,203000,10099.2900390625,9984.675048828125,0.006235527378509298,0.004842645443159593,73.92638837074006,1
2017-10-17,10234.4501953125,10251.849609375,10212.599609375,10227.650390625,195700,10142.7900390625,9988.742578125,0.00035193420634405115,0.004889397346987026,74.1595909404703,0
2017-10-18,10210.849609375,10236.4501953125,10175.75,10209.400390625,254200,10188.0,9991.907568359375,-0.0023059945074831445,0.0051860799521073215,87.1751296730436,0
2017-10-19,10146.5498046875,10211.9501953125,10123.349609375,10210.349609375,30200,10198.0298828125,9992.1775390625,-0.006297204164917303,0.005725317455408114,78.1748044256351,1
2017-10-23,10184.849609375,10224.150390625,10124.5,10176.650390625,218100,10201.509765625,9995.325,0.00377466285828576,0.00526803451218847,78.76579864508098,1
2017-10-24,10207.7001953125,10237.75,10182.400390625,10218.5498046875,217200,10196.8798828125,10007.489990234375,0.0022435859942857572,0.005252759500146164,77.17332821199886,1
2017-10-25,10295.349609375,10340.5498046875,10240.900390625,10321.150390625,594200,10209.059765625,10028.627490234376,0.008586597606260904,0.0056332103397028176,78.26722313968034,1
2017-10-26,10343.7998046875,10355.650390625,10271.849609375,10291.7998046875,429700,10235.6498046875,10052.24248046875,0.004706027201677676,0.005243966910553903,82.73150476340312,0
2017-10-27,10323.0498046875,10366.150390625,10311.2998046875,10362.2998046875,312700,10270.9498046875,10081.607470703126,-0.002006032637116295,0.004747345090908562,77.47011485272287,1
2017-10-30,10363.650390625,10384.5,10344.2998046875,10353.849609375,236900,10306.7099609375,10111.34248046875,0.00393300300838062,0.0044929561993903066,78.55287702042966,0
2017-10-31,10335.2998046875,10367.7001953125,10323.9501953125,10364.900390625,232600,10332.2298828125,10138.677490234375,-0.002735579151063039,0.004431229185849946,74.24034669220656,1
2017-11-01,10440.5,10451.650390625,10383.0498046875,10390.349609375,260300,10361.2599609375,10167.727490234374,0.010178727013297362,0.005274690909201847,81.2250824729161,0
2017-11-02,10423.7998046875,10453.0,10412.5498046875,10440.5,201500,10377.2599609375,10193.1724609375,-0.0015995589591015769,0.005214889126256001,75.78753209432693,1
2017-11-03,10452.5,10461.7001953125,10403.599609375,10461.5498046875,199900,10403.15,10221.362451171875,0.0027533333189682097,0.0043059231850113636,74.05677871531687,0
2017-11-06,10451.7998046875,10490.4501953125,10413.75,10431.75,193600,10420.7798828125,10244.967431640625,-6.698831021290097e-05,0.004397882098555105,70.8540796029989,0
2017-11-07,10350.150390625,10485.75,10340.7998046875,10477.150390625,286900,10423.75,10263.037451171875,-0.009725541625559164,0.005883326393883314,59.21470781761136,0
2017-11-08,10303.150390625,10384.25,10285.5,10361.9501953125,274500,10396.280078125,10277.3474609375,-0.004540996818999998,0.005557773626652969,57.086963693895,1
2017-11-09,10308.9501953125,10368.4501953125,10266.9501953125,10358.650390625,240200,10373.31015625,10293.55498046875,0.0005629156585715833,0.005324952218110172,63.700022737533075,1
2017-11-10,10321.75,10344.9501953125,10254.099609375,10304.349609375,279400,10347.16015625,10304.8224609375,0.0012416205767800115,0.005310028435351908,62.0680630976526,0
2017-11-13,10224.9501953125,10334.150390625,10216.25,10322.0,210300,10301.790234375,10307.6974609375,-0.009378235734008311,0.005855045226351963,51.34523820403388,0
2017-11-14,10186.599609375,10248.0,10175.5498046875,10223.400390625,305000,10269.080078125,10305.4849609375,-0.0037506868204679744,0.005890792505241007,40.81273017674935,0
2017-11-15,10118.0498046875,10175.4501953125,10094.0,10171.9501953125,207400,10232.0599609375,10299.66494140625,-0.00672940994209803,0.004434206524156988,31.55490091568018,1
2017-11-16,10214.75,10232.25,10139.2001953125,10152.900390625,182600,10213.219921875,10299.8599609375,0.009557197007243445,0.005990611255735725,42.12824615174947,1
2017-11-17,10283.599609375,10343.599609375,10268.0498046875,10324.5498046875,203300,10205.58984375,10306.712451171876,0.006740214824151325,0.006457172555852721,44.41103556613731,1
2017-11-20,10298.75,10309.849609375,10261.5,10287.2001953125,147200,10220.3498046875,10312.407470703125,0.0014732575363192169,0.006516141881060435,47.40025645264586,1
2017-11-21,10326.900390625,10358.7001953125,10315.0498046875,10329.25,186100,10248.4099609375,10318.36748046875,0.0027333793542905216,0.005923196423655066,40.92510477093936,1
2017-11-22,10342.2998046875,10368.7001953125,10309.5498046875,10350.7998046875,157600,10293.2599609375,10320.714990234375,0.00149119420929833,0.005737255750601713,43.47582044747416,1
2017-11-23,10348.75,10374.2998046875,10307.2998046875,10358.4501953125,153000,10320.0599609375,10320.9625,0.0006236712756650942,0.005737486495963767,41.38789181687597,1
2017-11-24,10389.7001953125,10404.5,10362.25,10366.7998046875,129200,10341.280078125,10324.29501953125,0.003957018510689636,0.005844981536909079,45.16809468376437,1
2017-11-27,10399.5498046875,10407.150390625,10340.2001953125,10361.0498046875,141900,10361.4400390625,10326.089990234375,0.000948016707878141,0.004665297854137572,54.48433474758829,0
2017-11-28,10370.25,10409.5498046875,10355.2001953125,10387.900390625,196000,10370.1099609375,10327.8375,-0.0028174108723719726,0.004552005236507625,56.29334632730897,0
2017-11-29,10361.2998046875,10392.9501953125,10345.900390625,10376.650390625,152500,10373.9099609375,10323.877490234376,-0.0008630645657047298,0.00361191358124316,54.881082459207455,0
2017-11-30,10226.5498046875,10332.7001953125,10211.25,10332.7001953125,342500,10349.469921875,10314.014990234375,-0.013005125084696312,0.005290384689433983,42.76814288490898,0
2017-12-01,10121.7998046875,10272.7001953125,10108.5498046875,10263.7001953125,143400,10295.88984375,10297.47998046875,-0.010242946252702612,0.005645940619444991,42.25772497647104,1
2017-12-04,10127.75,10179.2001953125,10095.7001953125,10175.0498046875,148600,10241.5298828125,10281.277490234375,0.0005878594150563465,0.005599662701737632,45.35703279092703,0
2017-12-05,10118.25,10147.9501953125,10069.099609375,10118.25,155500,10191.1298828125,10269.682470703125,-0.0009380168349337747,0.005396365139377958,50.017417369450456,0
2017-12-06,10044.099609375,10104.2001953125,10033.349609375,10088.7998046875,166100,10127.68984375,10256.729931640624,-0.007328380957675518,0.005477783605904189,34.54674727008394,1
2017-12-07,10166.7001953125,10182.650390625,10061.900390625,10063.4501953125,166200,10115.719921875,10249.617431640625,0.012206229598028528,0.0072464775493236945,40.35326371640909,1
2017-12-08,10265.650390625,10270.849609375,10195.25,10198.4501953125,200000,10144.4900390625,10246.812451171874,0.009732773998600175,0.007948068996713565,47.60043836919862,1
2017-12-11,10322.25,10329.2001953125,10282.0498046875,10310.5,147400,10183.3900390625,10251.67744140625,0.0055134947345070184,0.008210178481236638,49.676224458991605,0
2017-12-12,10240.150390625,10326.099609375,10230.2001953125,10324.900390625,175100,10207.7701171875,10254.35498046875,-0.007953654423696332,0.008511420112900308,43.49242926661748,0
2017-12-13,10192.9501953125,10296.5498046875,10169.849609375,10236.599609375,181600,10237.540234375,10258.1,-0.004609326378225087,0.008575722054536133,40.56445650952491,1
2017-12-14,10252.099609375,10276.099609375,10141.5498046875,10229.2998046875,154300,10254.6201171875,10259.96748046875,0.005802972930222028,0.007827155581102517,41.8463724942162,1
2017-12-15,10333.25,10373.099609375,10319.650390625,10345.650390625,255100,10268.1400390625,10262.45,0.007915489872025061,0.007196295387024326,46.37745807912595,1
2017-12-18,10388.75,10443.5498046875,10074.7998046875,10263.099609375,230400,10281.4400390625,10266.95,0.005371011056540809,0.007243944550553163,50.982682707191266,1
2017-12-19,10463.2001953125,10472.2001953125,10406.0,10414.7998046875,169100,10326.05,10273.764990234375,0.007166424768379365,0.007261044631140691,55.06060347403013,0
2017-12-20,10444.2001953125,10494.4501953125,10437.150390625,10494.400390625,175200,10376.3,10278.860009765625,-0.001815888030940238,0.0065300605136289925,62.213130564773856,0
2017-12-21,10440.2998046875,10473.9501953125,10426.900390625,10473.9501953125,151900,10413.9400390625,10283.4375,-0.00037345038892977467,0.005944636964075833,70.15309590368355,1
2017-12-22,10493.0,10501.099609375,10448.25,10457.2998046875,138800,10445.8900390625,10288.602490234374,0.0050477664720738336,0.0054941499471989974,71.82026934628337,1
2017-12-26,10531.5,10545.4501953125,10477.9501953125,10512.2998046875,155600,10474.4400390625,10295.2,0.003669112741827796,0.005400966388334605,73.86104513867744,0
2017-12-27,10490.75,10552.400390625,10469.25,10531.0498046875,165200,10479.95,10301.225,-0.003869344347908643,0.00466737690890146,76.82421305006733,0
2017-12-28,10477.900390625,10534.5498046875,10460.4501953125,10498.2001953125,272900,10486.6900390625,10307.055029296875,-0.0012248513571480046,0.004199428432652001,71.52741279772802,1
2017-12-29,10530.7001953125,10538.7001953125,10488.650390625,10492.349609375,152000,10504.7701171875,10322.262548828125,0.005039158869532878,0.004144701641538046,69.58546029739252,0
2018-01-02,10442.2001953125,10495.2001953125,10404.650390625,10477.5498046875,153400,10494.61015625,10338.282568359375,-0.008403999578242116,0.00498696605298645,58.46448580741639,1
2018-01-03,10443.2001953125,10503.599609375,10429.5498046875,10482.650390625,167300,10476.9501953125,10354.055078125,9.576525840304662e-05,0.004753908934474065,66.18055155647625,1
2018-01-04,10504.7998046875,10513.0,10441.4501953125,10469.400390625,174900,10479.76015625,10373.382568359375,0.0058985376343401175,0.004570715281619966,74.29304348090693,1
2018-01-05,10558.849609375,10566.099609375,10520.099609375,10534.25,180900,10495.95,10399.120068359374,0.005145248428569005,0.004722252081292913,74.08716136631331,1
2018-01-08,10623.599609375,10631.2001953125,10588.5498046875,10591.7001953125,169000,10514.5298828125,10421.9650390625,0.006132296831134809,0.004939481627752023,73.40209496283282,1
2018-01-09,10637.0,10659.150390625,10603.599609375,10645.099609375,205000,10553.48984375,10440.53251953125,0.0012613794869653638,0.00480206676230499,71.4656290531777,0
2018-01-10,10632.2001953125,10655.5,10592.7001953125,10652.0498046875,176400,10591.28984375,10456.030029296875,-0.0004512366915013777,0.004759873340329785,66.61424791573062,1
2018-01-11,10651.2001953125,10664.599609375,10612.349609375,10637.0498046875,153800,10620.569921875,10476.58251953125,0.0017870242895141608,0.00444776512932759,70.34999596778839,1
2018-01-12,10681.25,10690.400390625,10597.099609375,10682.5498046875,175200,10645.05,10500.997509765624,0.00282125996474325,0.004352538321671123,72.52927866643049,1
2018-01-15,10741.5498046875,10782.650390625,10713.7998046875,10718.5,175900,10668.6400390625,10525.47001953125,0.005645388385020489,0.004404526904843562,72.91420957388385,0
2018-01-16,10700.4501953125,10762.349609375,10687.849609375,10761.5,211000,10681.330078125,10543.830029296874,-0.003826227138756466,0.003304330425034191,65.50149007126896,1
2018-01-17,10788.5498046875,10803.0,10666.75,10702.4501953125,252700,10712.6,10563.82001953125,0.008233261943837888,0.0036443845764354715,75.13936222306859,1
2018-01-18,10817.0,10887.5,10782.400390625,10873.400390625,312000,10745.7599609375,10581.510009765625,0.002637073177355065,0.003526517113343845,77.89114007017002,1
2018-01-19,10894.7001953125,10906.849609375,10793.900390625,10829.2001953125,207600,10788.45,10604.035009765625,0.007183155709762357,0.003721689765432262,78.76111520927921,1
2018-01-22,10966.2001953125,10975.099609375,10881.400390625,10883.2001953125,231600,10833.380078125,10630.330029296874,0.006562824007838586,0.003762388545297778,92.54636222640181,1
2018-01-23,11083.7001953125,11092.900390625,10994.5498046875,10997.400390625,284600,10910.030078125,10659.8650390625,0.010714741469905364,0.004364666386516708,93.73214700069612,1
2018-01-24,11086.0,11110.099609375,11046.150390625,11069.349609375,283400,10969.5201171875,10687.5900390625,0.00020749430668232094,0.0042921994552961905,93.17986914333724,0
2018-01-25,11069.650390625,11095.599609375,11009.2001953125,11095.599609375,330300,11020.0501953125,10716.53505859375,-0.001474797886974577,0.004607982607983075,90.20161525856741,1
2018-01-29,11130.400390625,11171.5498046875,11075.9501953125,11079.349609375,241700,11067.190234375,10749.16005859375,0.005487978197707966,0.004617673373614658,90.1395312862557,0
2018-01-30,11049.650390625,11121.099609375,11033.900390625,11120.849609375,228000,11083.8802734375,10775.107568359375,-0.0072549052294663685,0.005800066858127281,79.532048486475,0
2018-01-31,11027.7001953125,11058.5,10979.2998046875,11018.7998046875,245900,11072.6802734375,10804.382568359375,-0.001986505865481769,0.005590260586876445,77.6264771930399,0
2018-02-01,11016.900390625,11117.349609375,10878.7998046875,11044.5498046875,306200,11058.8603515625,10833.067578125,-0.000979334267002474,0.005393326832135842,75.84093427787921,0
2018-02-02,10760.599609375,10954.9501953125,10736.099609375,10938.2001953125,282700,10997.0501953125,10845.857568359375,-0.023264327729431322,0.00965096668314465,54.248521848614715,0
2018-02-05,10666.5498046875,10702.75,10586.7998046875,10604.2998046875,240100,10904.280078125,10851.242578125,-0.00874020111347329,0.00955923258236988,46.124430018711735,0
2018-02-06,10498.25,10594.150390625,10276.2998046875,10295.150390625,266500,10794.0,10844.97509765625,-0.015778279553294694,0.009920620168975403,40.76542604196865,0
2018-02-07,10476.7001953125,10614.0,10446.400390625,10607.2001953125,250400,10683.8,10836.960107421875,-0.0020527044686019513,0.008491181440150928,34.83590520909311,1
2018-02-08,10576.849609375,10637.7998046875,10479.5498046875,10518.5,232200,10595.78984375,10834.192578125,0.009559251691416026,0.009637451996768878,39.083569198862165,0
2018-02-09,10454.9501953125,10480.2001953125,10398.2001953125,10416.5,191600,10534.6599609375,10824.380078125,-0.011525115565078292,0.009792521274806948,30.782650852503565,1
2018-02-12,10539.75,10555.5,10485.400390625,10518.2001953125,217400,10509.3,10817.305078125,0.008110971654893273,0.010152618387999525,31.578001513634106,0
2018-02-14,10500.900390625,10590.5498046875,10456.650390625,10585.75,229200,10509.830078125,10805.272607421875,-0.0036860086221209842,0.010142544678236191,22.988461005767235,1
2018-02-15,10545.5,10618.099609375,10511.0498046875,10537.900390625,210600,10523.5900390625,10797.52509765625,0.004247217640005241,0.010534660108517415,25.894160647523876,0
2018-02-16,10452.2998046875,10612.900390625,10434.0498046875,10596.2001953125,184300,10498.680078125,10780.71259765625,-0.00883791146104973,0.01054334637024255,24.233002554008763,0
2018-02-19,10378.400390625,10489.349609375,10302.75,10488.900390625,187300,10483.3701171875,10758.7826171875,-0.0070701582851038225,0.00850689448614048,18.953783531855464,0
2018-02-20,10360.400390625,10429.349609375,10347.650390625,10391.0,187700,10447.5001953125,10732.067626953125,-0.001734371321447492,0.008320909876312057,19.98948897362719,1
2018-02-21,10397.4501953125,10426.099609375,10349.599609375,10426.0,234100,10426.81015625,10703.630126953125,0.003576097765586983,0.007155937252064506,22.91454376054459,0
2018-02-22,10382.7001953125,10397.5498046875,10340.650390625,10354.349609375,313600,10394.2501953125,10668.580126953126,-0.0014186170381128571,0.0071477992919105815,22.837006395268588,1
2018-02-23,10491.0498046875,10499.099609375,10396.650390625,10408.099609375,210600,10402.0001953125,10638.8326171875,0.010435590678416817,0.00729385882384883,36.77959753351094,1
2018-02-26,10582.599609375,10592.9501953125,10520.2001953125,10526.5498046875,171900,10442.8400390625,10614.480078125,0.008726467454819975,0.006775122042323422,45.87243710826204,0
2018-02-27,10554.2998046875,10631.650390625,10537.25,10615.2001953125,187500,10481.619921875,10585.675048828125,-0.0026741826897078713,0.006407371791780721,53.19573760597243,0
2018-02-28,10492.849609375,10535.5,10461.5498046875,10488.9501953125,286000,10500.6998046875,10557.835009765626,-0.005822290104475547,0.006582924325044689,50.8807041798965,0
2018-03-01,10458.349609375,10525.5,10447.150390625,10479.9501953125,176000,10515.8296875,10529.36748046875,-0.0032879533476946055,0.006465684398486955,43.039216361145726,0
2018-03-05,10358.849609375,10428.7001953125,10323.900390625,10428.2998046875,194000,10489.3896484375,10496.46494140625,-0.009513929416818057,0.006561757951166854,44.20241101275025,0
2018-03-06,10249.25,10441.349609375,10215.900390625,10420.5,222900,10422.7197265625,10470.8974609375,-0.010580287725753812,0.007008464085275906,32.98378645530636,0
2018-03-07,10154.2001953125,10243.349609375,10141.5498046875,10232.9501953125,249500,10342.6998046875,10445.27998046875,-0.00927383024977435,0.007459828922269484,30.946306109809328,1
2018-03-08,10242.650390625,10270.349609375,10146.400390625,10216.25,226400,10292.6599609375,10432.5,0.008710700361544088,0.008039207304036717,34.12152752177083,0
2018-03-09,10226.849609375,10296.7001953125,10211.900390625,10271.2998046875,186500,10246.3599609375,10420.007470703125,-0.001542645765246653,0.008039215183886462,37.135495202718445,1
2018-03-12,10421.400390625,10433.650390625,10295.4501953125,10301.599609375,216400,10258.8701171875,10412.235009765625,0.019023530088059015,0.009733889299924376,52.156684880675066,1
2018-03-13,10426.849609375,10478.599609375,10377.849609375,10389.5,266700,10294.3900390625,10410.82998046875,0.0005228873803659884,0.0091887660728312,53.37528547363324,0
2018-03-14,10410.900390625,10420.349609375,10336.2998046875,10393.0498046875,181400,10345.730078125,10404.3875,-0.001529629691374823,0.009178860512815409,50.69816812606261,0
2018-03-15,10360.150390625,10420.0,10346.2001953125,10405.4501953125,173900,10369.230078125,10397.35,-0.004874698450260895,0.009132095444790609,48.871662410540736,0
2018-03-16,10195.150390625,10346.2998046875,10180.25,10345.150390625,328500,10362.890234375,10379.83251953125,-0.01592640973139836,0.010253545847788294,35.98827643420847,0
2018-03-19,10094.25,10224.5498046875,10075.2998046875,10215.349609375,210200,10297.46015625,10361.930029296875,-0.009896900659531527,0.010283332200964144,27.07816900375498,1
2018-03-20,10124.349609375,10155.650390625,10049.099609375,10051.5498046875,203000,10236.96015625,10349.227490234374,0.002981856935879268,0.009994915664705853,29.853321118482526,1
2018-03-21,10155.25,10227.2998046875,10132.9501953125,10181.9501953125,204800,10185.830078125,10338.969970703125,0.003052086486265315,0.009639648266878945,33.71444238422576,0
2018-03-22,10114.75,10207.849609375,10105.400390625,10167.5,230500,10136.75,10324.8349609375,-0.003988084980675044,0.00919861475948511,33.52040242805755,0
2018-03-23,9998.0498046875,10027.7001953125,9951.900390625,9968.7998046875,285700,10097.3298828125,10305.60244140625,-0.011537625281148767,0.009763502969866063,32.9763264042288,1
2018-03-26,10130.650390625,10143.5,9958.5498046875,9989.150390625,262600,10104.6099609375,10287.582470703124,0.013262645068574441,0.008452948091877034,44.52297584708384,1
2018-03-27,10184.150390625,10207.900390625,10139.650390625,10188.0,225700,10116.5701171875,10267.660009765625,0.005281003483202706,0.008787649950053945,51.43832089436743,0
2018-03-28,10113.7001953125,10158.349609375,10096.900390625,10143.599609375,344400,10108.26015625,10245.630029296875,-0.006917631084606968,0.008898450050575026,43.698381322258996,1
2018-04-02,10211.7998046875,10220.099609375,10127.75,10151.650390625,225400,10127.6701171875,10231.5775390625,0.009699675438319622,0.009689520566630815,49.31929069480848,1
2018-04-03,10245.0,10255.349609375,10171.0498046875,10186.849609375,205300,10177.06015625,10220.91005859375,0.0032511600254110373,0.00829175865577873,40.657744751013176,0
2018-04-04,10128.400390625,10279.849609375,10111.2998046875,10274.599609375,231100,10176.61015625,10209.38759765625,-0.011381123413860439,0.008509344372210612,35.85883824923005,1
2018-04-05,10325.150390625,10331.7998046875,10227.4501953125,10228.4501953125,236800,10204.81015625,10213.1826171875,0.019425574859986305,0.01043988608520431,46.53129137974079,1
2018-04-06,10331.599609375,10350.4501953125,10290.849609375,10322.75,200200,10248.3900390625,10222.052587890625,0.0006246125727966678,0.0104413080973292,48.80214888818964,1
2018-04-09,10379.349609375,10397.7001953125,10328.5,10333.7001953125,221600,10281.9,10228.887548828125,0.004621743176794313,0.010267085598809383,58.571392217310375,1
2018-04-10,10402.25,10424.849609375,10381.5,10412.900390625,251700,10313.35,10237.657568359375,0.002206341580816895,0.009001253483661554,65.45408931259408,1
2018-04-11,10417.150390625,10428.150390625,10355.599609375,10428.150390625,250400,10371.1,10237.445068359375,0.0014324199692374862,0.008407527188467531,64.91901294917062,1
2018-04-12,10458.650390625,10469.900390625,10395.25,10410.650390625,238600,10397.8,10239.035107421874,0.003983815001590951,0.008375358271233363,65.29389409927676,1
2018-04-13,10480.599609375,10519.900390625,10451.4501953125,10495.2998046875,213100,10427.6,10242.520068359376,0.002098666456015641,0.007682225973923573,68.79333005588386,1
2018-04-16,10528.349609375,10540.150390625,10396.349609375,10398.2998046875,195000,10457.4,10250.930029296875,0.004556037037927396,0.007394994158617715,79.31778793981243,1
2018-04-17,10548.7001953125,10560.4501953125,10495.650390625,10557.2998046875,206100,10486.6900390625,10268.60751953125,0.001932932196645476,0.007403386749325341,76.38705509757003,0
2018-04-18,10526.2001953125,10594.2001953125,10509.7001953125,10578.900390625,205400,10508.5,10290.205029296874,-0.002132964212026689,0.005823247611190097,72.46929435719261,1
2018-04-19,10565.2998046875,10572.2001953125,10546.2001953125,10563.650390625,262600,10529.8298828125,10312.2525390625,0.0037145036812440413,0.0020739371739992543,80.94000647652794,0
2018-04-20,10564.0498046875,10582.349609375,10527.4501953125,10560.349609375,244600,10546.519921875,10332.692529296875,-0.00011831183431687542,0.0021525880092252243,77.82608695652173,1
2018-04-23,10584.7001953125,10638.349609375,10514.9501953125,10592.7998046875,194200,10557.7900390625,10356.1900390625,0.0019547797489403163,0.001981699278779615,77.37753998573876,1
2018-04-24,10614.349609375,10636.7998046875,10569.0,10578.099609375,219200,10570.919921875,10387.005029296875,0.0028011576629851653,0.0019986749112726084,95.54784238776243,0
2018-04-25,10570.5498046875,10612.599609375,10536.4501953125,10612.400390625,189200,10579.78984375,10409.0,-0.00412647089076601,0.0027952668440557426,82.24704913110097,1
2018-04-26,10617.7998046875,10628.400390625,10559.650390625,10586.5,335100,10590.28984375,10430.682470703125,0.0044699661676110836,0.0028476507592327276,83.96633372816177,1
2018-04-27,10692.2998046875,10719.7998046875,10647.5498046875,10651.650390625,0,10615.93984375,10459.612451171875,0.007016519558704637,0.003341477808080807,84.92359465827381,1
2018-04-30,10739.349609375,10759.0,10704.599609375,10705.75,173800,10646.8697265625,10485.98994140625,0.004400344691688707,0.0033286182122323634,85.69463861750619,0
2018-05-02,10718.0498046875,10784.650390625,10689.7998046875,10783.849609375,229700,10667.609765625,10509.642431640625,-0.0019833421447520427,0.0035586751630490633,81.43546527643164,0
2018-05-03,10679.650390625,10720.599609375,10647.4501953125,10720.150390625,185200,10689.4298828125,10537.204931640625,-0.003582686660562606,0.0037519100773525742,73.23879156312255,0
2018-05-04,10618.25,10700.4501953125,10601.599609375,10700.4501953125,186500,10689.519921875,10551.859912109376,-0.0057492884485150775,0.0042755745770074,63.36543348479447,1
2018-05-07,10715.5,10725.650390625,10635.650390625,10653.150390625,168400,10694.1599609375,10571.054931640625,0.00915875968262192,0.005059170580711856,66.57814240929002,1
2018-05-08,10717.7998046875,10758.5498046875,10689.400390625,10757.900390625,269800,10689.85,10587.97744140625,0.00021462411343375898,0.005069260130536205,65.4740202176182,1
2018-05-09,10741.7001953125,10766.25,10689.849609375,10693.349609375,215400,10694.580078125,10604.949951171875,0.0022299717349214543,0.005053182435277805,69.6696295187059,0
2018-05-10,10716.5498046875,10785.5498046875,10705.0,10779.650390625,192100,10701.9599609375,10619.919921875,-0.0023413789407356056,0.004872211600681074,64.16597458758795,1
2018-05-11,10806.5,10812.0498046875,10724.4501953125,10741.9501953125,203100,10739.6099609375,10637.31240234375,0.00839357787271755,0.005288589851497516,69.47235333518434,1
2018-05-14,10806.599609375,10834.849609375,10774.75,10815.150390625,171400,10757.8298828125,10653.61240234375,9.217542682682378e-06,0.004971773976029308,68.43021378966887,0
2018-05-15,10801.849609375,10929.2001953125,10781.400390625,10812.599609375,254300,10774.63984375,10667.28740234375,-0.0004395462191344457,0.00484607644976463,66.24502919028683,0
2018-05-16,10741.099609375,10790.4501953125,10699.7001953125,10751.9501953125,231100,10774.5197265625,10676.907373046875,-0.005624036826737067,0.005185814256373497,64.35484056570121,0
2018-05-17,10682.7001953125,10777.25,10664.5,10775.599609375,214100,10767.7498046875,10684.732373046874,-0.005437005165795927,0.005367154494544954,55.36190304070844,0
2018-05-18,10596.400390625,10674.9501953125,10589.099609375,10671.849609375,223000,10725.7298828125,10686.28740234375,-0.008078463600931896,0.005687365626241842,42.22856030401689,0
2018-05-21,10516.7001953125,10621.7001953125,10505.7998046875,10616.7001953125,0,10667.75,10683.919921875,-0.007521440524559053,0.005050800998717228,32.86387940610997,1
2018-05-22,10536.7001953125,10558.599609375,10490.5498046875,10518.4501953125,241700,10614.7201171875,10681.519921875,0.0019017372016476575,0.005154883558278442,36.01452004036692,0
2018-05-23,10430.349609375,10533.5498046875,10417.7998046875,10521.099609375,290900,10552.5701171875,10672.319921875,-0.010093348388598211,0.005569768869613932,32.59803787907707,1
2018-05-24,10513.849609375,10535.150390625,10419.7998046875,10464.849609375,297600,10518.8,10669.484912109376,0.008005484296034426,0.006562435838227386,42.930638177436975,1
2018-05-25,10605.150390625,10628.0498046875,10524.0,10533.0498046875,260800,10520.55,10668.85244140625,0.00868385840031305,0.006613414140789721,42.46710131594736,1
2018-05-28,10688.650390625,10709.7998046875,10640.5498046875,10648.349609375,232600,10554.9400390625,10668.669970703126,0.007873532851907061,0.00729297992653032,48.208728256473094,0
2018-05-29,10633.2998046875,10717.25,10616.099609375,10689.400390625,225800,10574.2599609375,10663.36748046875,-0.005178444790938985,0.007400423673002047,43.5865465504331,0
2018-05-30,10614.349609375,10648.7001953125,10558.4501953125,10579.0,238700,10611.0599609375,10658.182470703125,-0.0017821556488181178,0.0072637001524106974,43.90868823738264,1
2018-05-31,10736.150390625,10763.7998046875,10620.400390625,10670.099609375,610300,10655.5201171875,10661.007470703125,0.011475105468772284,0.008080786543563175,45.96041047496215,0
2018-06-01,10696.2001953125,10764.75,10681.5,10738.4501953125,220600,10673.730078125,10664.90498046875,-0.0037210912532843476,0.007672257240083316,43.938111891486685,0
2018-06-04,10628.5,10770.2998046875,10618.349609375,10765.9501953125,203800,10661.7,10660.55498046875,-0.006329368754912523,0.00753377160906303,41.097061142441,0
2018-06-05,10593.150390625,10633.150390625,10550.900390625,10630.7001953125,167700,10653.6701171875,10654.322509765625,-0.003325926459519235,0.007651146887414786,42.198024941601055,1
2018-06-06,10684.650390625,10698.349609375,10587.5,10603.4501953125,189900,10667.7302734375,10651.47001953125,0.0086376570355291,0.0070198247105525,50.09937271286014,1
2018-06-07,10768.349609375,10818.0,10722.599609375,10722.599609375,220900,10674.1701171875,10654.060009765624,0.007833594520176401,0.007004860482732558,58.78500009978646,0
2018-06-08,10767.650390625,10779.4501953125,10709.0498046875,10736.400390625,209400,10688.46015625,10652.117529296875,-6.493276828523076e-05,0.006673657234793529,63.94708019491057,1
2018-06-11,10786.9501953125,10850.5498046875,10777.0498046875,10781.849609375,211400,10720.1501953125,10651.13505859375,0.0017923877528847054,0.006299146260382218,63.91899848564842,1
2018-06-12,10842.849609375,10856.5498046875,10789.400390625,10816.150390625,198300,10770.0900390625,10653.18505859375,0.005182133323169635,0.006028361383835256,74.30760164997054,1
2018-06-13,10856.7001953125,10893.25,10842.650390625,10887.5,213400,10804.5,10658.965087890625,0.0012773935299743577,0.005892903503900174,72.01003582251991,0
2018-06-14,10808.0498046875,10833.7001953125,10773.5498046875,10832.900390625,184300,10812.4400390625,10665.232568359375,-0.0044811397339686865,0.0052504211423696715,63.78017931497382,1
2018-06-15,10817.7001953125,10834.0,10755.400390625,10808.650390625,305400,10822.45,10676.29755859375,0.000892889170515776,0.005018283050788239,59.74180497665306,0
2018-06-18,10799.849609375,10830.2001953125,10787.349609375,10830.2001953125,196600,10825.0298828125,10690.455029296874,-0.00165012762557748,0.004427672456481819,63.32717040167415,0
2018-06-19,10710.4501953125,10789.4501953125,10701.2001953125,10789.4501953125,224500,10798.55,10699.142529296874,-0.008277838793689818,0.005242840409041123,56.9107301116453,1
2018-06-20,10772.0498046875,10781.7998046875,10724.0498046875,10734.650390625,193500,10781.619921875,10716.2275390625,0.005751355755517995,0.004847154075593842,52.82628651738088,0
2018-06-21,10741.099609375,10809.599609375,10725.900390625,10808.4501953125,223600,10768.2298828125,10727.5900390625,-0.0028731945983977436,0.004276019367085332,53.58565022421524,1
2018-06-22,10821.849609375,10837.0,10710.4501953125,10742.7001953125,229800,10769.059765625,10738.425,0.007517852262492797,0.004933336616801394,65.12556379948907,0
2018-06-25,10762.4501953125,10831.0498046875,10753.0498046875,10822.900390625,229600,10761.5798828125,10742.114990234375,-0.005488841206131911,0.005250676343705576,62.76389124080605,1
2018-06-26,10769.150390625,10805.25,10732.5498046875,10742.7001953125,220000,10773.319921875,10748.90751953125,0.0006225529680423669,0.004917320044517553,57.30465320456541,0
2018-06-27,10671.400390625,10785.5,10652.400390625,10785.5,246000,10753.1900390625,10751.76005859375,-0.009076853461448153,0.0055152645460694845,41.817930070483364,0
2018-06-28,10589.099609375,10674.2001953125,10557.7001953125,10660.7998046875,352300,10722.7900390625,10744.40751953125,-0.007712275637441368,0.005783991776981731,36.755390972258446,1
2018-06-29,10714.2998046875,10723.0498046875,10612.349609375,10612.849609375,242800,10701.280078125,10745.3125,0.011823497741172861,0.007245744200963873,45.342632125909326,0
2018-07-02,10657.2998046875,10736.150390625,10604.650390625,10732.349609375,295400,10680.25,10746.752490234376,-0.005319993003655044,0.007377646900172137,38.12179840634561,1
2018-07-03,10699.900390625,10713.2998046875,10630.25,10668.599609375,202100,10666.4,10752.089990234375,0.003997315147197256,0.007104406026678075,40.318630258900654,1
2018-07-04,10769.900390625,10777.150390625,10677.75,10715.0,173900,10686.1,10756.352490234374,0.006542116977213297,0.0071804666196287155,47.705026089796846,0
2018-07-05,10749.75,10786.0498046875,10726.25,10786.0498046875,220500,10718.230078125,10755.422509765625,-0.0018709913642785958,0.007142753737697545,45.96328135605806,1
2018-07-06,10772.650390625,10816.349609375,10735.0498046875,10744.150390625,0,10729.9001953125,10755.672509765625,0.0021303184376380013,0.006711536770978093,48.39381238307678,1
2018-07-09,10852.900390625,10860.349609375,10807.150390625,10838.2998046875,183600,10769.0203125,10758.97001953125,0.007449420253147654,0.0068742159406923,58.503963724256785,1
2018-07-10,10947.25,10956.900390625,10876.650390625,10902.75,197000,10818.490234375,10764.1900390625,0.008693492612951825,0.00730381072786362,60.065485547958964,1
2018-07-11,10948.2998046875,10976.650390625,10923.0,10956.400390625,222300,10854.1701171875,10768.77001953125,9.589665783638068e-05,0.0063136580395152485,62.32745467834729,1
2018-07-12,11023.2001953125,11078.2998046875,10999.650390625,11006.9501953125,248300,10908.86015625,10779.5275390625,0.006841280560560881,0.0052675490066146835,62.06339715018237,0
2018-07-13,11018.900390625,11071.349609375,10999.75,11056.900390625,0,10958.11015625,10789.587548828125,-0.0003900686380828855,0.004640475304258321,66.45066960342488,0
2018-07-16,10936.849609375,11019.5,10926.25,11018.9501953125,210500,10974.9,10796.437548828126,-0.0074463674542162295,0.005082426076274719,59.80923504372126,1
2018-07-17,11008.0498046875,11018.5,10925.599609375,10939.650390625,210600,10987.0599609375,10811.317529296875,0.006510119262449043,0.005219230496212405,70.322862859629,0
2018-07-18,10980.4501953125,11076.2001953125,10956.2998046875,11060.2001953125,225500,10993.4900390625,10821.737548828125,-0.002507220612614547,0.005292996133233436,75.2956949541545,0
2018-07-19,10957.099609375,11006.5,10935.4501953125,10999.5,215400,10980.269921875,10832.537548828124,-0.0021265599790679657,0.005314073639950189,68.07347239042602,1
2018-07-20,11010.2001953125,11030.25,10946.2001953125,10963.5,187300,10978.5298828125,10841.955078125,0.00484622644956767,0.005394524297316994,76.42250266879195,1
2018-07-23,11084.75,11093.400390625,11010.9501953125,11019.849609375,229100,11008.1099609375,10858.070068359375,0.006770976309698584,0.005324939547623657,77.49900215757258,1
2018-07-24,11134.2998046875,11143.400390625,11092.5,11109.0,205800,11033.3599609375,10876.3275390625,0.00447008770495505,0.004896681017398512,76.82161571581572,0
2018-07-25,11132.0,11157.150390625,11113.25,11148.400390625,205900,11063.669921875,10899.35751953125,-0.0002065513528324292,0.00490865337559398,78.89480102638906,1
2018-07-26,11167.2998046875,11185.849609375,11125.7001953125,11132.9501953125,365400,11105.7099609375,10928.267529296874,0.0031710209025781477,0.004607520378219109,79.28315432963828,1
2018-07-27,11278.349609375,11283.400390625,11210.25,11232.75,314600,11159.33984375,10956.47001953125,0.009944194803553685,0.00529213058289786,80.18867401553851,1
2018-07-30,11319.5498046875,11328.099609375,11261.4501953125,11296.650390625,278800,11206.2998046875,10989.58251953125,0.0036530340643325943,0.0040226257505895716,78.5724671244437,1
2018-07-31,11356.5,11366.0,11267.75,11311.0498046875,256500,11250.73984375,11022.4125,0.0032642813495284972,0.00387680736819601,79.69154665655158,0
2018-08-01,11346.2001953125,11390.5498046875,11313.5498046875,11359.7998046875,269700,11293.5798828125,11051.227490234374,-0.0009069523785937283,0.003644416203456811,75.93124557035067,0
2018-08-02,11244.7001953125,11328.900390625,11234.9501953125,11328.900390625,210000,11309.0599609375,11075.975,-0.008945726168478219,0.005112425912560749,65.68052072412011,1
2018-08-03,11360.7998046875,11368.0,11294.5498046875,11297.7998046875,218300,11325.55,11105.382470703125,0.010324829240302646,0.005644974574530723,78.11155129787463,1
2018-08-06,11387.099609375,11427.650390625,11370.599609375,11401.5,203700,11339.0599609375,11132.092431640625,0.0023149606664707445,0.0055017854220702645,76.72566578854233,1
2018-08-07,11389.4501953125,11428.9501953125,11359.7001953125,11423.150390625,226400,11345.65,11154.20244140625,0.00020642534254866618,0.005515277137999381,79.90201538167165,1
2018-08-08,11450.0,11459.9501953125,11379.2998046875,11412.5,210500,11366.4099609375,11179.287451171875,0.005316306199962151,0.00551491917941344,84.176997478352,1
2018-08-09,11470.7001953125,11495.2001953125,11454.099609375,11493.25,302200,11411.6099609375,11201.662451171875,0.001807877319869089,0.005522511283112896,83.43259201279587,0
2018-08-10,11429.5,11478.75,11419.650390625,11474.9501953125,0,11425.35,11222.192431640626,-0.003591776841080363,0.005198427061699209,76.30275467233317,0
2018-08-13,11355.75,11406.2998046875,11340.2998046875,11369.599609375,246900,11419.080078125,11243.137451171875,-0.006452600726191027,0.005661393044137309,66.29388999783004,1
2018-08-14,11435.099609375,11452.4501953125,11370.7998046875,11381.7001953125,232600,11428.2099609375,11264.48994140625,0.006987615029830696,0.0059885245162458476,70.03038368109785,0
2018-08-16,11385.0498046875,11449.849609375,11366.25,11397.150390625,290600,11415.219921875,11284.719921875,-0.004376857779749166,0.006189527903684202,64.11487069893221,1
2018-08-17,11470.75,11486.4501953125,11431.7998046875,11437.150390625,234700,11415.2298828125,11310.40244140625,0.0075274326228431665,0.005602190397903395,62.895468540549594,1
2018-08-20,11551.75,11565.2998046875,11499.650390625,11502.099609375,232600,11439.6798828125,11337.479931640624,0.007061438877143944,0.005139748744512128,64.77476794517926,1
2018-08-21,11570.900390625,11581.75,11539.599609375,11576.2001953125,224200,11482.7099609375,11361.787451171875,0.00165779129785526,0.005134928251152086,63.958358764648445,1
2018-08-23,11582.75,11620.7001953125,11546.7001953125,11620.7001953125,248500,11512.2400390625,11384.2099609375,0.0010240870610727093,0.005116494785150553,65.3693629214524,0
2018-08-24,11557.099609375,11604.599609375,11532.0,11566.599609375,218800,11546.65,11405.46494140625,-0.0022145337355118366,0.0050785272337039635,72.5168895852602,1
2018-08-27,11691.9501953125,11700.9501953125,11595.599609375,11605.849609375,199500,11590.8900390625,11431.6974609375,0.011668203138797129,0.006116293211126854,73.24021657185936,1
2018-08-28,11738.5,11760.2001953125,11710.5,11731.9501953125,241900,11628.2400390625,11454.70498046875,0.003981355027167455,0.005818343839351225,73.97978904044591,0
2018-08-29,11691.900390625,11753.2001953125,11678.849609375,11744.9501953125,251600,11652.4400390625,11473.322509765625,-0.003969809547642367,0.005424691754854432,69.4639371440566,0
2018-08-30,11676.7998046875,11698.7998046875,11639.7001953125,11694.75,313800,11671.25,11489.3375,-0.0012915424723947133,0.005368898352587257,65.50235829850064,1
2018-08-31,11680.5,11727.650390625,11640.099609375,11675.849609375,346500,11695.930078125,11506.052490234375,0.00031688436681198695,0.0049259955875114135,64.6815617871411,0
2018-09-03,11582.349609375,11751.7998046875,11567.400390625,11751.7998046875,234400,11674.0099609375,11522.9349609375,-0.00840292715423141,0.005667015439924344,59.90662889288907,0
2018-09-04,11520.2998046875,11602.5498046875,11496.849609375,11598.75,254800,11630.369921875,11530.9099609375,-0.00535727264157837,0.005546441563229117,60.82919336491063,0
2018-09-05,11476.9501953125,11542.650390625,11393.849609375,11514.849609375,246100,11587.3798828125,11535.402490234375,-0.0037628889968090995,0.005602919093141855,52.89122828795838,1
2018-09-06,11536.900390625,11562.25,11436.0498046875,11514.150390625,247900,11559.4,11542.775,0.005223530144531363,0.005904174640542504,60.34896087767335,1
2018-09-07,11589.099609375,11603.0,11484.400390625,11558.25,295900,11541.119921875,11549.72998046875,0.0045245444601755835,0.006054320416757518,58.451727725907105,0
2018-09-10,11438.099609375,11573.0,11427.2998046875,11570.25,286700,11512.269921875,11548.099951171875,-0.013029485041085365,0.005934731290989351,42.62154560924333,0
2018-09-11,11287.5,11479.400390625,11274.0,11476.849609375,0,11465.7099609375,11540.999951171874,-0.013166488710376734,0.006415572900404461,34.28346753491516,1
2018-09-12,11369.900390625,11380.75,11250.2001953125,11340.099609375,268200,11444.3,11541.707470703124,0.0073001453488372725,0.007325623314831882,39.0526398267372,1
2018-09-14,11515.2001953125,11523.25,11430.5498046875,11443.5,276600,11439.9599609375,11545.7125,0.012779338401883056,0.008835701324942274,48.08117688414074,0
2018-09-17,11377.75,11464.9501953125,11366.900390625,11464.9501953125,201400,11397.6900390625,11545.347509765625,-0.011936413868727347,0.009408760791522214,35.64508573034762,0
2018-09-18,11278.900390625,11411.4501953125,11268.9501953125,11381.5498046875,240900,11365.8501953125,11535.755029296875,-0.008687975159851424,0.009428763202531932,29.959888266253344,0
2018-09-19,11234.349609375,11332.0498046875,11210.900390625,11326.650390625,250600,11355.2201171875,11519.885009765625,-0.003949922395540484,0.00939366010142879,30.013513951619373,0
2018-09-21,11143.099609375,11346.7998046875,10866.4501953125,11271.2998046875,719000,11309.8599609375,11498.494970703125,-0.00812241056873042,0.009559988347862251,28.141371203400695,0
2018-09-24,10967.400390625,11170.150390625,10943.599609375,11164.400390625,0,11200.3,11467.727490234374,-0.015767535507102526,0.009875818832765108,24.400480709228404,1
2018-09-25,11067.4501953125,11080.599609375,10882.849609375,10969.9501953125,405000,11138.2400390625,11443.24501953125,0.009122472156029238,0.010458654262146466,31.54083089489984,0
2018-09-26,11053.7998046875,11145.5498046875,10993.0498046875,11145.5498046875,340500,11093.219921875,11411.3375,-0.0012333817079910325,0.01005283867071745,32.67472309064928,0
2018-09-27,10977.5498046875,11089.4501953125,10953.349609375,11079.7998046875,405700,11041.8599609375,11373.289990234374,-0.006898080420062014,0.009557053997199435,31.895277207392198,0
2018-09-28,10930.4501953125,11034.099609375,10850.2998046875,11008.099609375,478100,10999.330078125,11335.21748046875,-0.004290539347394984,0.008883287948388668,27.80763339792057,1
2018-10-01,11008.2998046875,11035.650390625,10821.5498046875,10930.900390625,387000,11007.5099609375,11301.79248046875,0.007122269255513958,0.007819652486774336,29.1379234141547,0
2018-10-03,10858.25,10989.0498046875,10843.75,10982.7001953125,386800,10965.669921875,11260.67998046875,-0.01363060666494631,0.008015435461361806,29.15782689826274,0
2018-10-04,10599.25,10754.7001953125,10547.25,10754.7001953125,425100,10874.7599609375,11211.525,-0.023852830796859514,0.010045282580085026,27.04990634581968,0
2018-10-05,10316.4501953125,10540.650390625,10261.900390625,10514.099609375,606400,10742.5400390625,11151.33251953125,-0.026681114672028716,0.011893893689365744,19.013411695090042,1
2018-10-08,10348.0498046875,10398.349609375,10198.400390625,10310.150390625,456200,10626.0599609375,11094.8875,0.003063031253653259,0.012438798827040578,13.208033906820262,0
2018-10-09,10301.0498046875,10397.599609375,10279.349609375,10390.2998046875,430500,10484.6099609375,11033.094970703125,-0.004541918611438267,0.012091888191845082,14.006770719413424,1
2018-10-10,10460.099609375,10482.349609375,10318.25,10331.849609375,0,10404.9798828125,10976.644970703124,0.015440154906845027,0.013103112978803714,23.687203434510806,0
2018-10-11,10234.650390625,10335.9501953125,10138.599609375,10169.7998046875,483500,10332.0599609375,10916.472509765625,-0.021553257346415555,0.013910001138345434,21.220030587917762,1
2018-10-12,10472.5,10492.4501953125,10322.150390625,10331.5498046875,343500,10363.269921875,10875.722509765625,0.02323964183406524,0.016997020158569572,32.1970675070699,1
2018-10-15,10512.5,10526.2998046875,10410.150390625,10524.2001953125,259500,10396.1599609375,10832.852490234374,0.003819527333492445,0.01720398192522881,36.98572116657969,1
2018-10-16,10584.75,10604.900390625,10525.2998046875,10550.150390625,265200,10452.9,10786.32998046875,0.006872770511296089,0.017186622668404813,35.96718100132014,0
2018-10-17,10453.0498046875,10710.150390625,10436.4501953125,10688.7001953125,284800,10451.4900390625,10740.094970703125,-0.012442447418455793,0.017114932422252344,33.65703926233941,0
2018-10-19,10303.5498046875,10380.099609375,10249.599609375,10339.7001953125,357500,10465.269921875,10691.32744140625,-0.014302046081609565,0.016099478247480294,32.36707397706567,0
2018-10-22,10245.25,10408.5498046875,10224.0,10405.849609375,297300,10419.819921875,10641.8724609375,-0.0056582251546914986,0.01383457826652218,32.178498223298035,0
2018-10-23,10146.7998046875,10222.099609375,10102.349609375,10152.599609375,302600,10346.6798828125,10592.057470703125,-0.009609350217173795,0.014039992816162871,27.830651930258384,1
2018-10-24,10224.75,10290.650390625,10126.7001953125,10278.150390625,351400,10274.6798828125,10554.924951171875,0.007682244334463961,0.014311385241399611,33.06963148554128,0
2018-10-25,10124.900390625,10166.599609375,10079.2998046875,10135.0498046875,0,10209.05,10507.7974609375,-0.009765481735494741,0.013349793381130659,36.144292372905525,0
2018-10-26,10030.0,10128.849609375,10004.5498046875,10122.349609375,364300,10154.3400390625,10456.607470703126,-0.0093729702973544,0.011970751843690513,40.60109419188796,1
2018-10-29,10250.849609375,10275.2998046875,10020.349609375,10078.099609375,364400,10155.4599609375,10420.2724609375,0.022018904224825553,0.011688182634830055,47.16302980310828,0
2018-10-30,10198.400390625,10285.099609375,10175.349609375,10239.400390625,289800,10165.780078125,10383.669970703126,-0.005116572845048073,0.011527889853660902,47.01348397226265,1
2018-10-31,10386.599609375,10396.0,10105.099609375,10209.5498046875,375000,10198.15,10352.5849609375,0.01845379780568379,0.013100896293424145,47.8972330779005,0
2018-11-01,10380.4501953125,10441.900390625,10341.900390625,10441.7001953125,348500,10249.2599609375,10328.694970703125,-0.0005920526730374132,0.012557075984406495,54.76969533167336,1
2018-11-02,10553.0,10606.9501953125,10457.7001953125,10462.2998046875,421200,10353.8599609375,10326.382470703125,0.01662257430466929,0.012622634519690397,52.75101254028136,0
2018-11-05,10524.0,10558.7998046875,10477.0,10558.75,301900,10408.4900390625,10336.7599609375,-0.0027480337344830685,0.01244683200582312,50.39597887753977,1
2018-11-06,10530.0,10600.25,10491.4501953125,10552.0,0,10474.8099609375,10345.857470703126,0.0005701254275940482,0.01171798259537094,48.02467465478315,1
2018-11-07,10598.400390625,10616.4501953125,10582.2998046875,10614.4501953125,31200,10517.1701171875,10360.725,0.006495763592117676,0.01167997274078642,55.49509742750624,0
2018-11-09,10585.2001953125,10619.5498046875,10544.849609375,10614.7001953125,296600,10558.1201171875,10366.980029296876,-0.0012454893970770264,0.010875124276650256,61.87147963560267,0
2018-11-12,10482.2001953125,10645.5,10464.0498046875,10607.7998046875,259700,10543.96015625,10379.35751953125,-0.009730567027500525,0.010926308982283068,59.62470180271021,1
2018-11-13,10582.5,10596.25,10440.5498046875,10451.900390625,254600,10555.66015625,10384.85751953125,0.009568583199961456,0.00929192812848085,67.67119381171355,0
2018-11-14,10576.2998046875,10651.599609375,10532.7001953125,10634.900390625,384500,10564.9201171875,10388.047509765625,-0.0005858913595558901,0.008943788748891079,65.13933315557992,1
2018-11-15,10616.7001953125,10646.5,10557.5,10580.599609375,0,10568.580078125,10389.64501953125,0.0038198983927342223,0.0073051531944777525,72.32209581777903,1
2018-11-16,10682.2001953125,10695.150390625,10631.150390625,10644.0,342800,10587.980078125,10401.1025390625,0.006169525256907837,0.007329093571959877,80.41416081702766,1
2018-11-19,10763.400390625,10774.7001953125,10688.7998046875,10731.25,272100,10644.2201171875,10424.095068359375,0.0076014485618920435,0.0058592986552235046,77.4811766307478,0
2018-11-20,10656.2001953125,10740.849609375,10640.849609375,10740.099609375,295200,10658.96015625,10444.642578125,-0.009959695953136949,0.006864967811811871,73.18443711393232,0
2018-11-21,10600.0498046875,10671.2998046875,10562.349609375,10670.9501953125,300900,10663.71015625,10467.305078125,-0.00526926949530282,0.0071726079038871285,62.478804535857876,0
2018-11-22,10526.75,10646.25,10512.0,10612.650390625,239500,10645.7201171875,10482.405078125,-0.006915043423200262,0.007219309136721084,57.930376617588045,1
2018-11-26,10628.599609375,10637.7998046875,10489.75,10568.2998046875,0,10635.0,10507.5900390625,0.009675313783931383,0.007912707703392667,54.4381534199706,1
2018-11-27,10685.599609375,10695.150390625,10596.349609375,10621.4501953125,0,10619.43984375,10540.37001953125,0.0053628890065369195,0.0071615425426855076,59.184914976898675,1
2018-11-28,10728.849609375,10757.7998046875,10699.849609375,10708.75,424500,10633.9697265625,10564.27001953125,0.004047503329813518,0.00670706178510651,60.84297700216623,1
2018-11-29,10858.7001953125,10883.0498046875,10782.349609375,10808.7001953125,691300,10685.6998046875,10597.285009765625,0.012102936537020215,0.007449875981582408,63.30230176577504,1
2018-11-30,10876.75,10922.4501953125,10835.099609375,10892.099609375,453900,10755.6998046875,10621.792529296876,0.001662243580064171,0.007443907257831465,64.82580804072904,1
2018-12-03,10883.75,10941.2001953125,10845.349609375,10930.7001953125,409700,10806.7298828125,10646.95751953125,0.000643574597191332,0.0073413290519893275,72.62887363862,0
2018-12-04,10869.5,10890.9501953125,10833.349609375,10877.099609375,322100,10843.5099609375,10662.78251953125,-0.0013092913747559942,0.0071088614236479155,67.91060785198006,0
2018-12-05,10782.900390625,10821.0498046875,10747.9501953125,10820.4501953125,312300,10854.3201171875,10675.7275390625,-0.007967211865771207,0.006788108460788522,61.71735756719124,0
2018-12-06,10601.150390625,10722.650390625,10588.25,10718.150390625,318500,10802.81015625,10679.28505859375,-0.01685539079615528,0.008727387154217732,49.239952992884966,1
2018-12-07,10693.7001953125,10704.5498046875,10599.349609375,10644.7998046875,325800,10766.2001953125,10684.050048828125,0.008730166187373989,0.00874341642605389,50.547619047619044,0
2018-12-10,10488.4501953125,10558.849609375,10474.9501953125,10508.7001953125,381300,10687.140234375,10679.212548828125,-0.019193543511718203,0.010394341746926865,38.29052250531722,1
2018-12-11,10549.150390625,10567.150390625,10333.849609375,10350.0498046875,425500,10623.0703125,10682.56005859375,0.005787336945131116,0.010425291351683076,45.252989968049846,1
2018-12-12,10737.599609375,10752.2001953125,10560.7998046875,10591.0,360500,10614.01015625,10690.3150390625,0.01786392380162427,0.011999813108193822,55.458981384947506,1
2018-12-13,10791.5498046875,10838.599609375,10749.5,10810.75,376200,10652.0900390625,10701.0775390625,0.005024418610784842,0.011410455454499842,60.6731162090609,1
2018-12-14,10805.4501953125,10815.75,10752.099609375,10784.5,340100,10674.4400390625,10710.5150390625,0.001288081033454791,0.011402964768467002,57.67214506558573,1
2018-12-17,10888.349609375,10900.349609375,10844.849609375,10853.2001953125,296900,10754.419921875,10720.822509765625,0.007672000015183311,0.01170076503683095,58.60240716248513,1
2018-12-18,10908.7001953125,10915.400390625,10819.099609375,10850.900390625,286100,10826.3298828125,10728.0875,0.0018690239262686426,0.011701275140823381,57.78203523586497,1
2018-12-19,10967.2998046875,10985.150390625,10928.0,10930.5498046875,312100,10872.269921875,10743.64248046875,0.005371823253533137,0.011394982510765905,55.00782655842179,0
2018-12-20,10951.7001953125,10962.5498046875,10880.0498046875,10885.2001953125,318900,10904.3,10761.225,-0.001422374664029169,0.009478148588217992,53.46398715306645,0
2018-12-21,10754.0,10963.650390625,10738.650390625,10944.25,377500,10894.0099609375,10772.5875,-0.018052009440243655,0.011368386154027542,44.901963793751776,0
2018-12-24,10663.5,10782.2998046875,10649.25,10780.900390625,223400,10849.0400390625,10774.33251953125,-0.008415473312255894,0.009664308418217553,42.363575808915634,1
2018-12-26,10729.849609375,10747.5,10534.5498046875,10635.4501953125,263700,10813.269921875,10776.54501953125,0.006222123071693231,0.009685701012118028,48.00343125796621,1
2018-12-27,10779.7998046875,10834.2001953125,10764.4501953125,10817.900390625,456100,10775.769921875,10779.092529296875,0.004655255863871277,0.007996131266946089,57.46394651525822,1
2018-12-28,10859.900390625,10893.599609375,10817.150390625,10820.9501953125,245500,10757.4099609375,10779.1525390625,0.007430619064249022,0.008184035769123557,57.01681257797535,1
2018-12-31,10862.5498046875,10923.5498046875,10853.2001953125,10913.2001953125,180900,10779.119921875,10778.442529296875,0.00024396301689710853,0.008181819534078748,69.0536776555319,0
2019-01-02,10792.5,10895.349609375,10735.0498046875,10868.849609375,309700,10804.919921875,10773.880029296875,-0.006448744166611009,0.00803472466695296,62.27737738388741,0
2019-01-03,10672.25,10814.0498046875,10661.25,10796.7998046875,286200,10793.4,10764.017529296874,-0.011141996757007222,0.008579662520791898,46.45935758594198,1
2019-01-04,10727.349609375,10741.0498046875,10628.650390625,10699.7001953125,296600,10782.9099609375,10761.239990234375,0.0051628859308019415,0.008559525017450473,46.52595978545195,1
2019-01-07,10771.7998046875,10835.9501953125,10750.150390625,10804.849609375,269400,10765.28984375,10769.7724609375,0.004143632577580325,0.008791835734773027,48.23736672061613,1
2019-01-08,10802.150390625,10818.4501953125,10733.25,10786.25,277700,10753.2099609375,10775.194970703125,0.0028175965472634346,0.006681596581126365,45.22177279656319,1
2019-01-09,10855.150390625,10870.400390625,10749.400390625,10862.400390625,333000,10765.7400390625,10793.52998046875,0.004906430486840696,0.006007928676135749,47.13529993804077,0
2019-01-10,10821.599609375,10859.349609375,10801.7998046875,10859.349609375,254400,10795.6099609375,10807.15244140625,-0.0030907707440862575,0.0059678117386630395,41.99097947137254,0
2019-01-11,10794.9501953125,10850.150390625,10739.400390625,10834.75,260800,10809.130078125,10810.019970703124,-0.0024626132017869784,0.005889865663467433,41.48699649746591,0
2019-01-14,10737.599609375,10808.0,10692.349609375,10807.0,298800,10802.2900390625,10807.3224609375,-0.005312723532749919,0.005507215367985839,48.94909815425743,1
2019-01-15,10886.7998046875,10896.9501953125,10777.5498046875,10777.5498046875,310700,10819.219921875,10811.38994140625,0.013895116296032572,0.00728678024742885,63.30748181023516,1
2019-01-16,10890.2998046875,10928.150390625,10876.900390625,10899.650390625,276500,10826.2498046875,10811.487451171875,0.0003214902508350548,0.00689979915551356,60.336269579342186,1
2019-01-17,10905.2001953125,10930.650390625,10844.650390625,10920.849609375,271700,10842.969921875,10811.312451171874,0.001368225934293088,0.005451054225786853,58.46040522448636,1
2019-01-18,10906.9501953125,10928.2001953125,10852.2001953125,10914.849609375,323800,10865.369921875,10808.294970703126,0.0001604738994844812,0.005375392907669538,53.549583957728274,1
2019-01-21,10961.849609375,10987.4501953125,10885.75,10919.349609375,288800,10910.219921875,10808.80244140625,0.0050334340103701525,0.005427910963059948,56.94403280152862,0
2019-01-22,10922.75,10949.7998046875,10864.150390625,10949.7998046875,300800,10917.4099609375,10817.23994140625,-0.0035668806605010372,0.005660661130581795,59.5204920139107,0
2019-01-23,10831.5,10944.7998046875,10811.9501953125,10931.0498046875,298900,10905.65,10825.63994140625,-0.008354123274816327,0.0062036179561083815,62.15554614682783,1
2019-01-24,10849.7998046875,10866.599609375,10798.650390625,10844.0498046875,361100,10894.569921875,10831.637451171875,0.001689498655541799,0.006140036527019714,59.90295203360033,0
2019-01-25,10780.5498046875,10931.7001953125,10756.4501953125,10859.75,463400,10869.28984375,10831.674951171875,-0.006382606245884936,0.006451616211041553,50.6803506235535,0
2019-01-28,10661.5498046875,10804.4501953125,10630.9501953125,10792.4501953125,419700,10809.2298828125,10821.757421875,-0.011038398055380982,0.00717742067376363,40.39219978085073,0
2019-01-29,10652.2001953125,10690.349609375,10583.650390625,10653.7001953125,356900,10755.119921875,10811.23994140625,-0.0008769465552643796,0.005046492202463284,35.25178018147419,0
2019-01-30,10651.7998046875,10710.2001953125,10612.849609375,10702.25,410100,10719.1798828125,10804.204931640625,-3.758759858607519e-05,0.0050280812260082505,37.03619204404302,1
2019-01-31,10830.9501953125,10838.0498046875,10678.5498046875,10690.5498046875,604800,10715.4099609375,10812.13994140625,0.016818790618479573,0.007836238786137694,52.22937717259046,1
2019-02-01,10893.650390625,10983.4501953125,10813.4501953125,10851.349609375,482300,10738.030078125,10820.45498046875,0.005788983808607595,0.008099084677316588,59.600171101199635,1
2019-02-04,10912.25,10927.900390625,10814.150390625,10876.75,318300,10788.1701171875,10827.477490234374,0.0017073807867935553,0.007931751286287751,51.865441411210256,1
2019-02-05,10934.349609375,10956.7001953125,10886.7001953125,10908.650390625,268100,10844.6,10834.087451171876,0.0020252110586724825,0.007882619344213599,53.14305145024785,1
2019-02-06,11062.4501953125,11072.599609375,10962.7001953125,10965.099609375,298500,10926.730078125,10844.45244140625,0.011715428033110209,0.008034805698405933,59.65969352741025,1
2019-02-07,11069.400390625,11118.099609375,11043.599609375,11070.4501953125,263500,10974.4201171875,10856.84248046875,0.0006282690714798367,0.008048428086487121,59.91578535757246,0
2019-02-08,10943.599609375,11041.2001953125,10925.4501953125,11023.5,352800,10984.4099609375,10864.274951171876,-0.011364733121095205,0.008750922974500815,48.974777597837196,0
2019-02-11,10888.7998046875,10930.900390625,10857.099609375,10930.900390625,286000,10979.719921875,10871.8349609375,-0.005007475295473629,0.007960070759591207,48.125853783710646,0
2019-02-12,10831.400390625,10910.900390625,10823.7998046875,10879.7001953125,292300,10959.130078125,10869.064990234376,-0.005271417887377283,0.008260738428835925,49.99428780075849,0
2019-02-14,10746.0498046875,10792.7001953125,10718.75,10786.099609375,627000,10895.85,10861.852490234374,-0.007879921603800577,0.008798788621297177,44.47521856792507,0
2019-02-15,10724.400390625,10785.75,10620.400390625,10780.25,521900,10826.85,10852.8125,-0.002014639281967212,0.006806778985329177,46.85031821662834,0
2019-02-18,10640.9501953125,10759.900390625,10628.400390625,10738.650390625,345400,10766.3201171875,10839.5125,-0.00778133902809619,0.006661321060340753,48.79647168907045,0
2019-02-19,10604.349609375,10722.849609375,10585.650390625,10636.7001953125,291500,10709.430078125,10821.6375,-0.0034395975233135756,0.006512371476270668,47.29061261052038,1
2019-02-20,10735.4501953125,10752.7001953125,10646.400390625,10655.4501953125,289200,10690.2400390625,10812.272509765626,0.012362906803977669,0.008016995224323434,54.125781970981095,1
2019-02-21,10789.849609375,10808.849609375,10721.5,10744.099609375,279600,10699.0,10810.189990234376,0.005067269008080633,0.006979755381503296,47.688383532691745,1
2019-02-22,10791.650390625,10801.5498046875,10758.400390625,10782.7001953125,396800,10712.45,10807.28251953125,0.00016689586186968697,0.00695849174312684,43.84133513212639,1
2019-02-25,10880.099609375,10887.099609375,10788.0498046875,10813.25,385900,10760.2798828125,10812.260009765625,0.008196078963680797,0.006944058331542739,48.209791822095,0
2019-02-26,10835.2998046875,10888.75,10729.2998046875,10775.2998046875,415000,10806.469921875,10820.947509765625,-0.004117591409631749,0.006886193647000393,44.620667050650916,0
2019-02-27,10806.650390625,10939.7001953125,10751.2001953125,10881.2001953125,381100,10820.7099609375,10828.67001953125,-0.002644081343287419,0.006731069421222237,34.425246964891556,0
2019-02-28,10792.5,10865.7001953125,10784.849609375,10865.7001953125,644200,10821.2400390625,10835.705029296874,-0.0013094150466157473,0.006198642507725757,33.28704369537489,1
2019-03-01,10863.5,10877.900390625,10823.099609375,10842.650390625,308500,10835.6099609375,10837.33251953125,0.006578642575862936,0.0064112150726189825,44.822928527606585,1
2019-03-05,10987.4501953125,10994.900390625,10817.0,10864.849609375,373200,10857.080078125,10842.022509765626,0.011409784628572783,0.006258629966496903,55.85288582764758,1
2019-03-06,11053.0,11062.2998046875,10998.849609375,11024.849609375,372600,10900.6201171875,10849.060009765624,0.005965879573721855,0.005838036213233581,63.021477708585344,1
2019-03-07,11058.2001953125,11089.0498046875,11027.099609375,11077.9501953125,321200,10950.930078125,10855.2525390625,0.00047047817900125466,0.005154367628614019,70.2497820710347,0
2019-03-08,11035.400390625,11049.0,11008.9501953125,11038.849609375,326600,10999.51015625,10853.900048828125,-0.0020618006804727917,0.0053235885184790685,70.14508632054108,1
2019-03-11,11168.0498046875,11180.900390625,11059.849609375,11068.75,352200,11060.4201171875,10858.83251953125,0.012020353532001593,0.006071502100037159,82.09717818379032,1
2019-03-12,11301.2001953125,11320.400390625,11227.0,11231.349609375,391300,11123.1701171875,10876.712548828125,0.011922438828049886,0.00649470220674308,87.96932549940246,1
2019-03-13,11341.7001953125,11352.2998046875,11276.599609375,11326.2001953125,383000,11180.91015625,10899.357568359375,0.0035836901656514097,0.005875528271750626,86.6514031205647,1
2019-03-14,11343.25,11383.4501953125,11313.75,11382.5,294500,11237.9201171875,10924.950048828125,0.00013664659273393553,0.005551813180958556,85.74018012563384,1
2019-03-15,11426.849609375,11487.0,11370.7998046875,11376.849609375,463700,11316.2099609375,10958.9900390625,0.007369987382364052,0.005141403223616079,87.10284276167029,1
2019-03-18,11462.2001953125,11530.150390625,11412.5,11473.849609375,320300,11375.0400390625,10995.880029296875,0.0030936423551506387,0.0051960336472756975,86.24990725751032,1
2019-03-19,11532.400390625,11543.849609375,11451.25,11500.2998046875,326100,11421.280078125,11040.4525390625,0.006124495656707252,0.004766886636490431,92.08020948408296,0
2019-03-20,11521.0498046875,11556.099609375,11503.099609375,11553.349609375,366300,11457.15,11086.287548828124,-0.0009842344657688962,0.005084250746517833,94.04430048225994,0
2019-03-22,11456.900390625,11572.7998046875,11434.5498046875,11549.2001953125,386200,11479.880078125,11122.36005859375,-0.005568018119008533,0.005870011283850448,88.5830656576655,0
2019-03-25,11354.25,11395.650390625,11311.599609375,11395.650390625,294500,11465.36015625,11150.580078125,-0.008959700017030503,0.00691652416274476,77.4883652745839,1
2019-03-26,11483.25,11496.75,11352.4501953125,11375.2001953125,282600,11469.5701171875,11185.16005859375,0.011361384503600025,0.006822195436809471,77.61499926570174,0
2019-03-27,11445.0498046875,11546.2001953125,11413.0,11531.4501953125,350400,11452.1,11213.407568359375,-0.0033266013813597617,0.00623778082562563,72.52252201710203,1
2019-03-28,11570.0,11588.5,11452.4501953125,11463.650390625,527700,11461.8900390625,11250.142578125,0.010917400749215211,0.006930908727534303,75.84584899537708,1
2019-04-01,11669.150390625,11738.099609375,11644.75,11665.2001953125,379600,11504.3400390625,11293.267578125,0.008569610252809001,0.007185134145160663,79.71303406633054,1
2019-04-02,11713.2001953125,11729.349609375,11655.849609375,11711.5498046875,386100,11576.130078125,11339.302587890625,0.0037748939051200914,0.0070224915433531295,77.87490512523469,0
2019-04-03,11643.9501953125,11761.0,11629.150390625,11735.2998046875,365800,11608.2701171875,11378.32509765625,-0.005912133221091298,0.007499220978126308,68.75100172456902,0
2019-04-04,11598.0,11662.5498046875,11559.2001953125,11660.2001953125,349000,11638.86015625,11408.852587890626,-0.003946272059030087,0.007500274281848151,63.938406763062325,1
2019-04-05,11665.9501953125,11689.650390625,11609.5,11638.400390625,266700,11658.0501953125,11439.50009765625,0.005858785593421345,0.007651072461530528,66.36739804707662,0
2019-04-08,11604.5,11710.2998046875,11549.099609375,11704.349609375,260900,11645.1201171875,11466.815087890625,-0.005267483083991831,0.007621731948243085,59.21755609153002,1
2019-04-09,11671.9501953125,11683.900390625,11569.7001953125,11612.0498046875,300500,11636.8701171875,11498.642578125,0.005812417192683883,0.006797790737660703,60.53224145540136,0
2019-04-10,11584.2998046875,11680.0498046875,11571.75,11646.849609375,359900,11624.9400390625,11519.455078125,-0.007509489773200095,0.006771431860808587,52.56115791614418,1
2019-04-11,11596.7001953125,11606.7001953125,11550.5498046875,11592.5498046875,279800,11624.680078125,11534.230078125,0.0010704480058416621,0.006607466182139501,53.729368742742594,1
2019-04-12,11643.4501953125,11657.349609375,11578.7998046875,11612.849609375,246000,11620.180078125,11549.317578125,0.0040313191867198395,0.005808599369108182,59.35694084016391,1
2019-04-15,11690.349609375,11704.599609375,11648.25,11667.0,290000,11637.35,11566.67255859375,0.0040279653604204935,0.005273307485624608,67.85671296104132,1
2019-04-16,11787.150390625,11810.9501953125,11731.5498046875,11736.2001953125,354300,11660.3900390625,11584.68759765625,0.008280400884877803,0.0057812595594655914,66.71798916103302,0
2019-04-18,11752.7998046875,11856.150390625,11738.5,11856.150390625,339700,11694.0900390625,11599.217578125,-0.0029142400664389223,0.005472989633187658,67.00177173723043,0
2019-04-22,11594.4501953125,11727.0498046875,11583.9501953125,11727.0498046875,260400,11693.6400390625,11602.320068359375,-0.013473352052831178,0.007027395851038424,51.302687374801636,0
2019-04-23,11575.9501953125,11645.9501953125,11564.7998046875,11612.9501953125,272500,11680.1400390625,11605.065087890625,-0.0015955909670886115,0.006724733098762764,44.56749799917804,1
2019-04-24,11726.150390625,11740.849609375,11578.849609375,11601.5,335200,11687.3001953125,11618.527587890625,0.012975193636658888,0.007759075568621447,50.67172397164586,0
2019-04-25,11641.7998046875,11796.75,11624.2998046875,11735.7001953125,604400,11658.230078125,11632.905078125,-0.007193374050953438,0.007963250620047827,49.890180040895714,1
2019-04-26,11754.650390625,11762.900390625,11661.75,11683.75,333500,11658.6001953125,11646.47509765625,0.009693568677590747,0.00807337491421969,57.48840396767302,0
2019-04-30,11748.150390625,11756.25,11655.900390625,11748.75,532600,11689.340234375,11661.630126953125,-0.0005529726349993158,0.008099035372704823,54.17470546982486,0
2019-05-02,11724.75,11789.2998046875,11699.5498046875,11725.5498046875,380300,11719.1001953125,11669.367626953124,-0.001991836148409698,0.008099613157296246,56.35266537896422,0
2019-05-03,11712.25,11770.900390625,11699.349609375,11722.599609375,305500,11716.3201171875,11671.522607421875,-0.0010661208128105448,0.008028719511549959,52.260217176270324,0
2019-05-06,11598.25,11632.5498046875,11571.349609375,11605.7998046875,299000,11707.61015625,11665.77509765625,-0.00973339879186319,0.008039177332617947,50.75993663027553,0
2019-05-07,11497.900390625,11657.0498046875,11484.4501953125,11651.5,337500,11656.26015625,11658.472607421874,-0.008652133673183404,0.00834358083273707,45.08850506970788,0
2019-05-08,11359.4501953125,11479.099609375,11346.9501953125,11478.7001953125,372800,11578.5201171875,11646.5451171875,-0.012041345863927244,0.008137561797374432,37.06152644232908,0
2019-05-09,11301.7998046875,11357.599609375,11255.0498046875,11322.400390625,373000,11493.930078125,11628.33759765625,-0.005075103956069027,0.00819180664280734,32.470165686949215,0
2019-05-10,11278.900390625,11345.7998046875,11251.0498046875,11314.150390625,387300,11407.26015625,11612.0576171875,-0.0020261741013145596,0.006202847518104594,25.431467480380974,0
2019-05-13,11148.2001953125,11300.2001953125,11125.599609375,11258.7001953125,357600,11317.2501953125,11585.8701171875,-0.011588026384304118,0.00660743172090597,23.264394500785087,1
2019-05-14,11222.0498046875,11294.75,11108.2998046875,11151.650390625,398100,11262.080078125,11567.7576171875,0.006624352638199937,0.005920607161729684,32.20225704978017,0
2019-05-15,11157.0,11286.7998046875,11136.9501953125,11271.7001953125,414200,11221.5900390625,11545.772607421875,-0.005796606308085428,0.0057511197204519965,30.830481770402784,1
2019-05-16,11257.099609375,11281.5498046875,11143.349609375,11180.349609375,350700,11212.65,11526.455078125,0.008971910851931497,0.0072631151408429975,27.506804511489463,1
2019-05-17,11407.150390625,11426.150390625,11259.849609375,11261.900390625,412100,11238.3,11512.2951171875,0.013329435330307948,0.009109553798125947,39.41447692455445,1
2019-05-20,11828.25,11845.2001953125,11591.7001953125,11651.900390625,452100,11374.3099609375,11514.35009765625,0.036915407876193296,0.015054369073249436,52.59775623570417,0
2019-05-21,11709.099609375,11883.5498046875,11682.7998046875,11863.650390625,381000,11471.719921875,11512.165087890626,-0.010073374389702572,0.01517304177461708,48.723204798103644,1
2019-05-22,11737.900390625,11784.7998046875,11682.400390625,11727.9501953125,355900,11587.9,11519.33759765625,0.0024596922232125173,0.014361280742707608,50.42844906909528,0
2019-05-23,11657.0498046875,12041.150390625,11614.5,11901.2998046875,569000,11667.8900390625,11523.392578125,-0.006887993870017373,0.014490650294222347,48.278223278725875,1
2019-05-24,11844.099609375,11859.0,11658.099609375,11748.0,374600,11755.2798828125,11529.2900390625,0.016046067214389392,0.014888908830285996,57.33419333487154,1
2019-05-27,11924.75,11957.150390625,11812.400390625,11855.5,348400,11774.5798828125,11543.437548828126,0.006809330661248669,0.013700681473259447,62.88523581101159,1
2019-05-28,11928.75,11958.5498046875,11864.900390625,11958.349609375,598300,11818.5099609375,11552.142529296874,0.0003354368016101894,0.013855137882992299,68.70357097252551,0
2019-05-29,11861.099609375,11931.900390625,11836.7998046875,11905.7998046875,318100,11843.1498046875,11557.789990234374,-0.005671205333752538,0.013843114016279596,68.25508536866015,1
2019-05-30,11945.900390625,11968.5498046875,11859.400390625,11865.2998046875,421200,11900.919921875,11568.847509765625,0.007149487319284775,0.01381487809854871,70.9247978314443,0
2019-05-31,11922.7998046875,12039.25,11829.4501953125,11999.7998046875,438900,11916.6599609375,11579.375,-0.0019337668306382838,0.01376325125525898,76.0596817603583,1
2019-06-03,12088.5498046875,12103.0498046875,11920.099609375,11953.75,315300,11949.419921875,11603.889990234375,0.013901936014629301,0.00875725532687889,77.45383909929467,0
2019-06-04,12021.650390625,12095.2001953125,12005.849609375,12052.650390625,289200,11968.0,11630.077490234375,-0.005534114111566901,0.008145911639112062,77.36316593648941,0
2019-06-06,11843.75,12039.7998046875,11830.25,12039.7998046875,415200,11964.530078125,11654.29248046875,-0.014798333410505293,0.009845645666206798,67.69413386429775,1
2019-06-07,11870.650390625,11897.5,11769.5,11865.2001953125,302500,11949.480078125,11682.735009765625,0.0022712730870713127,0.009454601311138542,65.10162055803806,1
2019-06-10,11922.7001953125,11975.0498046875,11871.75,11934.900390625,303300,11949.46015625,11714.925,0.004384747505377318,0.00813757313194277,54.05173071074219,1
2019-06-11,11965.599609375,12000.349609375,11904.349609375,11959.849609375,332200,11924.8701171875,11755.794970703126,0.0035981290613484873,0.007930042689051455,61.77358652951376,0
2019-06-12,11906.2001953125,11962.4501953125,11866.349609375,11962.4501953125,283700,11901.780078125,11790.002490234376,-0.004964181988503125,0.008107730917166893,57.51404586236755,1
2019-06-13,11914.0498046875,11931.349609375,11817.0498046875,11873.900390625,447900,11915.8400390625,11827.85498046875,0.0006592875347493088,0.007873323535071879,62.274329167389595,0
2019-06-14,11823.2998046875,11911.849609375,11797.7001953125,11910.099609375,390300,11906.369921875,11856.164990234374,-0.007617057296864349,0.007866840786557966,48.905965081696905,0
2019-06-17,11672.150390625,11844.0498046875,11657.75,11844.0,295500,11856.2599609375,11869.414990234374,-0.012784029548381648,0.0087122751921823,37.63100058721928,1
2019-06-18,11691.5,11727.2001953125,11641.150390625,11677.0498046875,365500,11801.4400390625,11862.577490234375,0.0016577587443133979,0.006883866648746606,38.55467321948811,0
2019-06-19,11691.4501953125,11802.5,11625.099609375,11744.4501953125,446900,11758.4900390625,11861.69501953125,-4.259905700743083e-06,0.006907654501348458,41.24479261688074,1
2019-06-20,11831.75,11843.5,11635.0498046875,11653.650390625,442000,11742.030078125,11866.3875,0.012000205478679637,0.006916561236936823,44.42814214839475,0
2019-06-21,11724.099609375,11827.9501953125,11705.099609375,11827.599609375,468400,11722.1900390625,11869.739990234375,-0.009098433505187353,0.007404430110887887,41.04064161421598,0
2019-06-24,11699.650390625,11754.0,11670.2001953125,11725.7998046875,277600,11727.6900390625,11862.517529296874,-0.002085381356743965,0.007138481979025366,29.90384722133912,1
2019-06-25,11796.4501953125,11814.400390625,11651.0,11681.0,300500,11748.680078125,11856.1025390625,0.008273734808782462,0.007669362597723858,38.71173650455192,1
2019-06-26,11847.5498046875,11871.849609375,11757.5498046875,11768.150390625,327900,11779.9,11852.042529296876,0.004331778503613437,0.007751777730266855,50.218204943286906,0
2019-06-27,11841.5498046875,11911.150390625,11821.0498046875,11860.849609375,480200,11781.8599609375,11851.0650390625,-0.0005064338279993086,0.007741723198407691,48.287789692148046,0
2019-06-28,11788.849609375,11871.7001953125,11775.5,11861.150390625,303900,11794.8099609375,11843.2125,-0.004450447465215945,0.007482470552349435,42.13056793480445,1
2019-07-01,11865.599609375,11884.650390625,11830.7998046875,11839.900390625,278400,11827.9998046875,11840.352490234374,0.006510389269786421,0.0062884238718292785,44.34579026415761,1
2019-07-02,11910.2998046875,11917.4501953125,11814.7001953125,11890.2998046875,363200,11850.7697265625,11831.439990234376,0.003767209141051886,0.0063235154007630565,50.235718745648356,1
2019-07-03,11916.75,11945.2001953125,11887.0498046875,11932.150390625,340500,11864.609765625,11826.194970703125,0.0005415644793391738,0.006307839336328928,50.15550568875241,1
2019-07-04,11946.75,11969.25,11923.650390625,11928.7998046875,333600,11885.6498046875,11831.344970703125,0.0025174649128327786,0.005249480193344947,57.6444649243433,0
2019-07-05,11811.150390625,11981.75,11797.900390625,11964.75,530700,11890.1099609375,11828.369970703125,-0.011350334557515662,0.005753928648528645,58.77637796829218,0
2019-07-08,11558.599609375,11771.900390625,11523.2998046875,11770.400390625,464000,11828.7099609375,11810.16494140625,-0.02138240331360608,0.009084338460379992,43.517684066525554,0
2019-07-09,11555.900390625,11582.5498046875,11461.0,11531.599609375,442500,11757.830078125,11789.67998046875,-0.00023352472109261502,0.008479397109637354,43.405500681765275,0
2019-07-10,11498.900390625,11593.7001953125,11475.650390625,11536.150390625,337600,11674.26015625,11769.314990234376,-0.004932545113165099,0.00820944724372233,32.37863917048213,1
2019-07-11,11582.900390625,11599.0,11519.5,11561.4501953125,317300,11601.490234375,11752.75751953125,0.007305046321514741,0.008817142601295187,42.33278679136025,0
2019-07-12,11552.5,11639.5498046875,11538.599609375,11601.150390625,359400,11549.76015625,11739.217529296875,-0.0026245922523520093,0.008783530295015664,42.06094466549771,1
2019-07-15,11588.349609375,11618.400390625,11532.2998046875,11614.75,368800,11555.71015625,11735.027490234375,0.0031031905972733753,0.008478005302463192,37.98217643323381,1
2019-07-16,11662.599609375,11670.0498046875,11573.9501953125,11596.650390625,480200,11577.05,11733.582470703124,0.006407297199588324,0.008726401279831682,39.59726898718533,1
2019-07-17,11687.5,11706.650390625,11651.150390625,11670.75,464800,11614.769921875,11733.3849609375,0.0021350634900458854,0.008793575772950079,41.515685120783445,0
2019-07-18,11596.900390625,11677.150390625,11582.400390625,11675.599609375,498300,11617.569921875,11721.64248046875,-0.007751838235294128,0.008819254656404025,39.852010639703934,0
2019-07-19,11419.25,11640.349609375,11399.2998046875,11627.9501953125,446000,11590.919921875,11706.4,-0.01531878214359883,0.009315451611844525,28.677234854493037,0
2019-07-22,11346.2001953125,11398.150390625,11301.25,11392.849609375,516000,11542.4900390625,11688.727490234374,-0.006397075524881224,0.0070082468514097405,23.762808866279073,0
2019-07-23,11331.0498046875,11398.150390625,11302.7998046875,11372.25,458900,11476.180078125,11665.457470703124,-0.0013352832106081625,0.006988980449949057,22.976834467414434,0
2019-07-24,11271.2998046875,11359.75,11229.7998046875,11322.4501953125,413200,11392.9400390625,11636.644970703124,-0.005273121293252303,0.007005987544597621,19.6685941519401,0
2019-07-25,11252.150390625,11361.400390625,11239.349609375,11290.400390625,553700,11323.9900390625,11607.175,-0.0016989534831232112,0.006214716609329542,21.965897693079228,1
2019-07-26,11284.2998046875,11307.599609375,11210.0498046875,11247.4501953125,522700,11297.0,11581.947509765625,0.0028571795564771296,0.0064755867038623635,32.33966729415255,0
2019-07-29,11189.2001953125,11310.9501953125,11152.400390625,11307.5,482900,11265.6,11548.1275390625,-0.008427603929443195,0.006427615137965679,28.90100072483719,0
2019-07-30,11085.400390625,11267.4501953125,11072.650390625,11213.7001953125,479100,11216.4701171875,11506.882568359375,-0.009276785013729971,0.005608162454985578,27.424081179127683,1
2019-07-31,11118.0,11145.2998046875,10999.400390625,11034.0498046875,536700,11185.81015625,11466.945068359375,0.00294076968140633,0.00572735792248334,23.108443371925915,0
2019-08-01,10980.0,11076.75,10881.0,11060.2001953125,499900,11131.380078125,11418.607568359375,-0.012412304371289817,0.00615285105162167,20.55035234686926,1
2019-08-02,10997.349609375,11080.150390625,10848.9501953125,10930.2998046875,547400,11073.9900390625,11377.917529296876,0.0015801101434427256,0.00541249967981679,19.00885104395617,0
2019-08-05,10862.599609375,10895.7998046875,10782.599609375,10895.7998046875,506600,11008.669921875,11343.117529296875,-0.012252952282714391,0.006014677533507022,10.552192261834819,1
2019-08-06,10948.25,11018.5498046875,10813.7998046875,10815.400390625,517900,10981.23984375,11312.735009765625,0.007884888857643269,0.007128340849668366,15.608218495977425,0
2019-08-07,10855.5,10975.650390625,10835.900390625,10958.099609375,548500,10928.73984375,11280.564990234376,-0.00847167355513434,0.00729123532954329,15.577051428073972,1
2019-08-08,11032.4501953125,11058.0498046875,10842.9501953125,10899.2001953125,482500,10939.2298828125,11253.04248046875,0.016300510829763803,0.009678587629551592,32.029342293791345,1
2019-08-09,11109.650390625,11181.4501953125,11062.7998046875,11087.900390625,538100,10961.6900390625,11230.9,0.006997556657477588,0.009989589584041196,39.05215420730974,0
2019-08-13,10925.849609375,11145.900390625,10901.599609375,11139.400390625,624600,10974.3400390625,11197.775,-0.01654424529912324,0.010901852820150496,33.77900271701948,1
2019-08-14,11029.400390625,11078.150390625,10935.599609375,11003.25,511500,10990.5701171875,11166.1150390625,0.009477595331455646,0.011182676521258645,40.644359119431776,1
2019-08-16,11047.7998046875,11068.650390625,10924.2998046875,11043.650390625,470900,11029.030078125,11134.130029296875,0.0016682152620135504,0.011146987286825389,42.09200043233143,1
2019-08-19,11053.900390625,11146.900390625,11037.849609375,11094.7998046875,369500,11033.3201171875,11106.980029296876,0.0005521991749806165,0.010342451438077986,40.90050409407699,0
2019-08-20,11017.0,11076.2998046875,10985.2998046875,11063.900390625,444700,11014.7900390625,11086.867529296875,-0.0033382235519596737,0.010413663228243962,42.87133860343195,0
2019-08-21,10918.7001953125,11034.2001953125,10906.650390625,11018.150390625,557900,11013.36015625,11065.492529296875,-0.008922556475220111,0.010015836787016407,43.067456059625215,0
2019-08-22,10741.349609375,10908.25,10718.2998046875,10905.2998046875,668200,10955.75,11036.00751953125,-0.016242829527789215,0.010920622054554022,36.019463788856164,1
2019-08-23,10829.349609375,10862.5498046875,10637.150390625,10699.599609375,667100,10912.0599609375,11013.910009765625,0.008192639025843995,0.011068755528509912,44.192588063985205,1
2019-08-26,11057.849609375,11070.2998046875,10756.5498046875,11000.2998046875,684100,10912.8498046875,11004.194970703125,0.021100066785376237,0.0119333488816002,52.00569800569801,1
2019-08-27,11105.349609375,11141.75,11049.5,11106.5498046875,685600,10930.5197265625,10995.2474609375,0.004295591066795668,0.011794483469078779,58.54180182755853,0
2019-08-28,11046.099609375,11129.650390625,10987.650390625,11101.2998046875,550000,10955.999609375,10988.092431640625,-0.005335266523260329,0.010507367247911154,53.50827928421271,0
2019-08-29,10948.2998046875,11021.099609375,10922.400390625,10996.0498046875,649900,10997.3896484375,10981.23740234375,-0.0088537862364102,0.01049112378431527,53.315219931997994,1
2019-08-30,11023.25,11042.599609375,10874.7998046875,10987.7998046875,628200,11036.1697265625,10976.49990234375,0.006845829640179435,0.010745041571153385,49.645492551241965,0
2019-09-03,10797.900390625,10967.5,10772.7001953125,10960.9501953125,483000,10984.1798828125,10967.394921875,-0.02044311880570615,0.012496551053820758,39.21841332027424,1
2019-09-04,10844.650390625,10858.75,10746.349609375,10790.400390625,508800,10932.0400390625,10959.7599609375,0.004329545403159107,0.012657935857198781,46.89771735156069,1
2019-09-05,10847.900390625,10920.099609375,10816.0,10860.9501953125,595700,10892.4001953125,10959.025,0.000299686931614751,0.012390462787967715,42.49007194105069,1
2019-09-06,10946.2001953125,10957.0498046875,10867.4501953125,10883.7998046875,497200,10891.9802734375,10958.922509765625,0.009061643373168504,0.01137920352753544,46.056836615575875,1
2019-09-09,11003.0498046875,11028.849609375,10889.7998046875,10936.7001953125,412500,10887.940234375,10966.3,0.005193547382711383,0.011234978902898195,48.10124366698342,1
2019-09-11,11035.7001953125,11054.7998046875,11011.650390625,11028.5,687100,10935.5001953125,10966.4625,0.0029673946046386845,0.008984870637888134,50.70048689124876,0
2019-09-12,10982.7998046875,11081.75,10964.9501953125,11058.2998046875,551400,10963.130078125,10960.119970703125,-0.00479356902496042,0.008943257649716967,52.48563634077734,1
2019-09-13,11075.900390625,11084.4501953125,10945.75,10986.7998046875,624300,11008.730078125,10967.622509765624,0.008476944640087414,0.009272349925216968,63.88004284994255,0
2019-09-16,11003.5,11052.7001953125,10968.2001953125,10994.849609375,434500,11020.1900390625,10966.327490234375,-0.006536749886833726,0.009044100337171443,57.32000656760529,0
2019-09-17,10817.599609375,11000.099609375,10796.5,11000.099609375,482000,10983.1,10954.81748046875,-0.01689465993774708,0.010241582092754458,39.52658117052853,1
2019-09-18,10840.650390625,10885.150390625,10804.849609375,10872.7998046875,519200,10944.0900390625,10944.15498046875,0.002130859163064436,0.007905479044402064,38.209409435186814,0
2019-09-19,10704.7998046875,10845.2001953125,10670.25,10845.2001953125,642600,10888.4900390625,10928.544970703126,-0.012531589991591652,0.00873445007200391,35.768531315331046,1
2019-09-20,11274.2001953125,11381.900390625,10691.0,10746.7998046875,1356800,10928.15,10946.319970703125,0.05319112930777714,0.019349528281231407,59.75339022679448,1
2019-09-23,11600.2001953125,11694.849609375,11471.349609375,11542.7001953125,882800,11047.4900390625,10989.2625,0.028915576657539077,0.020881501658840187,65.0110398272248,0
2019-09-24,11588.2001953125,11655.0498046875,11539.2001953125,11590.7001953125,651700,11201.61015625,11027.205029296874,-0.0010344649056013289,0.021001154998877468,73.12977841037382,0
2019-09-25,11440.2001953125,11564.9501953125,11416.099609375,11564.849609375,629100,11321.5201171875,11046.32255859375,-0.012771612287114875,0.021778203615080066,66.45480374618542,1
2019-09-26,11571.2001953125,11610.849609375,11466.349609375,11469.849609375,844500,11494.8001953125,11069.615087890625,0.01145084856589107,0.021670296956431728,68.66673286620653,0
2019-09-27,11512.400390625,11593.599609375,11499.75,11556.349609375,650000,11542.440234375,11092.930126953124,-0.005081564893442914,0.02188226787115664,64.91646569276438,0
2019-09-30,11474.4501953125,11508.25,11390.7998046875,11491.150390625,756800,11517.290234375,11119.237646484375,-0.003296462425282254,0.02173099481243167,62.543890650174106,0
2019-10-01,11359.900390625,11554.2001953125,11247.900390625,11515.400390625,1305400,11471.6302734375,11136.070166015625,-0.009983032105041145,0.02107829143212976,58.26660325254674,0
2019-10-03,11314.0,11370.400390625,11257.349609375,11322.25,1017500,11446.390234375,11161.875146484375,-0.004040562773145462,0.02126437303159244,58.47534757399176,0
2019-10-04,11174.75,11400.2998046875,11158.349609375,11388.4501953125,928500,11367.1001953125,11178.380126953125,-0.012307760296977222,0.02124458340889476,52.47117507643842,0
2019-10-07,11126.400390625,11233.849609375,11112.650390625,11196.2001953125,733200,11289.9001953125,11192.305126953124,-0.0043266837625002275,0.012643529524691721,53.109824624177016,1
2019-10-09,11313.2998046875,11321.599609375,11090.150390625,11152.9501953125,741100,11257.6701171875,11210.660107421874,0.01679783285706482,0.009660151148536317,62.536670471817274,0
2019-10-10,11234.5498046875,11293.349609375,11208.5498046875,11280.5,562000,11232.6,11222.235107421875,-0.006960833829169011,0.009744443437688105,59.68906814125492,1
2019-10-11,11305.0498046875,11362.900390625,11189.400390625,11257.7001953125,737800,11230.8099609375,11235.702587890624,0.006275284833450412,0.009491726851295266,65.25529568155126,1
2019-10-14,11341.150390625,11420.4501953125,11290.0498046875,11335.900390625,587600,11264.0900390625,11253.6201171875,0.003193315072573366,0.008590336449488242,52.33430509504129,1
2019-10-15,11428.2998046875,11462.349609375,11342.099609375,11360.849609375,527400,11324.469921875,11271.240087890625,0.007684353972992053,0.009015114207764168,42.80871389772233,1
2019-10-16,11464.0,11481.0498046875,11411.099609375,11464.9501953125,533500,11354.6099609375,11294.265087890624,0.003123841334461419,0.009037964071770783,44.90523197075999,1
2019-10-17,11586.349609375,11599.099609375,11439.650390625,11466.2998046875,797600,11424.969921875,11332.702587890624,0.010672506051552677,0.008875608362485634,56.12401146750886,1
2019-10-18,11661.849609375,11684.7001953125,11553.150390625,11580.2998046875,853400,11496.3298828125,11373.762548828125,0.006516288783389612,0.008701957549949364,53.98371750689881,0
2019-10-22,11588.349609375,11714.349609375,11573.650390625,11657.150390625,867600,11545.7697265625,11417.9400390625,-0.006302602285396697,0.007668976573949565,53.295122141363336,1
2019-10-23,11604.099609375,11651.599609375,11554.400390625,11596.2001953125,664200,11580.9296875,11434.435009765624,0.001359123648397631,0.007207322909663449,55.735435792202175,0
2019-10-24,11582.599609375,11679.599609375,11534.650390625,11661.650390625,700500,11604.649609375,11433.55498046875,-0.0018527934715960592,0.005887797065026748,60.73560482519405,1
2019-10-25,11583.900390625,11646.900390625,11490.75,11646.150390625,812000,11604.159765625,11433.339990234375,0.00011230477560042473,0.005000146502951481,63.59563252271202,1
2019-10-29,11786.849609375,11809.400390625,11627.349609375,11643.9501953125,951700,11629.159765625,11450.6724609375,0.017519938181983052,0.006755345713149085,78.97379004298988,1
2019-10-30,11844.099609375,11883.9501953125,11784.4501953125,11883.900390625,725200,11680.309765625,11464.317431640626,0.004857107869982835,0.00674821024267981,83.68849723679917,1
2019-10-31,11877.4501953125,11945.0,11855.099609375,11890.4501953125,1414800,11734.9798828125,11482.569921875,0.0028157974888274317,0.006657457991825557,80.94115882724711,1
2019-11-01,11890.599609375,11918.2998046875,11843.349609375,11886.599609375,855300,11796.5798828125,11503.377392578124,0.0011070906504571099,0.006713294614566891,88.77134661888024,1
2019-11-04,11941.2998046875,11989.150390625,11905.349609375,11928.900390625,823100,11868.059765625,11532.44736328125,0.004263888868356602,0.0062624078819664515,88.50226928895613,0
2019-11-05,11917.2001953125,11978.9501953125,11861.900390625,11974.599609375,632000,11894.1298828125,11562.607373046874,-0.002018173043904281,0.006317260467982435,85.37307310824895,1
2019-11-06,11966.0498046875,12002.900390625,11850.25,11911.5,603400,11918.519921875,11602.17236328125,0.004099084396871566,0.005577240779390266,84.65110776619362,1
2019-11-07,12012.0498046875,12021.400390625,11946.849609375,12021.099609375,563000,11945.43984375,11646.454833984375,0.003844209304726398,0.005540038589214559,84.85217713157931,0
2019-11-08,11908.150390625,12034.150390625,11888.75,11987.150390625,789300,11948.95,11676.19736328125,-0.008649599006986697,0.006584721450293334,70.9560609799218,1
2019-11-11,11913.4501953125,11932.650390625,11853.9501953125,11879.2001953125,549000,11943.380078125,11710.1423828125,0.0004450569159482054,0.006570482866241521,68.03333421993138,0
2019-11-13,11840.4501953125,11946.7998046875,11823.2001953125,11908.2998046875,659000,11928.030078125,11736.91240234375,-0.006127528029514329,0.004678439818805187,68.08213171501859,1
2019-11-14,11872.099609375,11895.650390625,11802.650390625,11858.75,559500,11909.2400390625,11763.45986328125,0.002672990768123773,0.00449804970411153,68.7938803741902,1
2019-11-15,11895.4501953125,11973.650390625,11879.25,11904.2001953125,580200,11885.9201171875,11786.8173828125,0.001966845520657623,0.004451918676411072,71.88229588595706,0
2019-11-18,11884.5,11946.2001953125,11867.599609375,11915.150390625,514400,11881.1900390625,11807.8423828125,-0.0009205364347466549,0.0044501839929556395,70.74537058254234,1
2019-11-19,11940.099609375,11958.849609375,11881.75,11919.4501953125,613900,11886.519921875,11825.5298828125,0.004678329704657314,0.004496433244678693,63.276480541455165,1
2019-11-20,11999.099609375,12038.599609375,11966.0498046875,12004.75,646700,11918.2498046875,11842.3923828125,0.004941332311304558,0.004684186764422764,63.38749510789619,0
2019-11-21,11968.400390625,12028.2001953125,11956.900390625,12025.650390625,557700,11937.5099609375,11861.394921875,-0.002558460196964596,0.004619278688231811,57.89159719833174,0
2019-11-22,11914.400390625,11968.099609375,11883.5,11967.2998046875,486800,11941.3,11876.9099609375,-0.004511881140131235,0.004608270205498544,51.928445280009115,1
2019-11-25,12073.75,12084.5,11919.75,11922.4501953125,534300,11979.15,11901.46748046875,0.013374538722098483,0.00559960268646349,59.12509335073638,0
2019-11-26,12037.7001953125,12132.4501953125,12006.349609375,12110.2001953125,1201300,11998.6701171875,11924.157470703125,-0.0029858001604721185,0.0057669482230740116,58.16730694385242,1
2019-11-27,12100.7001953125,12114.900390625,12055.150390625,12068.5,584200,12018.990234375,11939.85,0.005233557820665036,0.005294958439300697,58.954632597818915,1
2019-11-28,12151.150390625,12158.7998046875,12099.9501953125,12132.099609375,620500,12055.540234375,11955.2025390625,0.004169196368656758,0.005331166819973442,59.196151069986534,0
2019-11-29,12056.0498046875,12147.400390625,12017.400390625,12146.2001953125,804400,12083.8701171875,11964.13251953125,-0.007826467690735917,0.006230692461871264,59.89295032001244,0
2019-12-02,12048.2001953125,12137.150390625,12023.7001953125,12137.0498046875,720900,12078.76015625,11972.012548828125,-0.0006510929783939412,0.006220311524515502,58.98274851897663,0
2019-12-03,11994.2001953125,12068.599609375,11956.400390625,12067.650390625,605800,12070.06015625,11974.657568359375,-0.004481997238144242,0.006354694119408881,60.51571345749498,1
2019-12-04,12043.2001953125,12054.7001953125,11935.2998046875,11969.9501953125,747200,12058.56015625,11980.957568359376,0.004085307832292884,0.006293242384307945,61.43110100853253,0
2019-12-05,12018.400390625,12081.2001953125,11998.75,12071.25,562200,12032.01015625,11983.57509765625,-0.00205923710353606,0.006269235479448429,58.19833429924008,0
2019-12-06,11921.5,12057.0498046875,11888.849609375,12047.349609375,609200,12005.1001953125,11979.047607421875,-0.008062669529681155,0.00666837489622276,52.21345129682728,1
2019-12-09,11937.5,11981.9501953125,11888.0498046875,11939.099609375,599100,11982.96015625,11980.515087890624,0.001342112989137334,0.004836941555792469,49.8367488114921,0
2019-12-10,11856.7998046875,11953.2001953125,11844.7001953125,11950.5,650200,11955.480078125,11977.682568359374,-0.006760225785340301,0.0051363880722954626,41.30089823755357,1
2019-12-11,11910.150390625,11923.2001953125,11832.2998046875,11867.349609375,997700,11928.8701171875,11981.167578125,0.0044995771891509495,0.005033674428033246,46.535010061297235,1
2019-12-12,11971.7998046875,12005.5,11934.0,11944.2998046875,752600,11919.55,11986.152587890625,0.005176207859728388,0.005169586331284899,53.38360061573392,1
2019-12-13,12086.7001953125,12098.849609375,12023.599609375,12026.400390625,597700,11952.5900390625,11995.715087890625,0.009597587037832866,0.005699734395366669,50.805609927087474,0
2019-12-16,12053.9501953125,12134.650390625,12046.2998046875,12131.349609375,437700,11975.880078125,12004.18759765625,-0.0027095898360001147,0.005773335366384224,51.015052546049475,1
2019-12-17,12165.0,12182.75,12070.349609375,12082.4501953125,499600,12037.5201171875,12015.4326171875,0.009212731336046609,0.006185077486139456,53.78902361126297,1
2019-12-18,12221.650390625,12237.7001953125,12163.4501953125,12197.0,518900,12099.8201171875,12026.56015625,0.004656834412248179,0.006214886214023213,54.12424846951718,1
2019-12-19,12259.7001953125,12268.349609375,12191.150390625,12223.400390625,623100,12157.4001953125,12041.125146484375,0.003113311498149862,0.00610093551877398,62.76564225496269,1
2019-12-20,12271.7998046875,12293.900390625,12252.75,12266.4501953125,810700,12194.4201171875,12058.9951171875,0.000986941701855537,0.005016117555640037,63.94185686832792,0
2019-12-23,12262.75,12287.150390625,12213.25,12235.4501953125,604800,12236.180078125,12068.4451171875,-0.0007374472230261553,0.005130220964480705,67.73893489628017,0
2019-12-24,12214.5498046875,12283.7001953125,12202.099609375,12269.25,470300,12246.0900390625,12077.28759765625,-0.003930618769240168,0.004600974987668215,61.330392174589115,0
2019-12-26,12126.5498046875,12221.5498046875,12118.849609375,12211.849609375,520300,12227.069921875,12078.580078125,-0.007204522590446127,0.0055616837383670285,56.5997032234227,1
2019-12-27,12245.7998046875,12258.4501953125,12157.900390625,12172.900390625,383800,12224.28984375,12083.312548828126,0.009833794601157297,0.006048088025755909,69.26456750833333,1
2019-12-30,12255.849609375,12286.4501953125,12213.7998046875,12274.900390625,411100,12221.0998046875,12093.3025390625,0.0008206736062803532,0.005478511989984711,69.04574390517499,0
2019-12-31,12168.4501953125,12247.099609375,12151.7998046875,12247.099609375,426900,12202.23984375,12099.3150390625,-0.007131240742024536,0.006000947341429141,68.49668702212207,1
2020-01-01,12182.5,12222.2001953125,12165.2998046875,12202.150390625,304100,12195.8298828125,12108.730029296876,0.001154609211690083,0.005265952022345212,66.95512290497359,1
2020-01-02,12282.2001953125,12289.900390625,12195.25,12198.5498046875,407700,12226.9599609375,12120.680029296875,0.008183886337984836,0.005701033510625683,68.44987392441037,0
2020-01-03,12226.650390625,12265.599609375,12191.349609375,12261.099609375,428800,12223.130078125,12131.092529296875,-0.004522789386603554,0.005823521032682288,58.949954597289825,0
2020-01-06,11993.0498046875,12179.099609375,11974.2001953125,12170.599609375,396500,12170.5701171875,12134.67001953125,-0.019105853072941215,0.008291052641603396,46.90137177973614,1
2020-01-07,12052.9501953125,12152.150390625,12005.349609375,12079.099609375,447800,12147.4701171875,12140.442529296875,0.004994592001242859,0.00860067560811229,43.98583929041301,0
2020-01-08,12025.349609375,12044.9501953125,11929.599609375,11939.099609375,446000,12116.0400390625,12148.87001953125,-0.0022899444111396106,0.008568789740881561,39.12461045706372,1
2020-01-09,12215.900390625,12224.0498046875,12132.5498046875,12153.150390625,477500,12102.780078125,12164.15751953125,0.015845758122611686,0.009872799663430833,47.9241817941149,1
2020-01-10,12256.7998046875,12311.2001953125,12213.2001953125,12271.0,660600,12108.8099609375,12178.40751953125,0.0033480474426501594,0.009414205090286369,49.307990902963745,1
2020-01-13,12329.5498046875,12337.75,12285.7998046875,12296.7001953125,501000,12176.1099609375,12190.55,0.0059354808073293075,0.009593157759829402,52.91066439383817,1
2020-01-14,12362.2998046875,12374.25,12308.7001953125,12333.099609375,616300,12237.9798828125,12205.96748046875,0.0026562202609821117,0.009203423548519524,56.52576732630561,0
2020-01-15,12343.2998046875,12355.150390625,12278.75,12349.400390625,684400,12301.569921875,12214.882470703125,-0.0015369308543056182,0.009257742910057092,60.194715239526566,1
2020-01-16,12355.5,12389.0498046875,12315.7998046875,12347.099609375,395700,12329.48984375,12221.574951171875,0.000988406301843714,0.008941884424238353,55.73745205297539,0
2020-01-17,12352.349609375,12385.4501953125,12321.400390625,12328.400390625,502100,12348.5998046875,12226.207421875,-0.000254978804985595,0.008768726731481427,55.083755196114744,0
2020-01-20,12224.5498046875,12430.5,12216.900390625,12430.5,491600,12327.5998046875,12223.844921875,-0.010346193941151438,0.006731478495619093,52.8347396989884,0
2020-01-21,12169.849609375,12230.0498046875,12162.2998046875,12195.2998046875,400,12289.109765625,12219.19990234375,-0.004474618385662321,0.00691658764337676,49.38599418320257,0
2020-01-22,12106.900390625,12225.0498046875,12087.900390625,12218.349609375,500,12241.8298828125,12213.817431640626,-0.005172555189302153,0.007125261720573302,41.176788633590995,1
2020-01-23,12180.349609375,12189.0,12094.099609375,12123.75,867700,12206.7998046875,12216.507421875,0.0060667236352978104,0.005236058175337273,47.71083034303747,1
2020-01-24,12248.25,12272.150390625,12149.650390625,12174.5498046875,593200,12185.9798828125,12216.629931640626,0.005574584704263197,0.005450383864329602,65.08987810300326,0
2020-01-27,12119.0,12216.599609375,12107.0,12197.099609375,441200,12164.869921875,12209.787451171875,-0.010552527912150667,0.005910830338675886,53.609475413300544,0
2020-01-28,12055.7998046875,12163.5498046875,12024.5,12148.099609375,478500,12142.0599609375,12204.154931640625,-0.005214967844912932,0.005788325083066684,51.601714879238266,1
2020-01-29,12129.5,12169.599609375,12103.7998046875,12114.900390625,514400,12146.5798828125,12201.504931640626,0.006113256399948197,0.006401673295479292,44.818251673874435,0
2020-01-30,12035.7998046875,12150.2998046875,12010.599609375,12147.75,538100,12117.669921875,12189.184912109375,-0.0077249841553650445,0.0065814372861477425,37.53525098702763,0
2020-01-31,11962.099609375,12103.5498046875,11945.849609375,12100.400390625,771300,12060.43984375,12175.957373046875,-0.006123414854723341,0.006610811423877685,29.297418759195338,0
2020-02-03,11707.900390625,11749.849609375,11614.5,11627.4501953125,669800,11978.219921875,12161.69990234375,-0.021250384719316173,0.008540755192327587,20.493292459003115,1
2020-02-04,11979.650390625,11986.150390625,11783.400390625,11786.25,560400,11962.9900390625,12158.034912109375,0.02321082268667074,0.012180731346617589,36.64673115168658,1
2020-02-05,12089.150390625,12098.150390625,11953.349609375,12005.849609375,758000,11954.9201171875,12161.224951171875,0.009140500467834434,0.012537891141671255,40.8718683984353,1
2020-02-06,12137.9501953125,12160.599609375,12084.650390625,12120.0,565100,11975.3501953125,12157.32744140625,0.004036661230167438,0.012443459160582527,42.87519577025902,0
2020-02-07,12098.349609375,12154.7001953125,12073.9501953125,12151.150390625,473500,12002.6001953125,12149.404931640625,-0.0032625431230384194,0.012294460692054546,45.5450350353318,0
2020-02-10,12031.5,12103.5498046875,11990.75,12102.349609375,524700,12067.3201171875,12134.50244140625,-0.005525514763038308,0.011966261166115643,45.15768706497115,1
2020-02-11,12107.900390625,12172.2998046875,12099.0,12108.400390625,480000,12092.9701171875,12121.782470703125,0.006350030388978967,0.012035788519519027,50.03467406380028,1
2020-02-12,12201.2001953125,12231.75,12144.2998046875,12151.0,411700,12115.380078125,12114.677490234375,0.0077056964194832656,0.012128538444946558,50.71315721791527,0
2020-02-13,12174.650390625,12225.650390625,12139.7998046875,12219.5498046875,501200,12122.7201171875,12105.635009765625,-0.0021759994314084485,0.011825662676514739,47.4093766499472,0
2020-02-14,12113.4501953125,12246.7001953125,12091.2001953125,12190.150390625,622800,12125.740234375,12093.6900390625,-0.005026854435148831,0.01175497308975472,49.794824064252595,0
2020-02-17,12045.7998046875,12159.599609375,12037.0,12131.7998046875,0,12128.6001953125,12084.7525390625,-0.00558473346026378,0.009173141835901188,49.631513113671005,0
2020-02-18,11992.5,12030.75,11908.0498046875,12028.25,676900,12105.5201171875,12075.88505859375,-0.004424762618648104,0.005975316237060312,44.87467265245043,1
2020-02-19,12125.900390625,12134.7001953125,12042.099609375,12090.599609375,513600,12090.46015625,12076.83505859375,0.011123651500938081,0.00633021311946807,53.2735275813938,0
2020-02-20,12080.849609375,12152.0,12071.4501953125,12119.0,502600,12071.7,12071.86005859375,-0.003715252459506435,0.006299286498380945,54.40614192994814,0
2020-02-24,11829.400390625,12012.5498046875,11813.400390625,12012.5498046875,490800,12014.8900390625,12050.917578125,-0.02081386879900149,0.009024494965669547,54.517397732587014,0
2020-02-25,11797.900390625,11883.0498046875,11779.900390625,11877.5,461000,11965.31015625,12034.86259765625,-0.002662856861702312,0.008952711877342865,41.77267342139232,0
2020-02-26,11678.5,11783.25,11639.599609375,11738.5498046875,567600,11902.51015625,12015.997607421876,-0.010120477938589723,0.008774989293596134,31.576115625859842,0
2020-02-27,11633.2998046875,11663.849609375,11536.7001953125,11661.25,608600,11803.9900390625,11991.18759765625,-0.003870376787472707,0.007835551450608104,27.285426439457353,0
2020-02-28,11201.75,11384.7998046875,11175.0498046875,11382.0,809900,11628.1701171875,11949.485107421875,-0.03709607866493836,0.012788278316078336,20.16904633795751,0
2020-03-02,11132.75,11433.0,11036.25,11387.349609375,680800,11488.8400390625,11908.017626953126,-0.006159751824491688,0.01276184660874057,20.140227244706594,1
2020-03-03,11303.2998046875,11342.25,11152.5498046875,11217.5498046875,696500,11389.919921875,11887.78759765625,0.015319647408546855,0.01480973795462195,24.842089577942673,0
2020-03-04,11251.0,11356.599609375,11082.150390625,11351.349609375,797700,11304.419921875,11851.355078125,-0.004626950146523701,0.014807119105248517,19.507738977558688,1
2020-03-05,11269.0,11389.5,11244.599609375,11306.0498046875,1352500,11231.5599609375,11810.34755859375,0.0015998577904186018,0.013839276804367421,20.777001903273387,0
2020-03-06,10989.4501953125,11035.099609375,10827.400390625,10942.650390625,1811000,11189.1,11752.92255859375,-0.024806975302821943,0.014819244034442628,18.210878679577746,0
2020-03-09,10451.4501953125,10751.5498046875,10294.4501953125,10742.0498046875,1565500,11052.8400390625,11670.577587890624,-0.048956043335951605,0.019252664249488575,14.38401408745672,1
2020-03-11,10458.400390625,10545.099609375,10334.0,10334.2998046875,1218500,10883.86015625,11591.922607421875,0.0006649981756232659,0.019462261753284187,15.005261736881067,0
2020-03-12,9590.150390625,10040.75,9508.0,10039.9501953125,1343500,10551.690234375,11466.035107421874,-0.08301938801064712,0.029713842029721438,6.679764243614926,1
2020-03-13,9955.2001953125,10159.400390625,8555.150390625,9107.599609375,1388000,10288.9302734375,11353.735107421875,0.03806507612689369,0.034650392813923944,17.264956442306627,0
2020-03-16,9197.400390625,9602.2001953125,9165.099609375,9587.7998046875,897700,9930.5203125,11204.872607421876,-0.07612100106679087,0.03931182503408535,14.935649543840583,0
2020-03-17,8967.0498046875,9403.7998046875,8915.599609375,9285.400390625,935600,9633.640234375,11047.552587890625,-0.02504518409052825,0.03908990164675665,14.184131301866643,0
2020-03-18,8468.7998046875,9127.5498046875,8407.0498046875,9088.4501953125,1516600,9235.7201171875,10868.702587890624,-0.05556454027271507,0.03825193920681837,12.943332178060544,0
2020-03-19,8263.4501953125,8575.4501953125,7832.5498046875,8063.2998046875,925700,8970.380078125,10682.25009765625,-0.024247781753128472,0.03742662895120622,12.48176671308525,1
2020-03-20,8745.4501953125,8883.0,8178.2001953125,8284.4501953125,1071500,8728.430078125,10513.227587890626,0.058329146858465686,0.04601846395682691,22.956575928098985,0
2020-03-23,7610.25,8159.25,7583.60009765625,7945.7001953125,653500,8411.0,10289.697607421875,-0.12980466070471242,0.056897646531059234,18.591730460650666,1
2020-03-24,7801.0498046875,8036.9501953125,7511.10009765625,7848.2998046875,738400,8177.8,10088.280078125,0.02507142402516349,0.059570877526529245,18.884651837836316,1
2020-03-25,8317.849609375,8376.75,7714.75,7735.14990234375,736900,8147.6099609375,9914.2775390625,0.06624746894667499,0.06621494204002285,25.927592975693443,1
2020-03-26,8641.4501953125,8749.0498046875,8304.900390625,8451.0,865600,8223.2099609375,9762.425048828125,0.038904356430389475,0.06465291641054548,29.465690381486624,1
2020-03-27,8660.25,9038.900390625,8522.900390625,8949.099609375,801500,8206.169921875,9613.77255859375,0.0021755381634551707,0.06275422949088948,31.02391871547951,0
2020-03-30,8281.099609375,8576.0,8244.0,8385.9501953125,593300,8340.33984375,9467.7400390625,-0.04378053643081892,0.05984898242787538,31.848249322792483,1
2020-03-31,8597.75,8678.2998046875,8358.0,8529.349609375,712700,8499.6798828125,9340.9900390625,0.03823772271336057,0.06126596386058625,35.20487146690057,0
2020-04-01,8253.7998046875,8588.099609375,8198.349609375,8584.099609375,506300,8486.869921875,9188.5150390625,-0.04000467509668226,0.05995038800649288,38.407283803797334,0
2020-04-03,8083.7998046875,8356.5498046875,8055.7998046875,8356.5498046875,697000,8375.33984375,9030.155029296875,-0.020596574186770744,0.059803242866531214,33.197155558673174,1
2020-04-07,8792.2001953125,8819.400390625,8360.9501953125,8446.2998046875,814200,8401.7298828125,8906.3150390625,0.08763210467115035,0.06360440034742045,46.329244050309946,0
2020-04-08,8748.75,9131.7001953125,8653.900390625,8688.900390625,896500,8495.2599609375,8794.280029296875,-0.004941902407507137,0.04400048751252476,47.953081645065296,1
2020-04-09,9111.900390625,9128.349609375,8904.5498046875,8973.0498046875,742100,8598.0900390625,8727.3025390625,0.04150883161880259,0.04472399353649319,56.186869801919826,0
2020-04-13,8993.849609375,9112.0498046875,8912.400390625,9103.9501953125,644000,8746.1,8654.075,-0.01295567073707915,0.041864449166847645,57.14676120652603,0
2020-04-15,8925.2998046875,9261.2001953125,8874.099609375,9196.400390625,879100,8914.4,8620.832470703124,-0.007621853562688519,0.04069354587034126,51.914698072680466,1
2020-04-16,8992.7998046875,9053.75,8821.900390625,8851.25,719400,8954.519921875,8572.712451171876,0.007562771164790316,0.0407028778935555,69.04940735129287,1
2020-04-17,9266.75,9324.0,9091.349609375,9323.4501953125,684200,9058.119921875,8576.179931640625,0.03046328187687486,0.03756740399694249,69.74271334203786,0
2020-04-20,9261.849609375,9390.849609375,9230.7998046875,9390.2001953125,726400,9088.109765625,8590.919921875,-0.0005288143766692954,0.036536900914251345,64.74952287310042,0
2020-04-21,8981.4501953125,9044.400390625,8909.400390625,9016.9501953125,655100,9085.6298828125,8616.55244140625,-0.030274667144095657,0.03522078475737882,55.38502561970484,1
2020-04-22,9187.2998046875,9209.75,8946.25,9026.75,734400,9138.0298828125,8662.744921875,0.02291941778872575,0.03381453967477478,57.880642145758124,1
2020-04-23,9313.900390625,9343.599609375,9170.150390625,9232.349609375,666700,9202.25,8691.167431640624,0.01377995587701486,0.02168368468114498,66.70440574223622,0
2020-04-24,9154.400390625,9296.900390625,9141.2998046875,9163.900390625,659400,9179.780078125,8768.374951171874,-0.017124941572334906,0.022685332209788033,59.485388431490406,1
2020-04-27,9282.2998046875,9377.099609375,9250.349609375,9259.7001953125,512800,9183.8701171875,8842.437451171874,0.013971358975458648,0.019122025165437796,68.91876161782659,1
2020-04-28,9380.900390625,9404.400390625,9260.0,9389.7998046875,614500,9263.76015625,8895.589990234375,0.010622430648890235,0.018514403502681798,74.50316843920932,1
2020-04-29,9553.349609375,9599.849609375,9392.349609375,9408.599609375,653000,9336.9701171875,8941.1849609375,0.018383013524196468,0.018468063620623677,68.02944791860878,1
2020-04-30,9859.900390625,9889.0498046875,9731.5,9753.5,931200,9446.1701171875,9001.16748046875,0.03208830345213909,0.020109947655304338,73.40297483345853,0
2020-05-04,9293.5,9533.5,9266.9501953125,9533.5,687500,9473.9900390625,9051.7875,-0.05744483901313502,0.02768220388304076,53.52319429613792,0
2020-05-05,9205.599609375,9450.900390625,9190.75,9429.400390625,725200,9458.65,9082.17998046875,-0.009458265521601117,0.02786746281303082,54.15676832120483,1
2020-05-06,9270.900390625,9346.900390625,9116.5,9226.7998046875,722200,9436.65,9133.035009765625,0.007093593467121684,0.025825168883032358,56.792993692926245,0
2020-05-07,9199.0498046875,9277.849609375,9175.900390625,9234.0498046875,708700,9365.7900390625,9188.797509765625,-0.007750119504051356,0.025070569034785762,54.04705002245805,1
2020-05-08,9251.5,9382.650390625,9238.2001953125,9376.9501953125,609100,9244.1099609375,9211.7625,0.0057016970693835045,0.0247198056627796,49.67227591949941,0
2020-05-11,9239.2001953125,9439.900390625,9219.9501953125,9348.150390625,704600,9233.25,9236.285009765625,-0.0013294930214019507,0.024026721278306334,49.514804802706536,0
2020-05-12,9196.5498046875,9240.849609375,9043.9501953125,9168.849609375,805500,9231.4400390625,9240.51748046875,-0.004616242718351149,0.023643806958161248,55.130451958293385,1
2020-05-13,9383.5498046875,9584.5,9351.099609375,9584.2001953125,846400,9253.969921875,9260.002490234376,0.02033371253039773,0.02434815025627213,54.723331603450745,0
2020-05-14,9142.75,9281.099609375,9119.75,9213.9501953125,602600,9242.7099609375,9270.875,-0.025661909373274727,0.024694879378244092,46.09540283354989,0
2020-05-15,9136.849609375,9182.400390625,9050.0,9182.400390625,575900,9219.7798828125,9278.077490234375,-0.0006453627874545287,0.021300600762512608,49.5694227888715,0
2020-05-18,8823.25,9158.2998046875,8806.75,9158.2998046875,773000,9136.58984375,9255.902490234375,-0.034322509703259896,0.01580886370124506,39.678489040776455,1
2020-05-19,8879.099609375,9030.349609375,8855.2998046875,8961.7001953125,762200,9073.0998046875,9236.764990234375,0.00632982284022332,0.01610697518630675,38.496095096774084,1
2020-05-20,9066.5498046875,9093.7998046875,8875.349609375,8889.150390625,622300,9009.6998046875,9241.019970703124,0.021111396826158035,0.017664733208909957,38.916230527142936,1
2020-05-21,9106.25,9178.5498046875,9056.099609375,9079.4501953125,631500,9002.3998046875,9236.96748046875,0.004378754451001221,0.017648916780077267,30.466799497026514,0
2020-05-22,9039.25,9149.599609375,8968.5498046875,9067.900390625,675800,8982.8798828125,9223.2349609375,-0.0073575840768702605,0.01759151578065967,41.108597563224606,0
2020-05-26,9029.0498046875,9161.650390625,8996.650390625,9099.75,655000,9024.03984375,9216.967431640625,-0.0011284338094974533,0.01759270810510557,43.47104119101395,1
2020-05-27,9314.9501953125,9334.0,9004.25,9082.2001953125,763500,9111.2099609375,9218.599951171875,0.03166450477176164,0.02052588632208189,51.40049490963397,1
2020-05-28,9490.099609375,9511.25,9336.5,9364.9501953125,837900,9195.919921875,9224.059912109375,0.018803043536468778,0.020374737268884852,58.6831280995564,1
2020-05-29,9580.2998046875,9598.849609375,9376.900390625,9422.2001953125,967000,9290.7298828125,9225.407421875,0.009504662651105722,0.018109741524600084,59.59327091129677,1
2020-06-01,9826.150390625,9931.599609375,9706.9501953125,9726.849609375,794200,9448.1099609375,9223.719921875,0.025662097319460564,0.019108612342429856,65.0712517897577,1
2020-06-02,9979.099609375,9995.599609375,9824.0498046875,9880.849609375,770200,9638.119921875,9257.99990234375,0.015565527970742954,0.012278413323398907,69.01654586695055,1
2020-06-03,10061.5498046875,10176.2001953125,10035.5498046875,10108.2998046875,794700,9787.43984375,9300.797412109376,0.008262288035990828,0.012186188739519087,67.357910906298,0
2020-06-04,10029.099609375,10123.849609375,9944.25,10054.25,775100,9895.23984375,9338.707373046875,-0.003225168681009971,0.012726016361222213,75.40192620074087,1
2020-06-05,10142.150390625,10177.7998046875,10040.75,10093.7998046875,987100,10007.6099609375,9385.86240234375,0.011272276241460544,0.012560499976800046,77.14386967078076,1
2020-06-08,10167.4501953125,10328.5,10120.25,10326.75,936500,10075.869921875,9431.659912109375,0.002494520758722585,0.011291373323197778,92.98686778782343,0
2020-06-09,10046.650390625,10291.150390625,10021.4501953125,10181.150390625,754200,10089.380078125,9472.032421875,-0.011881032349997822,0.0130444685973793,85.84850443829032,1
2020-06-10,10116.150390625,10148.75,10036.849609375,10072.599609375,632400,10100.3001953125,9518.012451171875,0.006917728526201428,0.010803985961977984,84.74345936293642,0
2020-06-11,9902.0,10112.0498046875,9885.0498046875,10094.099609375,715500,10074.8802734375,9543.9349609375,-0.021169158460066062,0.013547776199413247,73.61344391702745,1
2020-06-12,9972.900390625,9996.0498046875,9544.349609375,9544.9501953125,796300,10041.0302734375,9585.44248046875,0.00716020911179549,0.013468531665553533,77.64157642258746,0
2020-06-15,9813.7001953125,9943.349609375,9726.349609375,9919.349609375,716100,9970.2802734375,9619.285009765625,-0.015963279394844432,0.012460825853861076,71.34694680014454,1
2020-06-16,9914.0,10046.150390625,9728.5,10014.7998046875,899900,9943.7501953125,9673.822509765625,0.010220386061458031,0.011814106635149866,68.12829325523596,0
2020-06-17,9881.150390625,10003.599609375,9833.7998046875,9876.7001953125,685400,9896.7501953125,9723.925048828125,-0.0033134566648174157,0.01141045557082943,62.94912009520175,1
2020-06-18,10091.650390625,10111.2001953125,9845.0498046875,9863.25,622900,9934.6802734375,9775.180078125,0.021303187551898528,0.013502394345790552,65.68318600292204,1
2020-06-19,10244.400390625,10272.400390625,10072.650390625,10119.0,892100,9988.9802734375,9832.08759765625,0.015136275444292302,0.0138882039191204,63.604719569109335,1
2020-06-22,10311.2001953125,10393.650390625,10277.599609375,10318.75,685400,10088.4802734375,9895.685107421876,0.006520616350433883,0.013991400180724416,61.44384432890818,1
2020-06-23,10471.0,10484.7001953125,10301.75,10347.9501953125,669200,10199.8802734375,9967.7826171875,0.015497691991291696,0.013760380444538799,63.39516597434811,0
2020-06-24,10305.2998046875,10553.150390625,10281.9501953125,10529.25,854800,10284.71015625,10017.30009765625,-0.015824677233549855,0.015082821424114119,58.31126919579965,0
2020-06-25,10288.900390625,10361.7998046875,10194.5,10235.5498046875,994200,10324.16015625,10057.24013671875,-0.001591357298992957,0.01285333833996584,54.688650540278125,1
2020-06-26,10383.0,10409.849609375,10311.25,10378.900390625,671900,10351.880078125,10097.375146484375,0.00914574014738645,0.012924187204976517,56.59678449979946,0
2020-06-29,10312.400390625,10337.9501953125,10223.599609375,10311.9501953125,574500,10352.1201171875,10121.687646484375,-0.006799538608783573,0.01159951416026909,58.39096323650029,0
2020-06-30,10302.099609375,10401.0498046875,10267.349609375,10382.599609375,556200,10318.3400390625,10137.837646484375,-0.0009988732845714887,0.011584218528986528,56.099296959384574,1
2020-07-01,10430.0498046875,10447.0498046875,10299.599609375,10323.7998046875,573600,10343.2900390625,10156.262646484374,0.012419817334717198,0.011562914358295071,68.35865590612937,1
2020-07-02,10551.7001953125,10598.2001953125,10485.5498046875,10493.0498046875,597400,10395.85,10182.39267578125,0.011663452514898642,0.010445070035633804,69.4371694696363,1
2020-07-03,10607.349609375,10631.2998046875,10562.650390625,10614.9501953125,525200,10440.719921875,10205.65263671875,0.005273976044848361,0.009775088618331384,78.64439301648036,1
2020-07-06,10763.650390625,10811.400390625,10695.099609375,10723.849609375,571200,10530.969921875,10235.462646484375,0.014735139974255018,0.010380663127900596,79.47412567702526,1
2020-07-07,10799.650390625,10813.7998046875,10689.7001953125,10802.849609375,636800,10630.480078125,10273.112646484375,0.003344590235981215,0.009613910482033047,81.79300796123226,0
2020-07-08,10705.75,10847.849609375,10676.5498046875,10818.650390625,767900,10685.6201171875,10302.592626953125,-0.00869476207364206,0.008213875531661209,73.122954617325,1
2020-07-09,10813.4501953125,10836.849609375,10733.0,10755.5498046875,618700,10737.9701171875,10348.16513671875,0.010060032721901813,0.008182601046281523,72.17911465783217,0
2020-07-10,10768.0498046875,10819.400390625,10713.0,10764.099609375,590700,10770.11015625,10387.922607421875,-0.004198511095439339,0.008515426348810588,68.1080972280499,1
2020-07-13,10802.7001953125,10894.0498046875,10756.0498046875,10851.849609375,554100,10777.9201171875,10437.372607421876,0.003217889149241815,0.0076953062037860296,64.59560336996475,0
2020-07-14,10607.349609375,10755.650390625,10562.900390625,10750.849609375,532400,10739.4599609375,10472.040087890626,-0.01808349601540049,0.010486902381544245,62.95292457294576,1
2020-07-15,10618.2001953125,10827.4501953125,10577.75,10701.0,715900,10721.95,10508.892578125,0.0010229309240368245,0.009951918476591036,64.18902371801292,1
2020-07-16,10739.9501953125,10755.2998046875,10595.2001953125,10706.2001953125,694400,10707.25,10541.307568359374,0.011466161662100571,0.009930439681877292,65.02247718374738,1
2020-07-17,10901.7001953125,10933.4501953125,10749.650390625,10752.0,676900,10733.980078125,10574.17255859375,0.01506059125586967,0.010757105754917687,73.03384596592883,1
2020-07-20,11022.2001953125,11037.900390625,10953.0,10999.4501953125,554300,10777.880078125,10609.72255859375,0.011053321760931656,0.010358576506784118,75.91402278265528,1
2020-07-21,11162.25,11179.5498046875,11113.25,11126.099609375,772000,10888.86015625,10644.28505859375,0.012706156865764484,0.010861736896577651,76.121964492638,0
2020-07-22,11132.599609375,11238.099609375,11056.5498046875,11231.2001953125,765100,10991.7400390625,10685.650048828125,-0.0026563094918139463,0.0102687005478344,72.18014946332063,1
2020-07-23,11215.4501953125,11239.7998046875,11103.150390625,11135.0,621600,11086.8400390625,10731.9775390625,0.007442159858846331,0.010128459048413942,72.74626767534711,0
2020-07-24,11194.150390625,11225.400390625,11090.2998046875,11149.9501953125,678900,11145.330078125,10772.53505859375,-0.0018991484351116306,0.0099537386352167,67.91207791025758,0
2020-07-27,11131.7998046875,11225.0,11087.849609375,11225.0,588100,11167.25,10813.505029296875,-0.005569925698846956,0.010401732293364488,63.52340744970088,1
2020-07-28,11300.5498046875,11317.75,11151.400390625,11154.099609375,683900,11194.9099609375,10863.4275390625,0.0151592736988444,0.007909093301655916,72.82593786562913,0
2020-07-29,11202.849609375,11341.400390625,11149.75,11276.900390625,600700,11208.9599609375,10902.067529296875,-0.008645614328603224,0.00913283476078961,65.05910797600785,0
2020-07-30,11102.150390625,11299.9501953125,11084.9501953125,11254.2998046875,677800,11186.3,10929.5900390625,-0.008988714680747911,0.009885746841685975,62.39059685243441,0
2020-07-31,11073.4501953125,11150.400390625,11026.650390625,11139.5,642600,11162.1599609375,10952.895068359376,-0.002585102372305803,0.009110880796563704,60.08566235905435,0
2020-08-03,10891.599609375,11058.0498046875,10882.25,11057.5498046875,680900,11114.119921875,10959.292529296876,-0.016422215545293994,0.010039401495765987,60.696127269333154,1
2020-08-04,11095.25,11112.25,10908.099609375,10946.650390625,625700,11073.0599609375,10974.072509765625,0.018697932161379383,0.011082593094514068,65.67642382975338,1
2020-08-05,11101.650390625,11225.650390625,11064.0498046875,11155.75,667600,11052.8201171875,10993.867529296875,0.0005768586219327965,0.01106135339998745,62.86088901636236,1
2020-08-06,11200.150390625,11256.7998046875,11127.2998046875,11185.7001953125,600400,11072.4201171875,11013.2025390625,0.008872554668374333,0.01118010621050868,61.11172113093312,1
2020-08-07,11214.0498046875,11231.900390625,11142.0498046875,11186.650390625,452600,11100.5400390625,11035.5025390625,0.0012410024488720417,0.011167438986781224,57.75869967709933,1
2020-08-10,11270.150390625,11337.2998046875,11238.0,11270.25,492000,11176.2501953125,11058.875048828126,0.005002705259437024,0.011056875890170823,54.68154161652797,1
2020-08-11,11322.5,11373.599609375,11299.150390625,11322.25,586100,11221.7001953125,11094.632568359375,0.004644978776729314,0.010045191677925922,58.08016926728408,0
2020-08-12,11308.400390625,11322.0,11242.650390625,11289.0,609900,11263.0501953125,11129.142578125,-0.0012452735151247118,0.009579704148686231,54.20075681677955,0
2020-08-13,11300.4501953125,11359.2998046875,11269.9501953125,11334.849609375,562400,11283.11015625,11157.167578125,-0.0007030344733010008,0.008960018645923905,54.862749758093265,0
2020-08-14,11178.400390625,11366.25,11111.4501953125,11353.2998046875,645100,11275.9802734375,11171.002587890625,-0.010800437378868932,0.009749428736026161,52.02136627229712,1
2020-08-17,11247.099609375,11267.099609375,11144.5,11248.900390625,634000,11271.3701171875,11182.24755859375,0.0061457110453491115,0.007660032464027536,47.461158739156126,1
2020-08-18,11385.349609375,11401.7001953125,11253.150390625,11259.7998046875,579200,11283.9400390625,11193.4025390625,0.012292057935075373,0.006385884742995827,58.347060484029456,1
2020-08-19,11408.400390625,11460.349609375,11394.099609375,11452.150390625,626200,11303.9400390625,11207.192578125,0.002024600213507588,0.00635117006134366,65.07802493259123,0
2020-08-20,11312.2001953125,11361.4501953125,11289.7998046875,11317.4501953125,791600,11306.2900390625,11212.030078125,-0.008432399987605033,0.006835881691550488,61.02210552511893,1
2020-08-21,11371.599609375,11418.5,11362.2001953125,11409.650390625,668700,11344.9298828125,11220.9025390625,0.005250916093857194,0.006966838164357403,74.98439491935173,1
2020-08-24,11466.4501953125,11497.25,11410.650390625,11412.0,532900,11388.8,11237.63505859375,0.008341006471886514,0.007232604455736285,71.78916884400333,1
2020-08-25,11472.25,11525.900390625,11423.349609375,11513.099609375,638200,11406.180078125,11246.220068359375,0.0005058064691958464,0.007166774807349499,71.76926395205294,1
2020-08-26,11549.599609375,11561.75,11461.849609375,11512.849609375,743400,11434.419921875,11263.557568359374,0.0067423225064831005,0.007290929324525013,71.04991940892032,1
2020-08-27,11559.25,11617.349609375,11540.599609375,11609.2998046875,719800,11483.8298828125,11286.412548828124,0.0008355606212675504,0.0072404046607900275,70.90096130763382,1
2020-08-28,11647.599609375,11686.0498046875,11589.400390625,11602.9501953125,807000,11539.0298828125,11315.12001953125,0.007643195654994939,0.005725892022659189,71.99462352129764,0
2020-08-31,11387.5,11794.25,11325.849609375,11777.5498046875,1371800,11523.23984375,11339.9150390625,-0.022330747801946216,0.010057432668051206,53.04935595183337,1
2020-09-01,11470.25,11553.5498046875,11366.900390625,11464.2998046875,783800,11522.83984375,11358.6650390625,0.007266739846322645,0.009559698409076795,57.133400362923915,1
2020-09-02,11535.0,11554.75,11430.400390625,11478.5498046875,593500,11519.919921875,11380.33251953125,0.005645038251127943,0.009679676769203675,59.84470081707504,0
2020-09-03,11527.4501953125,11584.9501953125,11507.650390625,11566.2001953125,607100,11513.5599609375,11396.697509765625,-0.0006545127600779965,0.009120795881026772,66.20850342511412,0
2020-09-04,11333.849609375,11452.0498046875,11303.650390625,11354.400390625,681300,11450.8099609375,11402.6875,-0.016794744948559814,0.01074681173594224,53.60961893229526,1
2020-09-07,11355.0498046875,11381.150390625,11251.7001953125,11359.599609375,560300,11444.319921875,11406.932470703125,0.0018705202595032944,0.010357828459625377,48.60318143469794,0
2020-09-08,11317.349609375,11437.25,11290.4501953125,11378.5498046875,572200,11413.73984375,11406.674951171875,-0.0033201259317187093,0.010369673766198276,45.85850437798499,0
2020-09-09,11278.0,11298.150390625,11185.150390625,11218.599609375,728900,11362.33984375,11405.154931640625,-0.003476927967516641,0.009984377858091418,48.3595445828575,1
2020-09-10,11449.25,11464.0498046875,11327.400390625,11363.2998046875,679400,11346.6998046875,11412.594921875,0.015184429863450921,0.011418219434791998,53.36367297487546,1
2020-09-11,11464.4501953125,11493.5,11419.900390625,11447.7998046875,554800,11372.819921875,11426.897412109374,0.0013276149365679668,0.011062501964904197,49.906942084170154,0
2020-09-14,11440.0498046875,11568.900390625,11383.5498046875,11540.150390625,642300,11389.819921875,11436.544921875,-0.0021283524468515003,0.00835473220273709,48.527250751940485,1
2020-09-15,11521.7998046875,11535.9501953125,11442.25,11487.2001953125,506700,11430.7099609375,11443.367431640625,0.007145947910690342,0.00834392931422037,48.73361015638693,1
2020-09-16,11604.5498046875,11618.099609375,11516.75,11538.4501953125,527800,11496.019921875,11453.17490234375,0.0071820376506051,0.008462953263819363,51.934731234729476,0
2020-09-17,11516.099609375,11587.2001953125,11498.5,11539.400390625,0,11509.38984375,11463.369873046875,-0.007622027291120936,0.00885836431511066,44.3841855033781,0
2020-09-18,11504.9501953125,11584.099609375,11446.099609375,11584.099609375,764200,11517.48984375,11470.03740234375,-0.0009681588767627147,0.006683816765377231,56.37034879101672,0
2020-09-21,11250.5498046875,11535.25,11218.5,11503.7998046875,602900,11479.58984375,11459.2423828125,-0.02211225483867385,0.010015985719655326,39.9542753037522,0
2020-09-22,11153.650390625,11302.2001953125,11084.650390625,11301.75,672200,11405.9599609375,11443.31240234375,-0.00861286032635733,0.010295275271480088,33.060921377051116,0
2020-09-23,11131.849609375,11259.5498046875,11024.400390625,11258.75,714900,11311.419921875,11422.42490234375,-0.0019545871070447696,0.010272514278839708,32.64759577780082,0
2020-09-24,10805.5498046875,11015.2998046875,10790.2001953125,11011.0,706100,11169.3099609375,11384.739892578125,-0.029312272096516434,0.011872507424722036,29.243298701677404,1
2020-09-25,11050.25,11072.599609375,10854.849609375,10910.400390625,559600,11078.369921875,11354.872412109375,0.022645788482354545,0.014822999847783822,39.81352565621437,1
2020-09-28,11227.5498046875,11239.349609375,11099.849609375,11140.849609375,472800,11073.769921875,11346.87490234375,0.016044868187371275,0.016080573389709002,47.25500415831571,0
2020-09-29,11222.400390625,11305.400390625,11181.0,11288.599609375,498300,11087.519921875,11334.482421875,-0.0004586409458945395,0.015789988743103157,48.26413957617858,1
2020-09-30,11247.5498046875,11295.400390625,11184.5498046875,11244.4501953125,499300,11110.6599609375,11320.109912109376,0.002241001317642377,0.015527901168429442,43.070624003156354,1
2020-10-01,11416.9501953125,11428.599609375,11347.0498046875,11364.4501953125,447700,11232.9400390625,11314.584912109374,0.015061092732783665,0.0164111212843556,48.52447777312632,1
2020-10-05,11503.349609375,11578.0498046875,11452.2998046875,11487.7998046875,530600,11323.5599609375,11323.059912109375,0.0075676439490797165,0.01661875594038776,51.8933912556807,1
2020-10-06,11662.400390625,11680.2998046875,11564.2998046875,11603.4501953125,561400,11410.530078125,11338.42744140625,0.013826475474619793,0.015094999191103426,54.01968760487203,1
2020-10-07,11738.849609375,11763.0498046875,11629.349609375,11679.25,513400,11513.819921875,11359.50244140625,0.006555187284725372,0.014468826428663428,53.85343481162798,1
2020-10-08,11834.599609375,11905.7001953125,11791.150390625,11835.400390625,608800,11631.2298828125,11387.332421875,0.008156676606839941,0.01426345199354476,59.10052815565189,1
2020-10-09,11914.2001953125,11938.599609375,11805.2001953125,11852.0498046875,611100,11730.6798828125,11410.579931640625,0.0067260903253916204,0.006975597812425881,61.25333648408423,1
2020-10-12,11930.9501953125,12022.0498046875,11867.2001953125,11973.5498046875,522600,11816.2,11433.904931640625,0.0014058853909966196,0.00577176800968334,71.52213345063375,1
2020-10-13,11934.5,11988.2001953125,11888.900390625,11934.650390625,458300,11870.619921875,11458.62744140625,0.0002975290843887368,0.005380823472122358,76.2496996151134,1
2020-10-14,11971.0498046875,11997.2001953125,11822.150390625,11917.400390625,569200,11917.0599609375,11481.08994140625,0.0030625333853533387,0.005003144045212684,77.9342573443795,0
2020-10-15,11680.349609375,12025.4501953125,11661.2998046875,12023.4501953125,608900,11886.2099609375,11484.879931640626,-0.02428360085835335,0.01097415516340616,79.82612980665182,1
2020-10-16,11762.4501953125,11789.75,11667.849609375,11727.400390625,555800,11855.8599609375,11497.1974609375,0.007028949362235082,0.010336850697835522,77.31039632472609,1
2020-10-19,11873.0498046875,11898.25,11820.400390625,11879.2001953125,541400,11844.2798828125,11515.60244140625,0.009402769621849272,0.01044202851026733,76.08714870722997,1
2020-10-20,11896.7998046875,11949.25,11837.25,11861.0,453600,11836.73984375,11547.91494140625,0.002000328507897331,0.009754071932479376,76.85139030700523,1
2020-10-21,11937.650390625,12018.650390625,11775.75,11958.5498046875,623700,11830.0599609375,11587.11494140625,0.0034337457642519276,0.009642664434436348,77.13724167964013,0
2020-10-22,11896.4501953125,11939.5498046875,11823.4501953125,11890.0,544900,11873.280078125,11625.344970703125,-0.0034512817819539743,0.009479436400060253,70.96998479594103,1
2020-10-23,11930.349609375,11974.5498046875,11908.75,11957.900390625,502300,11906.8599609375,11681.5849609375,0.0028495402835257977,0.00927645635997862,69.57277659403033,0
2020-10-26,11767.75,11942.849609375,11711.7001953125,11937.400390625,519800,11885.8,11717.4599609375,-0.013629073304543216,0.010224672323696615,54.81334339924363,1
2020-10-27,11889.400390625,11899.0498046875,11723.0,11807.099609375,616300,11884.3201171875,11750.552490234375,0.010337608346965288,0.010874415743024727,56.60570742994258,0
2020-10-28,11729.599609375,11929.400390625,11684.849609375,11922.599609375,704000,11842.7099609375,11775.912451171875,-0.013440608945763599,0.011535403086947364,45.63809140535243,0
2020-10-29,11670.7998046875,11744.150390625,11606.4501953125,11633.2998046875,555000,11797.5798828125,11797.074951171875,-0.005012942184360991,0.008641087679486972,39.710845880243205,0
2020-10-30,11642.400390625,11748.9501953125,11535.4501953125,11678.4501953125,553700,11739.9900390625,11808.3474609375,-0.002433373422367602,0.008291005705257953,37.92122912198914,1
2020-11-02,11669.150390625,11725.650390625,11557.400390625,11697.349609375,568400,11720.2701171875,11816.6375,0.002297636149117599,0.007574489841023865,39.104031361629154,1
2020-11-03,11813.5,11836.2001953125,11723.2998046875,11734.4501953125,674300,11705.0900390625,11824.19248046875,0.01237019016319918,0.008755829215197502,44.05674369189124,1
2020-11-04,11908.5,11929.650390625,11756.400390625,11783.349609375,667300,11740.8701171875,11832.675,0.008041647267956087,0.009109762411478515,60.09738396215977,1
2020-11-05,12120.2998046875,12131.099609375,12027.599609375,12062.400390625,632500,11830.7701171875,11846.960009765626,0.017785598915690537,0.010619690696326704,64.20659142296205,1
2020-11-06,12263.5498046875,12280.400390625,12131.849609375,12156.650390625,576800,11955.0,11864.427490234375,0.011819014571289532,0.011076212568273135,65.11106408386301,1
2020-11-09,12461.0498046875,12474.0498046875,12367.349609375,12399.400390625,553400,12113.3798828125,11890.932470703125,0.016104635537461442,0.010121621183143288,69.24651739139125,1
2020-11-10,12631.099609375,12643.900390625,12475.25,12556.400390625,847500,12276.8998046875,11925.762451171875,0.01364650710436388,0.010338677465957612,71.7375545664379,1
2020-11-11,12749.150390625,12769.75,12571.099609375,12680.599609375,880500,12445.0298828125,11964.66748046875,0.009346041508720315,0.00773132095844215,75.50094186708722,0
2020-11-12,12690.7998046875,12741.150390625,12624.849609375,12702.150390625,622000,12559.1298828125,12015.189990234376,-0.004576821525331454,0.0076480558845208975,72.41429930866066,1
2020-11-13,12719.9501953125,12735.9501953125,12607.7001953125,12659.7001953125,513900,12650.4099609375,12063.064990234376,0.002296970330761372,0.007021417709186527,80.46258117446081,1
2020-11-17,12874.2001953125,12934.0498046875,12797.099609375,12932.5,707700,12733.0400390625,12113.122509765624,0.012126619808373373,0.006671693019855509,80.86177379876153,1
2020-11-18,12938.25,12948.849609375,12819.349609375,12860.099609375,731300,12794.4701171875,12165.19501953125,0.004975051165572175,0.006776014062741847,90.29506219786632,0
2020-11-19,12771.7001953125,12963.0,12745.75,12839.5,768800,12798.980078125,12206.897509765626,-0.01287266861341374,0.009738417157790382,84.24262490279938,1
2020-11-20,12859.0498046875,12892.4501953125,12730.25,12813.400390625,664000,12832.630078125,12255.027490234375,0.00683930941371913,0.008985609269959133,86.50422369311639,1
2020-11-23,12926.4501953125,12968.849609375,12825.7001953125,12960.2998046875,633100,12873.930078125,12304.83251953125,0.005241475198302092,0.008747508022481637,86.82559232433923,1
2020-11-24,13055.150390625,13079.099609375,12978.0,13002.599609375,571900,12910.1201171875,12369.2025390625,0.0099563448098976,0.008096553680357658,86.70370186473107,0
2020-11-25,12858.400390625,13145.849609375,12833.650390625,13130.0,679000,12894.1501953125,12417.6525390625,-0.015070680468092346,0.009534954238220537,76.4861635583187,1
2020-11-26,12987.0,13018.0,12790.400390625,12906.4501953125,549800,12937.21015625,12480.52255859375,0.010001213639976747,0.009594431976290648,75.34209650145256,0
2020-11-27,12968.9501953125,13035.2998046875,12914.2998046875,13012.0498046875,1162400,12959.190234375,12545.430078125,-0.001389836350773832,0.00940678989929602,72.25517550756823,1
2020-12-01,13109.0498046875,13128.400390625,12962.7998046875,13062.2001953125,583600,12995.71015625,12618.762548828125,0.010802694687318537,0.009792144849690638,71.21251257945677,1
2020-12-02,13113.75,13128.5,12983.5498046875,13121.400390625,717700,13007.430078125,12690.992529296875,0.0003585458429504751,0.009275073071300568,67.71778252577542,1
2020-12-03,13133.900390625,13216.599609375,13107.900390625,13215.2998046875,713700,13062.530078125,12757.012548828125,0.0015365849299400214,0.009211270969791878,65.21773053480521,1
2020-12-04,13258.5498046875,13280.0498046875,13152.849609375,13177.400390625,640500,13116.8400390625,12824.5150390625,0.009490662358873525,0.007951872118581626,71.33677828505996,1
2020-12-07,13355.75,13366.650390625,13241.9501953125,13264.849609375,591700,13194.2,12886.287548828124,0.007331133249439903,0.007974408577302406,72.73150692392723,1
2020-12-08,13392.9501953125,13435.4501953125,13311.0498046875,13393.849609375,543200,13250.980078125,12942.757568359375,0.002785331809333158,0.007963778911164263,70.24075524842173,1
2020-12-09,13529.099609375,13548.900390625,13449.599609375,13458.099609375,502600,13334.05,12996.16005859375,0.010165752285866914,0.007982660808604849,71.82594366371964,0
2020-12-10,13478.2998046875,13503.5498046875,13399.2998046875,13488.5,553400,13402.9298828125,13038.520068359376,-0.0037548548058806697,0.005438288606668993,78.54258678065429,1
2020-12-11,13513.849609375,13579.349609375,13402.849609375,13512.2998046875,787700,13453.98984375,13076.755029296875,0.002637558535026452,0.005135770223754833,77.60541078649575,1
2020-12-14,13558.150390625,13597.5,13472.4501953125,13571.4501953125,558400,13494.469921875,13120.12255859375,0.0032781762806703973,0.004792481267435939,77.16056899133278,1
2020-12-15,13567.849609375,13589.650390625,13447.0498046875,13547.2001953125,497600,13529.4498046875,13162.517529296874,0.0007153791977927426,0.004351138138309158,74.5569492362613,1
2020-12-16,13682.7001953125,13692.349609375,13606.4501953125,13663.099609375,462200,13560.169921875,13202.942529296875,0.008464907059269056,0.0044639388370580025,92.84306868327366,1
2020-12-17,13740.7001953125,13773.25,13673.5498046875,13713.5498046875,416000,13612.65,13243.0650390625,0.004238929390550483,0.004361021450311804,92.276233494341,1
2020-12-18,13760.5498046875,13772.849609375,13658.599609375,13764.400390625,519400,13661.9900390625,13292.50751953125,0.0014445849987885229,0.004078255348439647,94.3126008597956,0
2020-12-21,13328.400390625,13777.5,13131.4501953125,13741.900390625,687300,13616.0400390625,13315.975048828124,-0.0314049525779333,0.011648515584710415,59.25335442594721,1
2020-12-22,13466.2998046875,13492.0498046875,13192.900390625,13373.650390625,696200,13595.730078125,13342.967529296875,0.010346283876607965,0.012096478639240288,63.36987654906224,1
2020-12-23,13601.099609375,13619.4501953125,13432.2001953125,13473.5,458700,13579.4099609375,13370.264990234375,0.010010159185716239,0.01208291869510371,66.30032736123945,1
2020-12-24,13749.25,13771.75,13626.900390625,13672.150390625,471400,13581.119921875,13414.807470703125,0.01089253037474136,0.012380804836971036,66.84404283577496,1
2020-12-28,13873.2001953125,13885.2998046875,13811.5498046875,13815.150390625,403600,13603.65,13459.11748046875,0.009015051389166695,0.012576436671192027,67.44196151417856,1
2020-12-29,13932.599609375,13967.599609375,13859.900390625,13910.349609375,439600,13724.48984375,13507.299951171875,0.004281594241144937,0.01258556091241071,67.9220279681724,1
2020-12-30,13981.9501953125,13997.0,13864.9501953125,13980.900390625,380700,13827.619921875,13550.944970703125,0.003542094606974411,0.012565254537687613,65.95950300075921,0
2020-12-31,13981.75,14024.849609375,13936.4501953125,13970.0,452400,13903.75,13594.344970703125,-1.4318125132972703e-05,0.012447272480283976,68.39894788309654,1
2021-01-01,14018.5,14049.849609375,13991.349609375,13996.099609375,358100,13957.6,13638.574951171875,0.0026284263414808606,0.012428871583399484,68.42664529094704,1
2021-01-04,14132.900390625,14147.9501953125,13953.75,14104.349609375,495000,14009.5400390625,13682.29248046875,0.00816067272711063,0.01257170776111835,69.96423328150144,1
2021-01-05,14199.5,14215.599609375,14048.150390625,14075.150390625,492500,14062.9201171875,13724.47998046875,0.004712380865514287,0.003794457851674922,71.10637736888339,0
2021-01-06,14146.25,14244.150390625,14039.900390625,14240.9501953125,632300,14095.780078125,13762.144970703124,-0.0037501320469031096,0.004666235421001729,66.15438648555013,0
2021-01-07,14137.349609375,14256.25,14123.099609375,14253.75,559200,14126.9,13792.557470703125,-0.0006291696120880319,0.004596137662594307,64.31276230614452,1
2021-01-08,14347.25,14367.2998046875,14221.650390625,14258.400390625,613500,14192.65,13836.00498046875,0.014847223590326086,0.005371011014598533,68.61712643870501,1
2021-01-11,14484.75,14498.2001953125,14383.099609375,14474.0498046875,672900,14263.019921875,13884.55,0.009583718134137165,0.005429414870169948,95.1328560233451,1
2021-01-12,14563.4501953125,14590.650390625,14432.849609375,14473.7998046875,929600,14335.8099609375,13934.814990234376,0.005433314024232416,0.00544033118889954,94.8970408639552,1
2021-01-13,14564.849609375,14653.349609375,14435.7001953125,14639.7998046875,874000,14419.5298828125,13984.664990234374,9.609083312889233e-05,0.005610796769772266,94.27162305957253,1
2021-01-14,14595.599609375,14617.7998046875,14471.5,14550.0498046875,620200,14511.1798828125,14030.3099609375,0.002111247340323086,0.005475968596231626,93.5790602158583,0
2021-01-15,14433.7001953125,14617.4501953125,14357.849609375,14594.349609375,789600,14528.469921875,14064.9599609375,-0.011092344158201595,0.007346291394302127,77.77502477700693,0
2021-01-18,14281.2998046875,14459.150390625,14222.7998046875,14453.2998046875,762000,14487.7798828125,14090.9974609375,-0.010558650142566628,0.008205026310454657,65.82122896116705,1
2021-01-19,14521.150390625,14546.0498046875,14350.849609375,14371.650390625,546100,14479.319921875,14150.6349609375,0.016794730817062842,0.009575282417563984,70.858792569215,1
2021-01-20,14644.7001953125,14666.4501953125,14517.5498046875,14538.2998046875,623100,14495.2900390625,14209.55498046875,0.008508265623863087,0.009501391349555141,73.4117286773424,0
2021-01-21,14590.349609375,14753.5498046875,14517.25,14730.9501953125,704600,14494.2400390625,14259.01748046875,-0.0037112802046228577,0.009698503462349402,69.94660231875923,0
2021-01-22,14371.900390625,14619.900390625,14357.75,14583.400390625,776800,14481.880078125,14290.15,-0.014972171647596122,0.01028630452354284,57.77235772357723,0
2021-01-25,14238.900390625,14491.099609375,14218.599609375,14477.7998046875,618600,14473.4001953125,14308.435009765624,-0.009254169343308138,0.010104124249448666,51.22826800390162,0
2021-01-27,13967.5,14237.9501953125,13929.2998046875,14237.9501953125,660700,14362.6701171875,14310.180029296875,-0.019060488041877988,0.011110990085177035,45.09481289326716,0
2021-01-28,13817.5498046875,13898.25,13713.25,13810.400390625,637900,14197.2400390625,14301.960009765626,-0.010735650281904374,0.011182716322125592,41.85472698193975,0
2021-01-29,13634.599609375,13966.849609375,13596.75,13946.599609375,753200,14006.0900390625,14284.602490234374,-0.013240422354072856,0.0111215282763694,31.596202596768507,1
2021-02-01,14281.2001953125,14336.349609375,13661.75,13758.599609375,870500,13987.95,14297.7375,0.047423511101338356,0.020233682809730934,45.837854546659926,1
2021-02-02,14647.849609375,14731.7001953125,14469.150390625,14481.099609375,915000,14069.73984375,14323.4849609375,0.02567357148195737,0.021511758055718696,51.5439669257899,1
2021-02-03,14789.9501953125,14868.849609375,14574.150390625,14754.900390625,869500,14234.2298828125,14353.007470703125,0.009701122671723184,0.021110103414496813,53.91628934290447,1
2021-02-04,14895.650390625,14913.7001953125,14714.75,14789.0498046875,884700,14449.85,14390.477490234374,0.0071467580293813615,0.021068050863878966,55.08758706381987,1
2021-02-05,14924.25,15014.650390625,14864.75,14952.599609375,935600,14707.780078125,14429.822509765625,0.0019199973566108586,0.0209765493881094,58.71143290700196,1
2021-02-08,15115.7998046875,15159.900390625,15041.0498046875,15064.2998046875,671200,14874.7,14468.25,0.01283480273296811,0.02023902256177687,64.61624089101926,0
2021-02-09,15109.2998046875,15257.099609375,15064.2998046875,15164.150390625,713300,14966.9900390625,14499.477490234374,-0.0004300136336804483,0.019722598158845056,61.21844245515435,0
2021-02-10,15106.5,15168.25,14977.2001953125,15119.0498046875,624800,15030.3,14526.62998046875,-0.00018530340410816137,0.017859871925510983,59.23377782290582,1
2021-02-11,15173.2998046875,15188.5,15065.400390625,15073.25,500100,15085.8298828125,14557.052490234375,0.004421924647502795,0.016697469915572014,61.598460846759664,0
2021-02-12,15163.2998046875,15243.5,15081.0,15186.2001953125,571800,15133.63984375,14585.4375,-0.0006590524229219685,0.015198065538343717,67.16999073270136,1
2021-02-15,15314.7001953125,15340.150390625,15243.400390625,15270.2998046875,456000,15173.419921875,14629.4875,0.00998465984153385,0.008143872797319004,73.15538855862715,0
2021-02-16,15313.4501953125,15431.75,15242.2001953125,15371.4501953125,648500,15214.25,14681.09501953125,-8.162092525865194e-05,0.005100349633766094,82.78246854721355,0
2021-02-17,15208.900390625,15314.2998046875,15170.75,15279.900390625,504800,15234.730078125,14715.48251953125,-0.006827318687430917,0.00583964864417423,84.65467260872462,0
2021-02-18,15118.9501953125,15250.75,15078.0498046875,15238.7001953125,770600,15223.86015625,14739.19501953125,-0.005914312869584326,0.006211327865155113,88.76702014949012,0
2021-02-19,14981.75,15144.0498046875,14898.2001953125,15074.7998046875,712200,15187.5501953125,14758.7650390625,-0.009074717063029758,0.007046870256413915,74.92971431867893,0
2021-02-22,14675.7001953125,15010.099609375,14635.0498046875,14999.0498046875,609900,15059.7501953125,14773.955029296874,-0.020428174591586412,0.008272650692395528,51.03576116224322,1
2021-02-23,14707.7998046875,14854.5,14651.849609375,14782.25,744100,14938.6201171875,14797.4,0.0021872625461001327,0.00840057307976225,46.67258930633918,1
2021-02-24,14982.0,15008.7998046875,14504.5,14729.150390625,403800,14893.2400390625,14848.125,0.01864318245786234,0.010787281637916556,53.077431749523186,1
2021-02-25,15097.349609375,15176.5,15065.349609375,15079.849609375,803900,14888.919921875,14912.114990234375,0.007699213013950157,0.011010187218721872,55.80988454569531,0
2021-02-26,14529.150390625,14919.4501953125,14467.75,14888.599609375,1103600,14798.4,14956.842529296875,-0.03763569324758598,0.016114997319989964,34.28349870574699,1
2021-03-01,14761.5498046875,14806.7998046875,14638.5498046875,14702.5,507300,14815.569921875,14980.860009765625,0.015995389118723446,0.01679818232788768,41.68956088836115,1
2021-03-02,14919.099609375,14959.099609375,14760.7998046875,14865.2998046875,621700,14857.8298828125,14994.422509765625,0.010672985341787733,0.017378696759474625,45.82998323283756,1
2021-03-03,15245.599609375,15273.150390625,14995.7998046875,15064.400390625,544200,14910.5498046875,15017.20498046875,0.021884698711632122,0.018885022671205197,51.44213219347069,0
2021-03-04,15080.75,15202.349609375,14980.2001953125,15026.75,534900,14907.2298828125,15026.4599609375,-0.010812930524138231,0.01912905172349376,48.44921434271719,0
2021-03-05,14938.099609375,15092.349609375,14862.099609375,14977.9501953125,640700,14989.0197265625,15027.15244140625,-0.009459104528952489,0.019149494283864702,42.90182277334697,1
2021-03-08,14956.2001953125,15111.150390625,14919.900390625,15002.4501953125,0,15027.9498046875,15019.1724609375,0.0012117060677612201,0.0177735175975739,43.309044086446306,1
2021-03-09,15098.400390625,15126.849609375,14925.4501953125,15049.900390625,675300,15063.8099609375,15018.627490234376,0.00950777560179139,0.01793038329085686,47.959220481092416,1
2021-03-10,15174.7998046875,15218.4501953125,15100.849609375,15202.150390625,404600,15049.65,15022.04248046875,0.005060099883821945,0.01708912599991472,51.03665243376771,0
2021-03-12,15030.9501953125,15336.2998046875,14953.599609375,15321.150390625,493200,15039.6900390625,15014.925,-0.009479506235763657,0.0172496160669508,50.910980624596995,0
2021-03-15,14929.5,15048.400390625,14745.849609375,15048.400390625,467500,15037.9701171875,15003.235009765625,-0.006749419963093084,0.011692947938100356,55.084542494669755,0
2021-03-16,14910.4501953125,15051.599609375,14890.650390625,14996.099609375,100,15028.8201171875,14983.022509765626,-0.001275984104457617,0.0107631533251448,54.0811710813764,0
2021-03-17,14721.2998046875,14956.5498046875,14696.0498046875,14946.5498046875,100,14953.4,14953.414990234374,-0.012685759862868795,0.010976728823316342,44.563532000702175,0
2021-03-18,14557.849609375,14875.2001953125,14478.599609375,14855.5,542200,14830.0099609375,14920.862451171875,-0.011102973071742905,0.00771345474524639,38.970883586251624,1
2021-03-19,14744.0,14788.25,14350.099609375,14471.150390625,919200,14772.619921875,14902.11494140625,0.012786942826028547,0.009082808620354882,55.205320639006665,0
2021-03-22,14736.400390625,14763.900390625,14597.849609375,14736.2998046875,459000,14734.0,14889.8474609375,-0.000515437423697751,0.00872387560590127,49.31620187086616,1
2021-03-23,14814.75,14878.599609375,14707.0,14768.5498046875,474200,14714.8599609375,14896.799951171875,0.00531673999743143,0.008950112607021169,47.035101310555476,0
2021-03-24,14549.400390625,14752.349609375,14535.0,14712.4501953125,456400,14680.480078125,14888.87998046875,-0.017911176994211853,0.009580448556751803,29.50667082143724,0
2021-03-25,14324.900390625,14575.599609375,14264.400390625,14570.900390625,606800,14633.890234375,14856.025,-0.015430189146808937,0.0096996869091848,28.50562748826958,1
2021-03-26,14507.2998046875,14572.900390625,14414.25,14506.2998046875,481000,14586.5501953125,14826.522509765626,0.012733031929623273,0.011170971300243807,38.02002117153889,1
2021-03-30,14845.099609375,14876.2998046875,14617.599609375,14628.5,594500,14608.2900390625,14842.319970703125,0.02328481586755049,0.013899567206236621,47.376855122126905,0
2021-03-31,14690.7001953125,14813.75,14670.25,14811.849609375,463900,14583.480078125,14838.777490234375,-0.010400699094332388,0.014252650328301373,40.42911213357083,1
2021-04-01,14867.349609375,14883.2001953125,14692.4501953125,14798.400390625,445000,14647.069921875,14836.189990234376,0.012024574166918489,0.014219161619559573,43.10695367239852,0
2021-04-05,14637.7998046875,14849.849609375,14459.5,14837.7001953125,509700,14709.6498046875,14805.8,-0.015439860548026041,0.014690316726775694,41.5117389184913,1
2021-04-06,14683.5,14779.099609375,14573.900390625,14737.0,475300,14744.88984375,14785.9375,0.003122067245233451,0.014109155112317367,44.557757287174745,1
2021-04-07,14819.0498046875,14879.7998046875,14649.849609375,14716.4501953125,0,14739.6798828125,14779.985009765625,0.009231436965811968,0.0144273558421131,48.07707479672391,1
2021-04-08,14873.7998046875,14984.150390625,14821.099609375,14875.650390625,514800,14776.2998046875,14775.864990234375,0.0036945688638336804,0.014378128204685378,53.40068205277852,0
2021-04-09,14834.849609375,14918.4501953125,14785.650390625,14882.650390625,504100,14769.7998046875,14762.687451171874,-0.0026187118170183377,0.012945285509465365,56.54012271952971,0
2021-04-12,14310.7998046875,14652.5,14248.7001953125,14644.650390625,650200,14704.3998046875,14719.487451171875,-0.03532558930400764,0.016861623464897054,41.17932926657098,1
2021-04-13,14504.7998046875,14528.900390625,14274.900390625,14364.900390625,605100,14668.659765625,14693.179931640625,0.013556195506029933,0.016932386358352106,45.616940901639495,1
2021-04-15,14581.4501953125,14597.5498046875,14353.2001953125,14522.400390625,568000,14621.13984375,14675.77744140625,0.005284484560774683,0.015047174158962704,45.581941549711225,1
2021-04-16,14617.849609375,14697.7001953125,14559.0,14599.599609375,577200,14569.9498046875,14661.147412109374,0.002496282165007191,0.014767453297798864,51.419314601372086,0
2021-04-19,14359.4501953125,14382.2998046875,14191.400390625,14306.599609375,512300,14474.869921875,14643.054931640625,-0.017676978554819645,0.014976856150340754,50.70646858362425,0
2021-04-20,14296.400390625,14526.9501953125,14207.2998046875,14526.7001953125,467400,14471.9900390625,14629.982470703126,-0.004390823034999047,0.014383074933261237,45.46627876756242,1
2021-04-22,14406.150390625,14424.75,14151.400390625,14219.150390625,524600,14452.26015625,14613.089990234375,0.007676757575422188,0.014642321614762107,39.53810546151283,0
2021-04-23,14341.349609375,14461.150390625,14273.2998046875,14326.349609375,498100,14404.2400390625,14593.337451171876,-0.004498133053794207,0.014126872384703046,41.30210990120339,1
2021-04-26,14485.0,14557.5,14421.2998046875,14449.4501953125,452700,14377.6701171875,14576.849951171875,0.010016518287169873,0.014602172082100514,40.32148818187571,1
2021-04-27,14653.0498046875,14667.5498046875,14484.849609375,14493.7998046875,451800,14436.3900390625,14582.032421875,0.011601643402658013,0.015271601884308754,50.39843239712606,1
2021-04-28,14864.5498046875,14890.25,14694.9501953125,14710.5,457000,14550.019921875,14609.014892578125,0.014433855260107098,0.010131851939649708,54.353100951931914,1
2021-04-29,14894.900390625,15044.349609375,14814.4501953125,14979.0,517500,14647.769921875,14628.394921875,0.0020418099664161193,0.009543412913834452,51.92089962334331,0
2021-04-30,14631.099609375,14855.4501953125,14601.7001953125,14747.349609375,613900,14705.719921875,14617.694921875,-0.017710812045177438,0.011434192492758238,44.44215344554059,1
2021-05-03,14634.150390625,14673.849609375,14416.25,14481.0498046875,448900,14735.55,14614.867431640625,0.00020851346320172048,0.011410429832309806,45.32714700310408,0
2021-05-04,14496.5,14723.400390625,14461.5,14687.25,503400,14704.2400390625,14596.324951171875,-0.00940610742344028,0.010209601962752493,55.27227095508462,1
2021-05-05,14617.849609375,14637.900390625,14506.599609375,14604.150390625,455900,14654.9,14595.32744140625,0.0083709591539336,0.010258740736654373,53.34773492965486,1
2021-05-06,14724.7998046875,14743.900390625,14611.5,14668.349609375,467800,14620.8798828125,14597.392431640625,0.0073164109749706,0.010238264976468583,54.17016571572078,1
2021-05-07,14823.150390625,14863.0498046875,14765.5,14816.849609375,488000,14659.2900390625,14597.5974609375,0.006679247748155426,0.01002921498192595,55.7645987803273,1
2021-05-10,14942.349609375,14966.900390625,14892.5,14928.25,522000,14720.9298828125,14601.024951171876,0.008041422748121585,0.009902097509497573,67.75505250464187,0
2021-05-11,14850.75,14900.0,14771.400390625,14789.7001953125,647400,14791.7798828125,14601.819970703125,-0.006130201191218876,0.009809217386432588,66.59676960986684,0
2021-05-12,14696.5,14824.0498046875,14649.7001953125,14823.5498046875,643800,14807.5099609375,14621.10498046875,-0.0103866808073666,0.00926556543318994,58.46721140603588,0
2021-05-14,14677.7998046875,14749.650390625,14591.900390625,14749.400390625,620700,14798.1099609375,14629.75498046875,-0.0012724250884564858,0.009199836662526202,60.08270436846464,1
2021-05-17,14923.150390625,14938.0,14725.349609375,14756.25,546400,14818.1099609375,14646.839990234375,0.01671576048197254,0.008865330327026095,62.37606447185205,1
2021-05-18,15108.099609375,15137.25,15043.7001953125,15067.2001953125,583900,14851.2599609375,14671.352490234374,0.012393443335275034,0.009410278668049334,62.73185856811777,0
2021-05-19,15030.150390625,15133.400390625,15008.849609375,15058.599609375,569100,14887.1400390625,14704.8875,-0.005159432408138875,0.008856068233534891,55.00757448241037,0
2021-05-20,14906.0498046875,15069.7998046875,14884.900390625,15042.599609375,480300,14929.05,14735.369970703125,-0.00825677606093067,0.009415902744426342,50.319055882985836,1
2021-05-21,15175.2998046875,15190.0,14985.849609375,14987.7998046875,572900,15028.55,14773.82744140625,0.01806313567497475,0.010626336358252898,65.52462300078284,1
2021-05-24,15197.7001953125,15256.25,15145.4501953125,15211.349609375,579800,15083.4599609375,14816.644970703124,0.001476108604989923,0.01055706588406333,65.90107126777065,1
2021-05-25,15208.4501953125,15293.849609375,15163.400390625,15291.75,441500,15103.530078125,14852.81748046875,0.0007073438653115716,0.010386436664877933,71.63785821600312,1
2021-05-26,15301.4501953125,15319.900390625,15194.9501953125,15257.0498046875,384000,15157.7900390625,14885.2375,0.006115021504864648,0.010062423705691477,71.1405451669271,1
2021-05-27,15337.849609375,15384.5498046875,15272.5,15323.9501953125,0,15244.15,14908.902490234375,0.002378821196545866,0.008914086383702665,69.823773383042,1
2021-05-28,15435.650390625,15469.650390625,15394.75,15421.2001953125,468100,15296.2201171875,14935.939990234376,0.006376433707514062,0.008707029606054644,69.81303970947614,1
2021-05-31,15582.7998046875,15606.349609375,15374.0,15437.75,436000,15373.2400390625,14983.525,0.009533088035724946,0.007899405307077171,70.34920197565248,0
2021-06-01,15574.849609375,15660.75,15528.2998046875,15629.650390625,409600,15446.519921875,15030.5599609375,-0.0005101904286871628,0.007484857066874301,74.29864460989933,1
2021-06-02,15576.2001953125,15597.4501953125,15459.849609375,15520.349609375,428600,15501.469921875,15084.544970703126,8.67158252806366e-05,0.007012744542379289,82.89581219859026,1
2021-06-03,15690.349609375,15705.099609375,15611.0,15655.5498046875,410200,15571.969921875,15138.169970703126,0.0073284506253876724,0.005693368374620006,85.3408238015285,0
2021-06-04,15670.25,15733.599609375,15622.349609375,15712.5,414200,15618.88984375,15185.44248046875,-0.001281017305247989,0.0037878722509304455,80.94095645463707,1
2021-06-07,15751.650390625,15773.4501953125,15678.099609375,15725.099609375,394000,15652.6599609375,15231.86748046875,0.0051945814919991395,0.003780048246830272,79.15292327293318,0
2021-06-08,15740.099609375,15778.7998046875,15680.0,15773.900390625,378200,15685.7099609375,15271.75498046875,-0.0007333060957773752,0.003926845384821361,84.21931601659875,0
2021-06-09,15635.349609375,15800.4501953125,15566.900390625,15766.2998046875,457900,15697.53984375,15310.9849609375,-0.006654976944212576,0.004915427484394037,85.82019180129562,1
2021-06-10,15737.75,15751.25,15648.5,15692.099609375,298300,15707.019921875,15363.0474609375,0.0065492869160790335,0.005108082931714557,83.04055054102956,1
2021-06-11,15799.349609375,15835.5498046875,15749.7998046875,15796.4501953125,363000,15732.83984375,15419.124951171874,0.003914130633349666,0.004962494495449491,83.7872195270692,1
2021-06-14,15811.849609375,15823.0498046875,15606.5,15791.400390625,392900,15744.8796875,15463.559912109375,0.0007911718082738162,0.004277852517480552,83.81902352571561,1
2021-06-15,15869.25,15901.599609375,15842.400390625,15866.9501953125,323300,15770.709765625,15501.617431640625,0.003630213545097627,0.004265414160849812,83.14647736692142,0
2021-06-16,15767.5498046875,15880.849609375,15742.599609375,15847.5,340200,15797.1498046875,15538.48740234375,-0.006408632752808119,0.005000480346892153,73.30762507614483,0
2021-06-17,15691.400390625,15769.349609375,15616.75,15648.2998046875,357600,15787.8798828125,15577.754931640626,-0.0048295020472909345,0.004828857999792686,64.20595950763436,0
2021-06-18,15683.349609375,15761.5,15450.900390625,15756.5,640800,15764.6798828125,15603.157421875,-0.000513069646403852,0.004811995167169772,56.60597677196828,1
2021-06-21,15746.5,15765.150390625,15505.650390625,15525.849609375,351500,15751.6099609375,15630.597412109375,0.004026588209654625,0.004686986131325476,60.51454700768805,1
2021-06-22,15772.75,15895.75,15752.099609375,15840.5,322200,15732.3099609375,15658.81240234375,0.0016670371193598932,0.0047079738865280964,61.6833790180173,0
2021-06-23,15686.9501953125,15862.9501953125,15673.9501953125,15862.7998046875,287500,15716.1900390625,15678.08740234375,-0.005439749231269109,0.0045229253545515085,49.790882953326225,1
2021-06-24,15790.4501953125,15821.400390625,15702.7001953125,15737.2998046875,316700,15736.0,15700.717431640625,0.006597840798329813,0.0045303531527846495,56.70608721046168,1
2021-06-25,15860.349609375,15870.7998046875,15772.2998046875,15839.349609375,314600,15771.4,15721.952392578125,0.0044266891189239654,0.004577888285792103,56.143273130272185,0
2021-06-28,15814.7001953125,15915.650390625,15792.150390625,15915.349609375,255100,15785.0400390625,15733.547412109376,-0.0028782098242977616,0.004688319145443721,54.05967576162432,0
2021-06-29,15748.4501953125,15835.900390625,15724.0498046875,15807.5,360300,15780.180078125,15742.22744140625,-0.0041891404314852165,0.004672804133068743,56.423981087764176,0
2021-06-30,15721.5,15839.099609375,15708.75,15776.900390625,262400,15787.0900390625,15749.492431640625,-0.0017112919035373597,0.004258991286354829,48.9904946333627,0
2021-07-01,15680.0,15755.5498046875,15667.0498046875,15755.0498046875,224900,15765.0,15748.974951171875,-0.002639697229908089,0.004050521047167296,42.395692298502716,1
2021-07-02,15722.2001953125,15738.349609375,15635.9501953125,15705.849609375,254800,15737.3701171875,15751.5724609375,0.002691338986766656,0.004136990668161035,44.496323128260656,1
2021-07-05,15834.349609375,15845.9501953125,15762.0498046875,15793.400390625,207000,15741.3,15755.707421875,0.007133188273225066,0.004547903701024014,47.99238253600881,0
2021-07-06,15818.25,15914.2001953125,15801.0,15813.75,391400,15755.2599609375,15759.61494140625,-0.0010167521731027085,0.00455487933004803,53.23508701964718,1
2021-07-07,15879.650390625,15893.5498046875,15779.7001953125,15819.599609375,329300,15786.8900390625,15771.82998046875,0.0038816171589777237,0.004189469234563384,62.242316163302014,0
2021-07-08,15727.900390625,15885.75,15682.900390625,15855.400390625,307900,15796.4701171875,15771.3375,-0.0095562557277451,0.0049372137360336925,52.44100807961903,0
2021-07-09,15689.7998046875,15730.849609375,15632.75,15688.25,243200,15789.9900390625,15765.860009765625,-0.0024224839292732447,0.004662866599058998,46.80561928435221,1
2021-07-12,15692.599609375,15789.2001953125,15644.75,15766.7998046875,216300,15761.6400390625,15759.897509765626,0.00017844744498685117,0.004631298190409974,45.36192932528317,1
2021-07-13,15812.349609375,15820.7998046875,15744.599609375,15794.0,246700,15760.4599609375,15757.052490234375,0.007630985495128417,0.005140676968407802,56.98215759647915,1
2021-07-14,15853.9501953125,15877.349609375,15764.2001953125,15808.7001953125,0,15755.319921875,15761.372509765624,0.0026308921169333477,0.005124300034986331,53.79739443051931,1
2021-07-15,15924.2001953125,15952.349609375,15855.0,15872.150390625,284900,15794.5798828125,15773.0125,0.004431072328003882,0.0050767073695075545,53.81675958086454,0
2021-07-16,15923.400390625,15962.25,15882.599609375,15958.349609375,276300,15841.3,15785.0150390625,-5.0225736783704455e-05,0.005082738309611416,56.86584858851294,0
2021-07-19,15752.400390625,15836.900390625,15707.5,15754.5,242100,15853.26015625,15785.31005859375,-0.010738912280361723,0.00587750902859009,50.22034878843576,0
2021-07-20,15632.099609375,15728.4501953125,15578.5498046875,15703.9501953125,274300,15817.21015625,15778.2775390625,-0.0076369809214345,0.006299478570300151,45.48346545575823,1
2021-07-22,15824.0498046875,15834.7998046875,15726.400390625,15736.599609375,265300,15811.230078125,15785.13251953125,0.012279233123449584,0.007493560447226304,56.31713511175445,1
2021-07-23,15856.0498046875,15899.7998046875,15768.400390625,15856.7998046875,294100,15797.6,15788.4125,0.002022238326785386,0.0067682109695661125,55.922805016118296,0
2021-07-26,15824.4501953125,15893.349609375,15797.0,15849.2998046875,267100,15777.8099609375,15786.617529296875,-0.0019929055322251976,0.006746585333038096,49.52833041903541,0
2021-07-27,15746.4501953125,15881.5498046875,15701.0,15860.5,311000,15776.619921875,15783.205029296874,-0.004929081202650898,0.006994006467448904,46.76956307399209,0
2021-07-28,15709.400390625,15767.5,15513.4501953125,15761.5498046875,318600,15792.080078125,15781.2525390625,-0.002352898858342667,0.006539303529169508,42.16846145414622,1
2021-07-29,15778.4501953125,15817.349609375,15737.7998046875,15762.7001953125,401600,15782.96015625,15784.100048828124,0.004395444954646832,0.006659879787958736,52.516791413065356,0
2021-07-30,15763.0498046875,15862.7998046875,15744.849609375,15800.599609375,400000,15764.36015625,15788.2525390625,-0.000976039499086867,0.006434587035397118,53.73134031367773,1
2021-08-02,15885.150390625,15892.900390625,15834.650390625,15874.900390625,244800,15776.5001953125,15796.400048828125,0.007746000136419795,0.0070088558298312086,58.74553790034703,1
2021-08-03,16130.75,16146.900390625,15914.349609375,15951.5498046875,341300,15853.36015625,15811.220068359375,0.015460955882416139,0.0075176365867133214,62.97791173290918,1
2021-08-04,16258.7998046875,16290.2001953125,16176.150390625,16195.25,427300,15963.2400390625,15833.24755859375,0.007938242467802281,0.00678442978706929,65.41520347803842,1
2021-08-05,16294.599609375,16349.4501953125,16210.2998046875,16288.9501953125,418200,16066.469921875,15853.99501953125,0.0022018725316477195,0.006127938604729168,64.48343464012603,0
2021-08-06,16238.2001953125,16336.75,16223.2998046875,16304.400390625,320100,16161.5,15879.510009765625,-0.003461233501561467,0.00645683253326662,61.796441983337765,1
2021-08-09,16258.25,16320.75,16179.0498046875,16281.349609375,240500,16236.119921875,15907.93251953125,0.0012347307242392969,0.006291220078083778,71.3736331751599,1
2021-08-10,16280.099609375,16359.25,16202.25,16274.7998046875,288000,16265.98984375,15937.30751953125,0.0013439090538649445,0.005730933938889984,79.86454665255243,1
2021-08-11,16282.25,16338.75,16162.5498046875,16327.2998046875,277900,16270.6798828125,15960.8025390625,0.00013208706805212245,0.005505466254791455,75.59495560130529,1
2021-08-12,16364.400390625,16375.5,16286.900390625,16303.650390625,280200,16284.6400390625,15986.325048828125,0.005045395484346349,0.00551969749660881,76.88977049078709,1
2021-08-13,16529.099609375,16543.599609375,16376.2998046875,16385.69921875,321900,16342.819921875,16016.57001953125,0.010064482340847336,0.0055915929418416865,82.67261591572037,1
2021-08-16,16563.05078125,16589.400390625,16480.75,16518.400390625,254000,16403.780078125,16048.5525390625,0.002054024277023725,0.005544573190652433,89.47600986854218,1
2021-08-17,16614.599609375,16628.55078125,16495.400390625,16545.25,297400,16470.680078125,16091.6625,0.0031122785775283823,0.003885033707741633,93.15409182751846,0
2021-08-18,16568.849609375,16701.849609375,16535.849609375,16691.94921875,251800,16528.0,16138.5,-0.00275360231817956,0.003835692930128217,88.5373070084972,0
2021-08-20,16450.5,16509.55078125,16376.0498046875,16382.5,350800,16545.219921875,16169.822509765625,-0.007142898400624986,0.0047762674332263695,80.45997900532309,1
2021-08-23,16496.44921875,16592.5,16395.69921875,16592.25,275600,16538.68984375,16201.84248046875,0.0027931806783987323,0.004536023209413008,79.04593003400299,1
2021-08-24,16624.599609375,16647.099609375,16495.30078125,16561.400390625,275400,16550.999609375,16241.849951171875,0.007768362083601765,0.004932636364896282,76.41337366967379,1
2021-08-25,16634.650390625,16712.44921875,16617.5,16654.0,265900,16555.009765625,16286.2599609375,0.0006045728309951315,0.004953087038674279,73.00613423587458,1
2021-08-26,16636.900390625,16683.69921875,16603.400390625,16627.94921875,253500,16568.619921875,16332.6349609375,0.00013525983096518424,0.004952942249920507,71.84994851003245,1
2021-08-27,16705.19921875,16722.05078125,16565.599609375,16642.55078125,217400,16619.559765625,16378.972412109375,0.004105261588480014,0.004900908343638397,79.36368559825024,1
2021-08-30,16931.05078125,16951.5,16764.849609375,16775.849609375,283500,16706.480078125,16437.3724609375,0.013519836521704187,0.0055989572929169345,83.60643262987013,1
2021-08-31,17132.19921875,17153.5,16915.849609375,16947.5,464400,16808.0,16499.72490234375,0.011880446175423387,0.006340806741125251,86.09677435368758,0
2021-09-01,17076.25,17225.75,17055.05078125,17185.599609375,301900,16896.319921875,16546.99990234375,-0.00326573477436376,0.006684665330831131,82.16925321828639,1
2021-09-02,17234.150390625,17245.5,17059.69921875,17095.400390625,242400,17015.769921875,16595.767431640626,0.009246783727399066,0.006661107146682606,83.20042586059328,1
2021-09-03,17323.599609375,17340.099609375,17212.19921875,17262.44921875,261400,17139.45,16647.217431640624,0.005190230833697296,0.005398049767603138,82.17647449668888,1
2021-09-06,17377.80078125,17429.55078125,17345.55078125,17399.349609375,228000,17228.8,16704.1974609375,0.0031287476677577253,0.005382461035665463,82.46410016156095,0
2021-09-07,17362.099609375,17436.5,17287.0,17401.55078125,243400,17274.780078125,16759.38994140625,-0.0009035189246697772,0.0056215703399087324,80.66037735849056,0
2021-09-08,17353.5,17383.400390625,17254.19921875,17375.75,252700,17330.230078125,16813.0599609375,-0.0004953092983268625,0.005713313036597213,83.19586453304953,1
2021-09-09,17369.25,17379.650390625,17302.69921875,17312.849609375,241500,17357.25,16867.4099609375,0.0009075978909154347,0.005656382227407208,92.56428075052119,0
2021-09-13,17355.30078125,17378.349609375,17269.150390625,17363.55078125,241100,17363.590234375,16916.95498046875,-0.000803098507419775,0.005886472351755895,91.00508772976843,1
2021-09-14,17380.0,17438.55078125,17367.05078125,17420.349609375,230400,17364.030078125,16959.5,0.001423151293159064,0.00482330482339945,90.0191422215324,1
2021-09-15,17519.44921875,17532.69921875,17386.900390625,17387.650390625,388200,17395.5,17007.319921875,0.00802354538262362,0.004101728694732673,91.22256254583904,1
2021-09-16,17629.5,17644.599609375,17510.44921875,17539.19921875,503300,17450.7,17058.06494140625,0.006281634763507293,0.003774534949615461,92.02376168197252,0
2021-09-17,17585.150390625,17792.94921875,17537.650390625,17709.650390625,508300,17493.880078125,17108.87998046875,-0.002515647600612625,0.003503855471861777,88.02567145333714,0
2021-09-20,17396.900390625,17622.75,17361.80078125,17443.849609375,339100,17502.2,17156.2,-0.010705054879733056,0.005134008193769589,70.80712614519233,1
2021-09-21,17562.0,17578.349609375,17326.099609375,17450.5,363600,17538.6,17209.4775390625,0.00949017386246398,0.005849269674688093,69.8357670813052,0
2021-09-22,17546.650390625,17610.44921875,17524.0,17580.900390625,295200,17544.040234375,17255.580078125,-0.0008740239935656202,0.005848171094914046,72.55470460543197,1
2021-09-23,17822.94921875,17843.900390625,17646.55078125,17670.849609375,320500,17582.730078125,17314.99501953125,0.015746528367181822,0.007410753552101436,75.35309225896629,1
2021-09-24,17853.19921875,17947.650390625,17819.400390625,17897.44921875,360100,17636.33984375,17375.8099609375,0.0016972499684944076,0.007393749912835917,74.02906297687262,1
2021-09-27,17855.099609375,17943.5,17802.900390625,17932.19921875,295700,17727.9796875,17433.30498046875,0.00010644538279747096,0.007350290074494847,72.73507056536018,0
2021-09-28,17748.599609375,17912.849609375,17576.099609375,17906.44921875,398000,17765.299609375,17474.182421875,-0.0059646824901542495,0.007864849361840601,66.94438070055863,0
2021-09-29,17711.30078125,17781.75,17608.150390625,17657.94921875,562200,17798.2296875,17503.1375,-0.0021015082285871234,0.0076709756340619314,65.30115530847203,0
2021-09-30,17618.150390625,17742.150390625,17585.349609375,17718.900390625,378600,17757.269921875,17530.23251953125,-0.005259376020738893,0.007675643458403322,59.983204257845976,0
2021-10-01,17532.05078125,17557.150390625,17452.900390625,17531.900390625,305800,17693.040234375,17545.1275390625,-0.004886983449795879,0.007796374880498975,56.701441651189725,1
2021-10-04,17691.25,17750.900390625,17581.349609375,17615.55078125,295800,17660.2703125,17563.51005859375,0.009080467581137563,0.007353367056129294,60.708785020603116,1
2021-10-05,17822.30078125,17833.44921875,17640.900390625,17661.349609375,427000,17675.010546875,17585.73505859375,0.007407660919946268,0.00713457344512707,60.480397749546476,0
2021-10-06,17646.0,17884.599609375,17613.150390625,17861.5,395800,17661.950390625,17599.930078125,-0.009892144870289554,0.00798640924950609,50.54596074356131,1
2021-10-07,17790.349609375,17857.55078125,17763.80078125,17810.55078125,419900,17696.390234375,17621.77255859375,0.008180302016037588,0.00663545259507457,56.368304799959276,1
2021-10-08,17895.19921875,17941.849609375,17840.349609375,17886.849609375,324100,17769.019921875,17648.07001953125,0.005893622760496431,0.006893849363235488,66.30882110406671,1
2021-10-11,17945.94921875,18041.94921875,17839.099609375,17867.55078125,375800,17819.959765625,17677.60244140625,0.0028359561343596074,0.006941126542975269,63.58297150216822,1
2021-10-12,17991.94921875,18008.650390625,17864.94921875,17915.80078125,355600,17853.889453125,17708.19990234375,0.0025632525445875576,0.006568486970972336,65.41895534722795,1
2021-10-13,18161.75,18197.80078125,18050.75,18097.849609375,506700,17957.039453125,17740.31494140625,0.00943759784921161,0.006893999296090285,62.66544976635514,1
2021-10-14,18338.55078125,18350.75,18248.69921875,18272.849609375,538700,18066.6796875,17775.76748046875,0.009734787740718787,0.006635896771107632,66.35225588747016,1
2021-10-18,18477.05078125,18543.150390625,18445.30078125,18500.099609375,469900,18183.05,17820.3625,0.007552396132719963,0.005902931105936314,69.18832017913333,0
2021-10-19,18418.75,18604.44921875,18377.69921875,18602.349609375,368200,18277.61015625,17871.45498046875,-0.003155307734996393,0.00628336315821716,71.30910016830312,0
2021-10-20,18266.599609375,18458.30078125,18209.349609375,18439.900390625,371300,18332.540234375,17906.6849609375,-0.008260625212080042,0.007235991059611812,66.4552221961132,0
2021-10-21,18178.099609375,18384.19921875,18048.0,18382.69921875,365900,18335.81015625,17938.257421875,-0.004844908296702255,0.00640470544566122,66.63888624497689,0
2021-10-22,18114.900390625,18314.25,18034.349609375,18230.69921875,324700,18291.080078125,17952.85498046875,-0.003476668084567369,0.006416634341612374,67.55833479447347,1
2021-10-25,18125.400390625,18241.400390625,17968.5,18229.5,418700,18220.75,17966.4650390625,0.000579633328010587,0.006260672304758502,64.36582525376167,1
2021-10-26,18268.400390625,18310.44921875,18099.30078125,18154.5,341400,18190.680078125,17987.130078125,0.007889480889700096,0.006593824498172578,64.64540503246441,0
2021-10-27,18210.94921875,18342.05078125,18167.900390625,18295.849609375,335200,18179.55,18010.24755859375,-0.0031448386638428527,0.006765433044150701,70.11709132789744,0
2021-10-28,17857.25,18190.69921875,17799.44921875,18187.650390625,374200,18115.380078125,18017.54501953125,-0.0194223384240636,0.008742433177970806,52.07314253619057,0
2021-10-29,17671.650390625,17915.849609375,17613.099609375,17833.05078125,336500,18026.730078125,18020.22001953125,-0.010393515763905459,0.008124019678827761,43.40272774327719,1
2021-11-01,17929.650390625,17954.099609375,17697.099609375,17783.150390625,281200,17987.580078125,18040.1,0.014599655057507821,0.009409428752651156,49.571422261801686,0
2021-11-02,17888.94921875,18012.25,17847.599609375,17970.900390625,296400,17911.68984375,18049.9849609375,-0.002270048271341696,0.009411581966782694,47.28404624372719,0
2021-11-03,17829.19921875,17988.75,17757.94921875,17947.94921875,331000,17835.33984375,18050.3298828125,-0.0033400508475575075,0.00922547951305559,40.69086177297132,1
2021-11-04,17916.80078125,17947.55078125,17900.599609375,17935.05078125,48500,17847.25,18063.869921875,0.004913376165984751,0.009449435367817413,37.57331614566548,1
2021-11-08,18068.55078125,18087.80078125,17836.099609375,18040.19921875,338900,17926.630078125,18077.77998046875,0.008469704042186388,0.009902914499837583,38.05697422638027,0
2021-11-09,18044.25,18112.599609375,17983.05078125,18084.349609375,270200,17949.55,18085.23251953125,-0.001344921435271762,0.009904523567636755,38.828919526086665,0
2021-11-10,18017.19921875,18061.25,17915.0,17973.44921875,261400,17975.2,18088.79501953125,-0.0014991358050348014,0.009466271129455998,41.96054975981061,0
2021-11-11,17873.599609375,17971.349609375,17798.19921875,17967.44921875,232100,17984.080078125,18082.8775390625,-0.007970140510272006,0.009688679400688517,40.52112415731977,1
2021-11-12,18102.75,18123.0,17905.900390625,17977.599609375,249100,18021.269921875,18079.9275390625,0.012820606684330382,0.008470531419588364,49.6571858712747,1
2021-11-15,18109.44921875,18210.150390625,18071.30078125,18140.94921875,280400,18029.449609375,18068.4724609375,0.0003700663573213969,0.007424947087553087,49.54898238010508,0
2021-11-16,17999.19921875,18132.650390625,17958.80078125,18127.05078125,267400,18020.439453125,18044.5798828125,-0.006087981951756416,0.0064951643890434506,42.24473880550826,0
2021-11-17,17898.650390625,18022.650390625,17879.25,17939.349609375,295700,17996.7296875,18018.57490234375,-0.005586294529162039,0.006727489479981578,41.22115527152339,0
2021-11-18,17764.80078125,17945.599609375,17688.5,17890.55078125,278400,17974.969921875,17993.4849609375,-0.007478195643460861,0.007078950415979848,47.03470102689781,0
2021-11-22,17416.55078125,17805.25,17280.44921875,17796.25,356400,17837.730078125,17955.40751953125,-0.019603372100156835,0.00903333968120335,42.59078362031701,1
2021-11-23,17503.349609375,17553.69921875,17216.099609375,17281.75,308800,17716.51015625,17924.82998046875,0.004983697932798847,0.008607738858875282,36.25102991606972,0
2021-11-24,17415.05078125,17600.599609375,17354.0,17550.05078125,298100,17599.68046875,17889.3125,-0.0050446817378146935,0.008601539916746774,35.17119654233343,1
2021-11-25,17536.25,17564.349609375,17351.69921875,17417.30078125,255900,17527.200390625,17852.70498046875,0.006959452503032093,0.009215215442080036,41.172759438126334,0
2021-11-26,17026.44921875,17355.400390625,16985.69921875,17338.75,356300,17379.530078125,17793.47998046875,-0.029071254187753914,0.012422905952930184,28.613223339013203,1
2021-11-29,17053.94921875,17160.69921875,16782.400390625,17055.80078125,348900,17307.009765625,17753.31494140625,0.0016151341742889347,0.0110938246076682,24.081561784029304,0
2021-11-30,16983.19921875,17324.650390625,16931.400390625,17051.150390625,498000,17202.9796875,17718.8923828125,-0.004148599194972014,0.010900659835121824,23.523322526751656,1
2021-12-01,17166.900390625,17213.05078125,17064.25,17104.400390625,295500,17153.349609375,17680.7548828125,0.01081664117042136,0.012180766241412809,30.320769028399184,1
2021-12-02,17401.650390625,17420.349609375,17149.30078125,17183.19921875,279900,17126.4296875,17656.38994140625,0.013674571102433752,0.013471682856226505,39.51944496491995,0
2021-12-03,17196.69921875,17489.80078125,17180.80078125,17424.900390625,292500,17160.4796875,17624.76494140625,-0.01177768586739425,0.013706631669000244,29.66076874645958,0
2021-12-06,16912.25,17216.75,16891.69921875,17209.05078125,231700,17132.13984375,17574.53740234375,-0.01654091957599968,0.013327373815982188,26.104739554502146,1
2021-12-07,17176.69921875,17251.650390625,16987.75,17044.099609375,254100,17170.83984375,17529.94482421875,0.015636548581649423,0.014405550813506779,34.535385880901316,1
2021-12-08,17469.75,17484.599609375,17308.94921875,17315.25,257800,17231.409765625,17501.21982421875,0.017060948527881648,0.015504456527723462,42.48017801264416,1
2021-12-09,17516.849609375,17543.25,17379.599609375,17524.400390625,237200,17254.449609375,17476.20234375,0.002696066593683266,0.01536270058102924,45.51633285183,0
2021-12-10,17511.30078125,17534.349609375,17405.25,17476.05078125,204500,17317.369921875,17458.08740234375,-0.00031677089480919296,0.01153070926091718,51.95574734608245,0
2021-12-13,17368.25,17639.5,17355.94921875,17619.099609375,256600,17408.569921875,17421.36240234375,-0.008169055116863166,0.01205247553927992,47.274678635790906,0
2021-12-14,17324.900390625,17376.19921875,17225.80078125,17283.19921875,271000,17438.21015625,17382.1349609375,-0.002495911181322197,0.011971481879340433,48.147836045549504,0
2021-12-15,17221.400390625,17351.19921875,17192.19921875,17323.650390625,215000,17388.540234375,17343.24501953125,-0.005974060321640162,0.011782613016464088,43.48394096204669,1
2021-12-16,17248.400390625,17379.349609375,17184.94921875,17373.0,219500,17334.850390625,17310.73251953125,0.0015678167505297491,0.010849795112284408,55.74065972702832,0
2021-12-17,16985.19921875,17298.150390625,16966.44921875,17276.0,354600,17229.630078125,17271.75244140625,-0.01525945397337003,0.011287153281216173,48.415059813481356,0
2021-12-20,16614.19921875,16840.099609375,16410.19921875,16824.25,330600,17078.819921875,17231.63486328125,-0.021842546279377872,0.012178196501890292,42.52764637947128,1
2021-12-21,16770.849609375,16936.400390625,16688.25,16773.150390625,241000,16968.009765625,17195.00986328125,0.00942870544420904,0.011323991042297405,41.89102077051659,1
2021-12-22,16955.44921875,16971.0,16819.5,16865.55078125,207900,16914.81953125,17172.02978515625,0.011007170994593363,0.010286432395558156,40.67266401176497,1
2021-12-23,17072.599609375,17118.650390625,17015.55078125,17066.80078125,197000,16879.659375,17148.847265625,0.006909306212627531,0.010623502828180073,47.306982543852286,0
2021-12-24,17003.75,17155.599609375,16909.599609375,17149.5,182600,16883.36953125,17147.7123046875,-0.004032754879180422,0.010603058740437247,52.190567392865695,1
2021-12-27,17086.25,17112.05078125,16833.19921875,16937.75,144800,16977.7796875,17149.32734375,0.004851870910828504,0.010681423400075864,47.62793575603849,1
2021-12-28,17233.25,17250.25,17161.150390625,17177.599609375,176000,17070.259765625,17161.8298828125,0.008603409174043453,0.011142846066530024,43.28315819369498,0
2021-12-29,17213.599609375,17285.94921875,17176.650390625,17220.099609375,161700,17121.88984375,17164.16484375,-0.0011402602889762914,0.010981420477171972,41.25097766087171,0
2021-12-30,17203.94921875,17264.05078125,17146.349609375,17201.44921875,320800,17148.159765625,17154.27978515625,-0.0005606259494814747,0.010968476486790038,41.15358064001116,1
2021-12-31,17354.05078125,17400.80078125,17238.5,17244.5,167000,17218.219921875,17162.14736328125,0.008724831757606522,0.009878578994621046,49.59295971476946,1
2022-01-03,17625.69921875,17646.650390625,17383.30078125,17387.150390625,200500,17326.109765625,17197.81982421875,0.015653315812207858,0.006155505833351696,57.62480431637723,1
2022-01-04,17805.25,17827.599609375,17593.55078125,17681.400390625,247400,17440.509765625,17229.24736328125,0.01018687423526421,0.006207637257039934,64.2502948442069,1
2022-01-05,17925.25,17944.69921875,17748.849609375,17820.099609375,251500,17582.83984375,17252.02236328125,0.0067395852346920915,0.005968809863812688,65.8027770811008,0
2022-01-06,17745.900390625,17797.94921875,17655.55078125,17768.5,236500,17691.230078125,17263.47490234375,-0.010005417462796928,0.007700116746315462,68.4842479139437,1
2022-01-07,17812.69921875,17905.0,17704.55078125,17797.599609375,239300,17782.959765625,17278.54482421875,0.003764183651131514,0.007184894048929872,84.17450812660394,1
2022-01-10,18003.30078125,18017.44921875,17879.150390625,17913.30078125,232400,17858.480078125,17310.29736328125,0.010700318921871732,0.007433989555369418,84.47510039063567,1
2022-01-11,18055.75,18081.25,17964.400390625,17997.75,220200,17908.580078125,17346.83984375,0.002913311252602302,0.007367677171905418,83.23567516288816,1
2022-01-12,18212.349609375,18227.94921875,18128.80078125,18170.400390625,245000,17966.0,17396.3873046875,0.008673115731830494,0.007154156910631911,83.62590352559374,1
2022-01-13,18257.80078125,18272.25,18163.80078125,18257.0,303700,18068.380078125,17446.85732421875,0.0024956237305924223,0.00691941588720264,87.51606811478361,0
2022-01-14,18255.75,18286.94921875,18119.650390625,18185.0,229500,18156.990234375,17510.38486328125,-0.00011232356375068253,0.00709270726365948,86.7558701699851,1
2022-01-17,18308.099609375,18321.55078125,18228.75,18235.650390625,266700,18217.95,17595.0798828125,0.0028675682661627455,0.006055705935246853,85.91806871597129,0
2022-01-18,18113.05078125,18350.94921875,18085.900390625,18337.19921875,227500,18229.41015625,17662.18994140625,-0.010653690567923424,0.0071153752618647375,76.90308861587714,0
2022-01-19,17938.400390625,18129.19921875,17884.900390625,18129.19921875,276700,18174.6203125,17711.3375,-0.00964224043394124,0.007697922783833213,69.99431071977371,0
2022-01-20,17757.0,17943.69921875,17648.44921875,17921.0,258100,18074.46015625,17745.55751953125,-0.010112406160797005,0.007713586708090655,60.785871872353326,0
2022-01-21,17617.150390625,17707.599609375,17485.849609375,17613.69921875,277600,17946.740234375,17776.2275390625,-0.007875745304668613,0.007971367052534402,49.753799320290376,0
2022-01-24,17149.099609375,17599.400390625,16997.849609375,17575.150390625,323800,17714.940234375,17779.37001953125,-0.02656790518738339,0.010242876038445918,33.79595821423645,1
2022-01-25,17277.94921875,17309.150390625,16836.80078125,17001.55078125,326500,17547.919921875,17781.60498046875,0.007513491221694313,0.01072003748568419,34.08407225842144,0
2022-01-27,17110.150390625,17182.5,16866.75,17062.0,395600,17382.269921875,17776.43251953125,-0.00971173291462768,0.009774874478081336,34.27878420228005,0
2022-01-28,17101.94921875,17373.5,17077.099609375,17208.30078125,355300,17251.259765625,17771.33251953125,-0.0004793161771092791,0.00952353950305724,31.899573831418692,1
2022-01-31,17339.849609375,17410.0,17264.150390625,17301.05078125,321700,17195.799609375,17770.6224609375,0.0139107178709299,0.011410412734073809,33.50157802250321,1
2022-02-01,17576.849609375,17622.400390625,17244.55078125,17529.44921875,386400,17281.349609375,17768.17998046875,0.013667938611870323,0.01268563906511392,39.092106984073034,1
2022-02-02,17780.0,17794.599609375,17674.80078125,17706.19921875,271200,17381.759765625,17766.91748046875,0.011557838585399605,0.013318951915141304,40.35688117116827,0
2022-02-03,17560.19921875,17781.150390625,17511.150390625,17767.75,226600,17471.76953125,17748.66494140625,-0.012362248664229525,0.013523693722312454,35.563488445035105,0
2022-02-04,17516.30078125,17617.80078125,17462.55078125,17590.19921875,261400,17554.63984375,17737.1849609375,-0.0024998826581151823,0.013230250332396137,34.95800456109403,0
2022-02-07,17213.599609375,17536.75,17119.400390625,17456.30078125,265000,17529.38984375,17707.22998046875,-0.017281112927623465,0.014059213117460825,29.793603288501075,1
2022-02-08,17266.75,17306.44921875,17043.650390625,17279.849609375,268500,17467.369921875,17670.40244140625,0.0030876976246183574,0.011188628292806873,33.5119231536121,1
2022-02-09,17463.80078125,17477.150390625,17339.0,17370.099609375,236400,17404.130078125,17640.80498046875,0.01141215233034587,0.01151405267063901,40.833608079265645,1
2022-02-10,17605.849609375,17639.44921875,17427.150390625,17554.099609375,273600,17413.26015625,17610.47998046875,0.008133901085124018,0.011019266712554652,47.03562883862106,0
2022-02-11,17374.75,17454.75,17303.0,17451.0,253100,17384.95,17566.32744140625,-0.01312629691281364,0.01212261205935529,45.410302513463,0
2022-02-14,16842.80078125,17099.5,16809.650390625,17076.150390625,305500,17310.790234375,17495.67998046875,-0.03061622289529342,0.014963455029973441,44.33744597419761,1
2022-02-15,17352.44921875,17375.0,16839.25,16933.25,298700,17327.930078125,17447.8974609375,0.03025912638397754,0.01766798114157186,51.207299502951145,0
2022-02-16,17322.19921875,17490.599609375,17257.69921875,17408.44921875,244500,17299.609765625,17408.3548828125,-0.0017432697608654735,0.017096983698664758,53.59666971223064,0
2022-02-17,17304.599609375,17442.900390625,17235.849609375,17396.55078125,232100,17239.359765625,17376.66484375,-0.001016014719190439,0.01674059437151021,53.426334000611575,0
2022-02-18,17276.30078125,17380.80078125,17219.19921875,17236.05078125,189600,17219.669921875,17352.6298828125,-0.0016353356196504576,0.0167361647932759,48.84357706702114,0
2022-02-21,17206.650390625,17351.05078125,17070.69921875,17192.25,215200,17292.43984375,17332.1048828125,-0.004031556958107085,0.015825947591604377,42.82642198390447,0
2022-02-22,17092.19921875,17148.55078125,16843.80078125,16847.94921875,300100,17240.38984375,17329.25986328125,-0.006651566067580439,0.015919171811361706,36.1975953556406,0
2022-02-23,17063.25,17220.69921875,17027.849609375,17194.5,200200,17188.6,17318.52490234375,-0.0016937094155936583,0.015321028625764116,39.200259426714496,0
2022-02-24,16247.9501953125,16705.25,16203.25,16548.900390625,458000,16977.2701171875,17275.414892578126,-0.04778103847083648,0.020465272070077214,29.357263899851205,1
2022-02-25,16658.400390625,16748.80078125,16478.30078125,16515.650390625,329800,16853.6900390625,17253.237451171874,0.025261660109649586,0.022820707361040603,41.27016836117036,1
2022-02-28,16793.900390625,16815.900390625,16356.2998046875,16481.599609375,404200,16771.1400390625,17225.939990234376,0.008134034290366632,0.02101054445119718,42.75269866548523,0
2022-03-02,16605.94921875,16678.5,16478.650390625,16593.099609375,517700,16673.8900390625,17177.394970703124,-0.011191633122935585,0.018267659208869035,36.81504865181606,0
2022-03-03,16498.05078125,16768.94921875,16442.94921875,16723.19921875,442100,16560.8501953125,17113.297509765624,-0.00649757722841704,0.018257473483564348,32.79279011434805,0
2022-03-04,16245.349609375,16456.0,16133.7998046875,16339.4501953125,456100,16560.330078125,17047.555029296876,-0.015317032007332254,0.01849450940827271,32.57419602142255,0
2022-03-07,15863.150390625,15944.599609375,15711.4501953125,15867.9501953125,585400,16401.280078125,16964.897509765626,-0.02352668473994779,0.019184736857252128,34.15239928367143,1
2022-03-08,16013.4501953125,16028.75,15671.4501953125,15747.75,543600,16245.1900390625,16904.8900390625,0.009474776509483585,0.019979893442267617,25.48966681027008,1
2022-03-09,16345.349609375,16418.05078125,15990.0,16078.0,462200,16193.0701171875,16858.82001953125,0.020726290088294297,0.021820682667388337,33.89710181510034,1
2022-03-10,16594.900390625,16757.30078125,16447.900390625,16757.099609375,486400,16212.4400390625,16815.375,0.01526738719047449,0.02268284577170612,39.13204337300678,1
2022-03-11,16630.44921875,16694.400390625,16470.900390625,16528.80078125,343700,16289.4599609375,16766.60498046875,0.0021421537513466316,0.016183116472741416,40.13168457536305,1
2022-03-14,16871.30078125,16887.94921875,16606.5,16633.69921875,314700,16491.0900390625,16741.43251953125,0.014482565042708062,0.014794044693018999,45.13075847173555,0
2022-03-15,16663.0,16927.75,16555.0,16900.650390625,381600,16621.0,16732.44248046875,-0.012346456503312231,0.015166462869016763,43.93340912315884,1
2022-03-16,16975.349609375,16987.900390625,16837.849609375,16876.650390625,260000,16747.0,16713.5875,0.018745100484606647,0.01580200796040381,48.8497124600639,1
2022-03-17,17287.05078125,17344.599609375,17175.75,17202.900390625,448300,16885.430078125,16711.830078125,0.018361988356508263,0.016211700232185905,65.66230424677235,0
2022-03-21,17117.599609375,17353.349609375,17096.400390625,17329.5,285500,16982.86015625,16702.480078125,-0.009802202470463706,0.015530793421014065,57.46373370175288,1
2022-03-22,17315.5,17334.400390625,17006.30078125,17120.400390625,338300,17071.7,16704.4400390625,0.011561223252155806,0.011795833918551386,58.30942179823455,0
2022-03-23,17245.650390625,17442.400390625,17199.599609375,17405.05078125,292100,17188.230078125,16706.3900390625,-0.0040339354552280104,0.012471910767450023,60.58931895761841,0
2022-03-24,17222.75,17291.75,17091.150390625,17094.94921875,290300,17237.71015625,16712.917578125,-0.0013278937068936791,0.011807504713025658,62.34369365353319,0
2022-03-25,17153.0,17294.900390625,17076.55078125,17289.0,237100,17210.9,16717.405078125,-0.004049875890900112,0.01157441199069298,66.48742963740335,1
2022-03-28,17222.0,17235.099609375,17003.900390625,17181.849609375,253200,17231.780078125,16766.107568359374,0.004022619949862971,0.011567461652139788,77.85265851527964,1
2022-03-29,17325.30078125,17343.650390625,17235.69921875,17297.19921875,235100,17233.740234375,16799.452587890624,0.005998187274997013,0.010973309387861693,77.41756270279957,1
2022-03-30,17498.25,17522.5,17387.19921875,17468.150390625,505000,17284.26015625,16834.670068359374,0.009982465582194733,0.009774837608322413,75.81038265750068,0
2022-03-31,17464.75,17559.80078125,17435.19921875,17519.19921875,281100,17332.66015625,16877.610107421875,-0.001914477162001882,0.00865310871171882,71.55917648140887,1
2022-04-01,17670.44921875,17703.69921875,17422.69921875,17436.900390625,291800,17436.15,16936.230029296876,0.011777965258592316,0.007520571767300651,73.77138612252477,1
2022-04-04,18053.400390625,18114.650390625,17791.400390625,17809.099609375,345500,17602.430078125,17026.632568359375,0.021671841339984343,0.008457223234559367,75.37126170712057,0
2022-04-05,17957.400390625,18095.44921875,17921.55078125,18080.599609375,283500,17728.85,17131.345068359376,-0.005317557796472028,0.0087628308616538,79.1886256792503,0
2022-04-06,17807.650390625,17901.0,17779.849609375,17842.75,328800,17790.730078125,17221.055078125,-0.008339180323571727,0.009274788204654449,70.2535532049186,0
2022-04-07,17639.55078125,17787.5,17623.69921875,17723.30078125,308800,17825.690234375,17285.76513671875,-0.00943974110495216,0.010042654146205079,59.22242979956749,1
2022-04-08,17784.349609375,17842.75,17600.55078125,17698.150390625,274400,17848.4703125,17345.23759765625,0.008208759390795572,0.009909848135185485,67.67208980164868,0
2022-04-11,17674.94921875,17779.05078125,17650.94921875,17740.900390625,251700,17772.780078125,17397.46259765625,-0.006151497975913078,0.010380173831959534,59.996089294443536,0
2022-04-12,17530.30078125,17595.30078125,17442.349609375,17584.849609375,266000,17687.36015625,17430.41259765625,-0.008183810641252287,0.010830586125099618,57.59980476551525,0
2022-04-13,17475.650390625,17663.650390625,17457.400390625,17599.900390625,245100,17620.96015625,17471.0451171875,-0.0031174816283502382,0.010439427037438873,56.63955500085632,0
2022-04-18,17173.650390625,17237.75,17067.849609375,17183.44921875,376100,17527.780078125,17480.96015625,-0.017281188010147552,0.011783796748145978,50.483220065538404,0
2022-04-19,16958.650390625,17275.650390625,16824.69921875,17258.94921875,401400,17362.640234375,17464.54013671875,-0.012519178806467801,0.011205697400701296,44.231741655950245,1
2022-04-20,17136.55078125,17186.900390625,16978.94921875,17045.25,286100,17254.960546875,17465.4876953125,0.010490244596548015,0.008611884004379903,45.996559957977134,1
2022-04-21,17392.599609375,17414.69921875,17215.5,17234.599609375,285200,17227.4203125,17469.34267578125,0.014941678252146096,0.010701479902086546,47.83542975680848,0
2022-04-22,17171.94921875,17315.30078125,17149.19921875,17242.75,262700,17166.680078125,17465.6576171875,-0.012686452605167986,0.011019759692365225,44.42835586807698,0
2022-04-25,16953.94921875,17054.30078125,16888.69921875,17009.05078125,275700,17122.73984375,17452.217578125,-0.012695122564301942,0.011257812138254891,36.429402172787185,1
2022-04-26,17200.80078125,17223.849609375,17064.44921875,17121.30078125,261100,17171.169921875,17454.6076171875,0.014560121616207233,0.012159849711334735,32.97387953461342,0
2022-04-27,17038.400390625,17110.69921875,16958.44921875,17073.349609375,265100,17151.53984375,17445.42763671875,-0.009441443610115341,0.012290450345544322,32.122008416784325,1
2022-04-28,17245.05078125,17322.5,17071.05078125,17189.5,312900,17122.030078125,17441.41513671875,0.012128508890934642,0.013099357458155748,39.292381465717526,0
2022-04-29,17102.55078125,17377.650390625,17053.25,17329.25,336200,17108.150390625,17421.63017578125,-0.008263240381694681,0.013267241970661281,39.67903132807996,0
2022-05-02,17069.099609375,17092.25,16917.25,16924.44921875,278200,17131.18046875,17401.84765625,-0.0019559171203674675,0.012154223240310947,35.63842887373545,0
2022-05-04,16677.599609375,17132.849609375,16623.94921875,17096.599609375,310600,17026.540234375,17352.20517578125,-0.022936183451936376,0.013649087012885934,32.01192340669567,1
2022-05-05,16682.650390625,16945.69921875,16651.849609375,16854.75,265800,16955.390234375,17283.66767578125,0.00030284821366977077,0.013012969665087139,33.90122106743803,0
2022-05-06,16411.25,16484.19921875,16340.900390625,16415.55078125,300500,16788.630078125,17206.36015625,-0.0162684216398562,0.012043728195859147,31.3224049708855,0
2022-05-09,16301.849609375,16403.69921875,16142.099609375,16227.7001953125,288400,16628.48984375,17131.0701171875,-0.006666182687180999,0.01180521787586471,33.593058508370305,0
2022-05-10,16240.0498046875,16404.55078125,16197.2998046875,16248.900390625,283100,16462.6798828125,17061.095068359376,-0.003790968888092272,0.011502590799002038,35.648679969621924,0
2022-05-11,16167.099609375,16318.75,15992.599609375,16270.0498046875,284300,16360.5798828125,16980.232568359374,-0.0044919933245182175,0.009436161856910118,29.791769636457943,0
2022-05-12,15808.0,16041.9501953125,15735.75,16021.099609375,314900,16185.6498046875,16886.885107421876,-0.022211752141785834,0.010710884384486856,18.32960800953724,0
2022-05-13,15782.150390625,16083.599609375,15740.849609375,15977.0,369100,16059.8298828125,16799.477587890626,-0.0016352232651188903,0.0085959380245641,19.87740605434604,1
2022-05-16,15842.2998046875,15977.9501953125,15739.650390625,15845.099609375,217600,15967.919921875,16717.81005859375,0.0038112305721171857,0.009480897420137052,24.13630454174279,1
2022-05-17,16259.2998046875,16284.25,15900.7998046875,15912.599609375,295700,15971.769921875,16672.092529296875,0.026321935902047233,0.014325481251298842,29.702050181420987,0
2022-05-18,16240.2998046875,16399.80078125,16211.2001953125,16318.150390625,290400,15986.4099609375,16636.175,-0.0011685620062508173,0.012832090557131252,31.65962080249693,0
2022-05-19,15809.400390625,15984.75,15775.2001953125,15917.400390625,313900,15986.6900390625,16569.81748046875,-0.026532725334179386,0.014815104871545162,20.091249696865134,1
2022-05-20,16266.150390625,16283.0498046875,16003.849609375,16043.7998046875,252400,16083.4900390625,16513.49501953125,0.028891038794289337,0.017691339423107705,34.59270990888824,0
2022-05-23,16214.7001953125,16414.69921875,16185.75,16290.9501953125,293800,16157.9701171875,16465.632568359375,-0.0031630222318707046,0.017595538845478906,34.36483045168208,0
2022-05-24,16125.150390625,16262.7998046875,16078.599609375,16225.5498046875,249800,16131.140234375,16424.192626953125,-0.005522754266735541,0.017641117673001628,38.63436732273118,0
2022-05-25,16025.7998046875,16223.349609375,16006.9501953125,16196.349609375,243300,16088.240234375,16365.442578125,-0.006161219184365629,0.01769017854809459,36.991251492607454,1
2022-05-26,16170.150390625,16204.4501953125,15903.7001953125,16105.0,314300,16160.390234375,16322.030078125,0.009007387318995308,0.01616860114590017,44.97206271572072,1
2022-05-27,16352.4501953125,16370.599609375,16221.9501953125,16296.599609375,274100,16177.6501953125,16277.400048828125,0.011273847198922216,0.016326539088099144,51.02409645698004,1
2022-05-30,16661.400390625,16695.5,16506.150390625,16527.900390625,251400,16266.990234375,16255.342529296875,0.018893205092962884,0.01702224013091785,57.75211445150391,0
2022-05-31,16584.55078125,16690.75,16521.900390625,16578.44921875,651600,16358.8703125,16231.115087890625,-0.004612433983534836,0.015496482818178845,57.6693676696332,0
2022-06-01,16522.75,16649.19921875,16438.849609375,16594.400390625,249600,16458.2603515625,16223.372607421876,-0.0037264067061659745,0.015577153345212978,64.74167268227286,1
2022-06-02,16628.0,16646.400390625,16443.05078125,16481.650390625,236000,16549.8302734375,16220.640087890624,0.006370004993115463,0.011978819781525244,66.89232675101746,0
2022-06-03,16584.30078125,16793.849609375,16567.900390625,16761.650390625,245500,16596.200390625,16229.292626953125,-0.002628050201467391,0.008739226863088072,64.9163902841619,0
2022-06-06,16569.55078125,16610.94921875,16444.55078125,16530.69921875,233600,16577.83046875,16242.677685546874,-0.0008893953501298846,0.008619513820942592,57.44024910666987,0
2022-06-07,16416.349609375,16487.25,16347.099609375,16469.599609375,233800,16544.190234375,16251.49267578125,-0.009245946006475991,0.009059370922948822,53.96660199233325,0
2022-06-08,16356.25,16514.30078125,16293.349609375,16474.94921875,243500,16510.890234375,16260.9501953125,-0.0036609606157923524,0.008846375611977786,64.79290034616994,1
2022-06-09,16478.099609375,16492.80078125,16243.849609375,16263.849609375,205000,16480.91015625,16294.45517578125,0.00744972774168895,0.008723671902416831,57.00218225367053,0
2022-06-10,16201.7998046875,16324.7001953125,16172.599609375,16283.9501953125,189700,16404.4099609375,16315.437646484375,-0.016767698414100085,0.009821502271669426,49.628936753519625,0
2022-06-13,15774.400390625,15886.150390625,15684.0,15877.5498046875,225500,16245.3798828125,16312.04267578125,-0.026379749115209128,0.010123065673804037,41.552875899938755,0
2022-06-14,15732.099609375,15858.0,15659.4501953125,15674.25,225400,16108.5298828125,16285.682666015626,-0.00268160945598539,0.010158301540318933,42.72695482934223,0
2022-06-15,15692.150390625,15783.650390625,15678.900390625,15729.25,183000,15975.7099609375,16258.2751953125,-0.0025393443813560568,0.010184544482346881,37.51762168911158,0
2022-06-16,15360.599609375,15863.150390625,15335.099609375,15832.25,264700,15752.2099609375,16235.83515625,-0.021128447854290244,0.010453104425703864,25.972031975623196,0
2022-06-17,15293.5,15400.400390625,15183.400390625,15272.650390625,342600,15570.55,16187.20263671875,-0.00436829362663993,0.010370723389659975,12.463622087757201,1
2022-06-20,15350.150390625,15382.5,15191.099609375,15334.5,260000,15485.7,16143.975146484376,0.0037042135956451006,0.010813979814252705,15.747263360189379,1
2022-06-21,15638.7998046875,15707.25,15419.849609375,15455.9501953125,262800,15467.0400390625,16119.6576171875,0.018804337854487096,0.013606105968194988,28.214402444548313,0
2022-06-22,15413.2998046875,15565.400390625,15385.9501953125,15545.650390625,220900,15411.269921875,16089.0326171875,-0.014419265085317434,0.013931274611586409,21.738000295377347,1
2022-06-23,15556.650390625,15628.4501953125,15367.5,15451.5498046875,259200,15450.480078125,16058.3576171875,0.009300447519609234,0.014138089368821662,27.149618390892456,1
2022-06-24,15699.25,15749.25,15619.4501953125,15657.400390625,219600,15531.630078125,16025.697607421875,0.009166472588529428,0.014249791845483866,31.68944285188303,1
2022-06-27,15832.0498046875,15927.4501953125,15815.5,15926.2001953125,210900,15628.0099609375,15984.230078125,0.008458990377725017,0.01199352757513488,37.60026858489335,1
2022-06-28,15850.2001953125,15892.099609375,15710.150390625,15757.4501953125,251900,15670.2900390625,15947.512548828125,0.0011464333961117568,0.011944175792710884,39.06618125838453,0
2022-06-29,15799.099609375,15861.599609375,15687.7998046875,15701.7001953125,444900,15747.45,15911.330029296874,-0.0032239710103227903,0.011967462642714437,34.866722791939196,0
2022-06-30,15780.25,15890.0,15728.849609375,15774.5,306000,15792.169921875,15868.942529296875,-0.001193081241402827,0.009277117752731408,39.38669746898747,0
2022-07-01,15752.0498046875,15793.9501953125,15511.0498046875,15703.7001953125,364100,15802.7298828125,15827.32998046875,-0.0017870563085186086,0.009091489239000576,49.295712236272905,1
2022-07-04,15835.349609375,15852.349609375,15661.7998046875,15710.5,304300,15803.38984375,15790.619921875,0.005288188249805481,0.00911896093781094,53.17155582859776,0
2022-07-05,15810.849609375,16025.75,15785.4501953125,15909.150390625,254200,15795.5197265625,15760.344921875,-0.0015471713984448465,0.0073345050010737945,53.68105071120706,1
2022-07-06,15989.7998046875,16011.349609375,15800.900390625,15818.2001953125,288400,15833.659765625,15742.022412109374,0.011318189707300252,0.005582700161772122,71.55237758181562,1
2022-07-07,16132.900390625,16150.5,16045.9501953125,16113.75,264600,15904.18984375,15724.762451171875,0.00894949203151052,0.00554450292457644,77.32954841729207,1
2022-07-08,16220.599609375,16275.5,16157.900390625,16273.650390625,281100,15997.8998046875,15725.70244140625,0.005436047866567373,0.005250371095588513,77.77881661879687,0
2022-07-11,16216.0,16248.5498046875,16115.5,16136.150390625,255900,16074.0298828125,15747.782421875,-0.00028356592763323363,0.0050156636963570225,72.49941948328302,0
2022-07-12,16058.2998046875,16158.75,16031.150390625,16126.2001953125,208600,16123.519921875,15764.092431640625,-0.0097249750439381,0.006326854836444362,76.54538614759119,0
2022-07-13,15966.650390625,16140.0,15950.150390625,16128.2001953125,233300,16118.8900390625,15777.817431640626,-0.005707292501522909,0.006569257097234459,67.62380826048849,0
2022-07-14,15938.650390625,16070.849609375,15858.2001953125,16018.849609375,228600,16080.0400390625,15806.719970703125,-0.0017536552323109689,0.0065931090758949516,61.41524317216228,1
2022-07-15,16049.2001953125,16066.9501953125,15927.2998046875,16010.7998046875,205800,16045.76015625,15844.50498046875,0.0069359576863876615,0.0067556746705444825,60.57877299516072,1
2022-07-18,16278.5,16287.9501953125,16142.2001953125,16151.400390625,227700,16058.26015625,15890.9224609375,0.014287304158276504,0.00778016805575145,67.30505626977293,1
2022-07-19,16340.5498046875,16359.5,16187.0498046875,16187.0498046875,222600,16114.71015625,15926.0099609375,0.003811764271124396,0.007631289312304915,71.68492761717475,1
2022-07-20,16520.849609375,16588.0,16490.94921875,16562.80078125,284400,16225.55,15981.387451171875,0.01103388850696918,0.007598670075442108,76.26428931605224,1
2022-07-21,16605.25,16626.94921875,16483.900390625,16523.55078125,243600,16358.869921875,16033.817431640626,0.005108719746296009,0.007375078812345309,79.0976396886667,1
2022-07-22,16719.44921875,16752.25,16610.900390625,16661.25,190900,16492.9197265625,16084.827392578125,0.006877295960614926,0.00744359641596995,79.52908359568565,0
2022-07-25,16631.0,16706.05078125,16564.25,16662.55078125,211400,16563.4197265625,16124.77490234375,-0.005290199311757782,0.007850614472722763,76.27091922598082,0
2022-07-26,16483.849609375,16636.099609375,16463.30078125,16632.900390625,208200,16592.0796875,16156.457373046875,-0.00884795806776506,0.0077016378133240235,66.15441994013463,1
2022-07-27,16641.80078125,16653.44921875,16438.75,16475.349609375,185200,16616.269921875,16198.592431640625,0.0095821774414373,0.007369652968491665,66.47995577633654,1
2022-07-28,16929.599609375,16947.650390625,16746.25,16774.849609375,376300,16681.13984375,16256.059912109375,0.017293731123692924,0.008093178524057932,70.32569671369284,1
2022-07-29,17158.25,17172.80078125,17018.150390625,17079.5,436100,16768.9,16326.369921875,0.013505953826479233,0.008430112071403217,73.937472958007,1
2022-08-01,17340.05078125,17356.25,17154.80078125,17243.19921875,381500,16910.71015625,16401.60498046875,0.010595531668439406,0.008138481667593912,82.16844283730454,1
2022-08-02,17345.44921875,17390.150390625,17215.849609375,17310.150390625,333600,17083.030078125,16478.3349609375,0.000311327663805816,0.008333541467719544,86.1699958293668,1
2022-08-03,17388.150390625,17407.5,17225.849609375,17349.25,285400,17232.3,16548.252490234376,0.002461808358865669,0.0081999606053173,87.73365412579648,0
2022-08-04,17382.0,17490.69921875,17161.25,17463.099609375,325000,17322.780078125,16610.707470703124,-0.0003537116074355806,0.00838362819305909,86.68997269194807,1
2022-08-05,17397.5,17474.400390625,17348.75,17423.650390625,355300,17370.630078125,16669.552490234375,0.0008917270739845495,0.008417655116165313,84.91419656786272,1
2022-08-08,17525.099609375,17548.80078125,17359.75,17401.5,257000,17407.63984375,16735.007470703124,0.007334364671648164,0.007790341347622668,85.50702746880567,1
2022-08-10,17534.75,17566.099609375,17442.80078125,17566.099609375,312700,17445.5,16808.82998046875,0.0005506610997998429,0.006326187994622378,83.85535348370679,1
2022-08-11,17659.0,17719.30078125,17631.94921875,17711.650390625,311200,17499.669921875,16893.4474609375,0.007085929368824795,0.0062271374506347055,84.2738656692145,1
2022-08-12,17698.150390625,17724.650390625,17597.849609375,17659.650390625,303900,17562.9,16981.4224609375,0.0022170219505635025,0.004854025031203604,83.46670727325429,1
2022-08-16,17825.25,17839.099609375,17764.05078125,17797.19921875,0,17648.45,17070.224951171876,0.007181519343531395,0.003853315275633314,89.78574663342165,1
2022-08-17,17944.25,17965.94921875,17833.349609375,17868.150390625,262800,17732.280078125,17153.512451171875,0.006675923198833145,0.0032387274803504216,99.58237348197602,1
2022-08-18,17956.5,17968.44921875,17852.05078125,17898.650390625,263900,17816.630078125,17234.3099609375,0.0006826699360520383,0.003200831760120727,99.5365191691786,0
2022-08-19,17758.44921875,17992.19921875,17710.75,17966.55078125,295600,17836.519921875,17296.18994140625,-0.011029475746944017,0.005610507057551714,83.49558702580852,0
2022-08-22,17490.69921875,17690.05078125,17467.349609375,17682.900390625,287600,17795.0296875,17340.46240234375,-0.0150773300473388,0.007827007273707751,63.02341880237248,1
2022-08-23,17577.5,17625.55078125,17345.19921875,17357.349609375,285600,17745.4796875,17383.36494140625,0.00496268217550444,0.007945867692444073,60.04989650360749,1
2022-08-24,17604.94921875,17623.650390625,17499.25,17525.44921875,262000,17677.61953125,17432.06240234375,0.001561611079505143,0.00764318361234182,60.78193013948083,0
2022-08-25,17522.44921875,17726.5,17487.44921875,17679.0,230200,17590.809375,17483.9923828125,-0.004686182219266755,0.007815355526122891,55.40133130354318,1
2022-08-26,17558.900390625,17685.849609375,17519.349609375,17619.30078125,266600,17550.899609375,17529.84736328125,0.002080255529346653,0.007460289799501325,56.945430676054734,0
2022-08-29,17312.900390625,17380.150390625,17166.19921875,17188.650390625,244900,17515.33984375,17549.01240234375,-0.014009988924553851,0.00848730792133359,47.18751663855157,1
2022-08-30,17759.30078125,17777.650390625,17401.5,17414.94921875,324700,17551.7,17579.06494140625,0.02578426378902554,0.012053299285808719,56.42420508424634,0
2022-09-01,17542.80078125,17695.599609375,17468.44921875,17485.69921875,308500,17539.2703125,17589.20244140625,-0.012190795272107646,0.012312869170329229,50.19832907036496,0
2022-09-02,17539.44921875,17643.849609375,17476.44921875,17598.400390625,256300,17542.6703125,17598.90244140625,-0.0001910505934481499,0.012293286592775626,46.86835529560557,1
2022-09-05,17665.80078125,17683.150390625,17540.349609375,17546.44921875,230300,17564.050390625,17612.7849609375,0.007203850071011875,0.012203160688933973,49.189620805359276,0
2022-09-06,17655.599609375,17764.650390625,17587.650390625,17695.69921875,251200,17632.590234375,17626.46494140625,-0.0005774531254664206,0.011082863535720732,45.48575633759044,0
2022-09-07,17624.400390625,17650.75,17484.30078125,17519.400390625,354100,17605.61015625,17637.8099609375,-0.0017671004916441913,0.011019221785602383,41.07191728917495,1
2022-09-08,17798.75,17807.650390625,17691.94921875,17748.150390625,279800,17656.8,17651.49248046875,0.009892512965589573,0.01143069895057804,45.96207647497595,1
2022-09-09,17833.349609375,17925.94921875,17786.0,17923.349609375,270300,17715.580078125,17666.4224609375,0.0019439347917691308,0.011245100506636727,52.09230154807073,1
2022-09-12,17936.349609375,17980.55078125,17889.150390625,17890.849609375,228200,17769.68984375,17680.28994140625,0.005775695663245095,0.011315221164633855,63.71101782402873,1
2022-09-13,18070.05078125,18088.30078125,18015.44921875,18044.44921875,259900,17852.580078125,17698.8849609375,0.007454201929980142,0.009841319960139105,64.72890764076759,0
2022-09-14,18003.75,18091.55078125,17771.150390625,17771.150390625,365900,17928.45,17707.8099609375,-0.0036690976717561608,0.0065724980569857785,61.65466492538676,0
2022-09-15,17877.400390625,18096.150390625,17861.5,18046.349609375,289600,17944.180078125,17704.46748046875,-0.007017960667916379,0.005501370872626554,60.113975969324436,0
2022-09-16,17530.849609375,17820.05078125,17497.25,17796.80078125,468500,17883.680078125,17683.1849609375,-0.019384853148544656,0.008720349610292598,49.32075678722973,1
2022-09-19,17622.25,17667.19921875,17429.69921875,17540.650390625,258300,17820.86015625,17676.375,0.0052136885924867205,0.008558512815361168,58.09707264754088,1
2022-09-20,17816.25,17919.30078125,17744.400390625,17770.400390625,263100,17770.1,17692.6525390625,0.011008809885230342,0.009259350943704153,51.71755680225065,0
2022-09-21,17718.349609375,17838.69921875,17663.599609375,17766.349609375,245500,17713.019921875,17699.69501953125,-0.005495005437451739,0.009453679748863237,55.70239271969638,0
2022-09-22,17629.80078125,17722.75,17532.44921875,17609.650390625,284100,17663.5,17700.93759765625,-0.004997577656902563,0.008983509824843305,52.78098398499495,0
2022-09-23,17327.349609375,17642.150390625,17291.650390625,17593.849609375,390800,17622.8,17691.1826171875,-0.017155677232420508,0.010248946969397358,40.60146461101897,0
2022-09-26,17016.30078125,17196.400390625,16978.30078125,17156.30078125,492000,17501.61015625,17664.05263671875,-0.017951321762256445,0.01076940306469343,34.78874299783348,0
2022-09-27,17007.400390625,17176.44921875,16942.349609375,17110.900390625,359900,17339.840234375,17648.77763671875,-0.0005230508522044985,0.009995610476716797,35.16186002818225,0
2022-09-28,16858.599609375,17037.599609375,16820.400390625,16870.55078125,323900,17167.890234375,17603.742578125,-0.00874917846539458,0.009993234463980455,27.109173412312316,0
2022-09-29,16818.099609375,17026.05078125,16788.599609375,16993.599609375,340000,17005.55,17567.50751953125,-0.0024023347691036756,0.010073192762239919,25.351466181100875,1
2022-09-30,17094.349609375,17187.099609375,16747.69921875,16798.05078125,376100,16958.95,17545.2525390625,0.01642575596626905,0.011114902150812534,31.14393287284892,0
2022-10-03,16887.349609375,17114.650390625,16855.55078125,17102.099609375,278400,16933.159765625,17506.32998046875,-0.012109264448790458,0.011135499199156768,24.356024064241325,1
2022-10-04,17274.30078125,17287.30078125,17117.30078125,17147.44921875,226000,16986.53984375,17487.2650390625,0.02291367093271912,0.013356409049269557,36.11446961213402,1
2022-10-06,17331.80078125,17428.80078125,17315.650390625,17379.25,265500,17081.180078125,17472.63505859375,0.0033286441360573793,0.013464610358298662,39.334603446103564,0
2022-10-07,17314.650390625,17337.349609375,17216.94921875,17287.19921875,216300,17180.490234375,17448.430078125,-0.0009895331040011834,0.01342910996083726,45.149008450911616,0
2022-10-10,17241.0,17280.150390625,17064.69921875,17094.349609375,234000,17209.8203125,17418.81259765625,-0.00425364584114718,0.012358594173214157,41.37697971646519,0
2022-10-11,16983.55078125,17261.80078125,16950.30078125,17256.05078125,282600,17229.060546875,17371.17265625,-0.014932383199930399,0.0119118561218107,31.69168799491557,1
2022-10-12,17123.599609375,17142.349609375,16960.05078125,17025.55078125,256000,17198.9203125,17323.85009765625,0.008246145339619648,0.012198957442007248,37.16135995682677,0
2022-10-13,17014.349609375,17112.349609375,16956.94921875,17087.349609375,266400,17135.430078125,17274.380078125,-0.006380083772817624,0.012015656400815965,36.832177341103645,1
2022-10-14,17185.69921875,17348.55078125,17169.75,17322.30078125,227000,17109.63984375,17239.79501953125,0.010070888003887335,0.012269713116773962,46.7892101523382,1
2022-10-17,17311.80078125,17328.55078125,17098.55078125,17144.80078125,212200,17123.8,17228.842578125,0.007337586960815656,0.011407881878339026,57.31109053621236,1
2022-10-18,17486.94921875,17527.80078125,17434.05078125,17438.75,239500,17224.4796875,17222.0775390625,0.010117285874136073,0.010639343654870348,60.96286817268117,1
2022-10-19,17512.25,17607.599609375,17472.849609375,17568.150390625,210500,17302.209765625,17206.8775390625,0.0014468379208691928,0.008178371857425301,65.83723661707627,1
2022-10-20,17563.94921875,17584.150390625,17421.0,17423.099609375,249600,17412.1296875,17199.15751953125,0.0029521745492440132,0.008169364718157329,67.97358242267183,1
2022-10-21,17576.30078125,17670.150390625,17520.75,17622.849609375,277700,17490.25,17196.48251953125,0.0007032337856462956,0.008132691221437054,63.30657555432605,1
2022-10-24,17730.75,17777.55078125,17707.400390625,17736.349609375,45000,17574.03984375,17216.6525390625,0.008787356376761757,0.008147643954383488,73.98203489721772,0
2022-10-25,17656.349609375,17811.5,17637.0,17808.30078125,251400,17607.919921875,17248.65498046875,-0.004196122026705051,0.005959949815829842,63.211914491236364,1
2022-10-27,17736.94921875,17783.900390625,17654.5,17771.400390625,324600,17652.859765625,17285.132421875,0.004564907874966551,0.005773019551087962,63.79041672539097,1
2022-10-28,17786.80078125,17838.900390625,17723.69921875,17756.400390625,250000,17697.430078125,17331.54248046875,0.002810605244745412,0.004638239582085716,65.72104910612671,1
2022-10-31,18012.19921875,18022.80078125,17899.900390625,17910.19921875,227200,17784.609765625,17391.2474609375,0.012672230395564199,0.005043192248258408,73.32163867035226,1
2022-11-01,18145.400390625,18175.80078125,18060.150390625,18130.69921875,349900,17867.53984375,17443.8,0.007395053222392978,0.005046538476385936,87.99003735990037,0
2022-11-02,18082.849609375,18178.75,18048.650390625,18177.900390625,270900,17952.83984375,17503.575,-0.003447197631545107,0.005254904247855392,83.03993563369329,0
2022-11-03,18052.69921875,18106.30078125,17959.19921875,17968.349609375,213000,18015.98984375,17542.494921875,-0.0016673473084335422,0.005469367898539178,87.82549053926947,1
2022-11-04,18117.150390625,18135.099609375,18017.150390625,18053.400390625,267900,18082.059765625,17581.76240234375,0.003570168155688336,0.005471536687515656,86.79721920017283,1
2022-11-07,18202.80078125,18255.5,18064.75,18211.75,314800,18120.180078125,17626.169921875,0.004727586225111935,0.005421860903922028,86.36131763865686,0
2022-11-09,18157.0,18296.400390625,18117.5,18288.25,307200,18122.5,17671.969921875,-0.002516139235956394,0.005380222929813602,80.5720416769148,0
2022-11-10,18028.19921875,18103.099609375,17969.400390625,18044.349609375,256500,18111.569921875,17724.20234375,-0.007093725904609771,0.0058333675931803676,71.50943703486573,1
2022-11-11,18349.69921875,18362.30078125,18259.349609375,18272.349609375,378500,18170.969921875,17785.50732421875,0.017833173247033374,0.007674366043816299,76.74153957416034,0
2022-11-14,18329.150390625,18399.44921875,18311.400390625,18376.400390625,301400,18213.369921875,17851.24736328125,-0.0011198455015547504,0.007808993316263983,75.4796702824545,1
2022-11-15,18403.400390625,18427.94921875,18282.0,18362.75,250900,18253.48984375,17912.132421875,0.004050924260950772,0.007067558203028501,74.07215839114943,1
2022-11-16,18409.650390625,18442.150390625,18344.150390625,18398.25,219300,18304.019921875,17967.02490234375,0.0003396111515991951,0.006836752785326659,78.34080387978544,0
2022-11-17,18343.900390625,18417.599609375,18312.94921875,18358.69921875,200500,18367.16015625,18009.8724609375,-0.00357149639481924,0.006846787077366568,73.09284280081505,0
2022-11-18,18307.650390625,18394.599609375,18209.80078125,18382.94921875,198800,18358.750390625,18049.64248046875,-0.00197613371355454,0.006863111621153008,70.02416340408149,0
2022-11-21,18159.94921875,18262.30078125,18133.349609375,18246.400390625,213800,18324.91015625,18079.44248046875,-0.008067729540576885,0.007422736323226727,56.041188177006305,1
2022-11-22,18244.19921875,18261.849609375,18137.69921875,18179.150390625,177700,18293.069921875,18112.83740234375,0.00463933015368867,0.007416885147282093,54.20812958892851,1
2022-11-23,18267.25,18325.400390625,18246.0,18325.19921875,178800,18264.58984375,18139.66240234375,0.0012634580983039712,0.007356215212544554,58.12763100126546,1
2022-11-24,18484.099609375,18529.69921875,18294.25,18326.099609375,204000,18292.6296875,18181.04990234375,0.011870949889830174,0.00758486411366868,66.32727434007731,1
2022-11-25,18512.75,18534.900390625,18445.099609375,18528.44921875,205900,18333.649609375,18219.83994140625,0.0015500019600884762,0.00535316755124898,65.38935531664325,1
2022-11-28,18562.75,18614.25,18365.599609375,18430.55078125,206500,18414.209765625,18258.63740234375,0.0027008413120686026,0.0053294476200208924,64.40197429910194,1
2022-11-29,18618.05078125,18678.099609375,18552.150390625,18552.44921875,195300,18488.980078125,18288.92998046875,0.00297912654375021,0.005278059303240425,68.30798249070091,1
2022-11-30,18758.349609375,18816.05078125,18616.55078125,18625.69921875,345600,18587.2,18319.57744140625,0.007535634625419174,0.00563061506262638,78.73136450482882,1
2022-12-01,18812.5,18887.599609375,18778.19921875,18871.94921875,325000,18652.880078125,18356.0599609375,0.002886735334004964,0.005294631653656043,73.06391014035702,0
2022-12-02,18696.099609375,18781.94921875,18639.19921875,18752.400390625,254400,18689.55,18388.22998046875,-0.006187396179402005,0.005833634721591,66.6923730289321,1
2022-12-05,18701.05078125,18728.599609375,18591.349609375,18719.55078125,288400,18717.21015625,18417.425,0.00026482378562620035,0.004702703196139332,64.45110329328541,0
2022-12-06,18642.75,18654.900390625,18577.900390625,18600.650390625,217800,18722.15,18439.4224609375,-0.0031175136590962937,0.0050220427180784335,60.77265383122569,0
2022-12-07,18560.5,18668.30078125,18528.400390625,18638.849609375,200500,18682.580078125,18459.5974609375,-0.004411902750398933,0.005439769556892073,59.85973971474956,1
2022-12-08,18609.349609375,18625.0,18536.94921875,18570.849609375,202800,18641.95,18488.65498046875,0.002631912360927746,0.004129676282601929,63.57777488687385,0
2022-12-09,18496.599609375,18664.69921875,18410.099609375,18662.400390625,215800,18602.05,18496.0,-0.006058782405979346,0.004623635626889041,65.6428388623786,1
2022-12-12,18497.150390625,18521.55078125,18345.69921875,18402.150390625,193900,18561.269921875,18504.4,2.977743269738653e-05,0.004521308990808422,62.745013137565564,1
2022-12-13,18608.0,18617.25,18490.19921875,18524.400390625,187600,18554.319921875,18514.62998046875,0.0059927938646799905,0.004855561004083503,65.77323800534502,1
2022-12-14,18660.30078125,18696.099609375,18632.900390625,18671.25,208000,18574.280078125,18527.1625,0.002810661073194387,0.004225053492156604,59.62213277188672,0
2022-12-15,18414.900390625,18652.900390625,18387.69921875,18614.400390625,183100,18535.390234375,18530.7125,-0.013150934355333654,0.005607589334525933,45.67937008960527,0
2022-12-16,18269.0,18440.94921875,18255.150390625,18319.099609375,277700,18489.8703125,18528.77998046875,-0.00792295301794177,0.00577192489912621,38.04196760518139,1
2022-12-19,18420.44921875,18431.650390625,18244.55078125,18288.099609375,154800,18474.530078125,18541.80498046875,0.008289956688926514,0.006657123888816319,42.539972334219144,0
2022-12-20,18385.30078125,18404.900390625,18202.650390625,18340.30078125,169000,18429.990234375,18548.86005859375,-0.0019081205394395617,0.006635235377293289,34.701733420690516,0
2022-12-21,18199.099609375,18473.349609375,18162.75,18435.150390625,187600,18337.75,18545.4525390625,-0.01012771964355863,0.007152445692709913,27.30336900011129,0
2022-12-22,18127.349609375,18318.75,18068.599609375,18288.80078125,195700,18280.23984375,18527.6150390625,-0.003942502735851727,0.0069855805851540605,28.236368582643507,0
2022-12-23,17806.80078125,18050.44921875,17779.5,17977.650390625,221500,18187.8,18492.317578125,-0.01768316025411787,0.008440900853806502,22.43797195253505,1
2022-12-26,18014.599609375,18084.099609375,17774.25,17830.400390625,176700,18106.630078125,18464.91005859375,0.011669632893506865,0.009726425656408074,32.27314567291528,1
2022-12-27,18132.30078125,18149.25,17967.44921875,18089.80078125,214300,18056.030078125,18440.62255859375,0.006533654614990558,0.009780851475356213,38.1529602739045,0
2022-12-28,18122.5,18173.099609375,18068.349609375,18084.75,193900,18040.71015625,18408.830078125,-0.0005405150382313817,0.00963333175181795,36.23279976758905,1
2022-12-29,18191.0,18229.69921875,17992.80078125,18045.69921875,281100,18053.440234375,18377.755078125,0.00377983170092433,0.009100349177630666,41.13639015812843,0
2022-12-30,18105.30078125,18265.25,18080.30078125,18259.099609375,192000,18113.140234375,18348.21513671875,-0.00471107793689185,0.008890381909668166,39.169733749499315,1
2023-01-02,18197.44921875,18215.150390625,18086.5,18131.69921875,256100,18149.71015625,18323.03505859375,0.005089583355357918,0.00857629805073571,38.5343279609189,1
2023-01-03,18232.55078125,18251.94921875,18149.80078125,18163.19921875,208700,18169.76015625,18302.52509765625,0.00192892762485819,0.008625994115434243,37.93812207276076,0
2023-01-04,18042.94921875,18243.0,18020.599609375,18230.650390625,235200,18153.85,18276.64755859375,-0.010399069487028845,0.008658959438087453,39.17077891873265,0
2023-01-05,17992.150390625,18120.30078125,17892.599609375,18101.94921875,269900,18114.080078125,18245.78759765625,-0.0028154392892826285,0.008621161120783245,41.46709993245773,0
2023-01-06,17859.44921875,18047.400390625,17795.55078125,18008.05078125,238200,18064.909765625,18213.930078125,-0.007375503705446151,0.0067883393354356125,32.50701590271281,1
2023-01-09,18101.19921875,18141.400390625,17936.150390625,17952.55078125,257200,18045.659765625,18194.13251953125,0.013536251708490266,0.0071511894732364445,42.1523308861295,0
2023-01-10,17914.150390625,18127.599609375,17856.0,18121.30078125,283300,17981.9796875,18159.4400390625,-0.010333504750958511,0.007548768912145161,42.13260052242975,0
2023-01-11,17895.69921875,17976.349609375,17824.349609375,17924.25,259900,17952.5296875,18121.2099609375,-0.0010299775022909463,0.007545718808182253,43.41022560969512,0
2023-01-12,17858.19921875,17945.80078125,17761.650390625,17920.849609375,227800,17925.739453125,18093.37490234375,-0.00209547554088918,0.007337910203467237,51.7427906902818,1
2023-01-13,17956.599609375,17999.349609375,17774.25,17867.5,256700,17945.16953125,18077.7548828125,0.005510095918388247,0.0075978057890789315,47.8757739805203,0
2023-01-16,17894.849609375,18049.650390625,17853.650390625,18033.150390625,206200,17903.899609375,18051.47490234375,-0.003438847072569362,0.007337649373825374,40.93179997523634,1
2023-01-17,18053.30078125,18072.05078125,17886.94921875,17922.80078125,219100,17931.7296875,18034.87490234375,0.008854568511824201,0.008009217217379376,47.62675397818463,1
2023-01-18,18165.349609375,18183.75,18032.44921875,18074.30078125,255800,17985.659765625,18033.18740234375,0.006206556323560042,0.007542276086584036,49.145813360251736,0
2023-01-19,18107.849609375,18155.19921875,18063.75,18119.80078125,237800,18035.58984375,18032.21240234375,-0.003165367099256078,0.0075611960548299835,50.08650347008173,0
2023-01-20,18027.650390625,18145.44921875,18016.19921875,18115.599609375,237200,18049.8,18043.2548828125,-0.004428975305189153,0.007264562207286395,44.19015566963874,1
2023-01-23,18118.55078125,18162.599609375,18063.44921875,18118.44921875,202500,18094.540234375,18048.45244140625,0.005042276095628795,0.006021064134871866,46.242835588009626,0
2023-01-24,18118.30078125,18201.25,18078.650390625,18183.94921875,216900,18107.540234375,18047.75244140625,-1.3798013043020418e-05,0.004790427437643462,52.83756590096027,0
2023-01-25,17891.94921875,18100.599609375,17846.150390625,18093.349609375,257200,18052.86015625,18036.22490234375,-0.01249297962501228,0.006451848747751919,46.6672989550352,0
2023-01-27,17604.349609375,17884.75,17493.55078125,17877.19921875,476300,17952.16015625,18006.8923828125,-0.016074246906178757,0.008226148054036663,42.307941469895724,1
2023-01-30,17648.94921875,17709.150390625,17405.55078125,17541.94921875,432400,17876.419921875,17984.0748046875,0.0025334426073457816,0.007999039372592278,34.52312521221617,1
2023-01-31,17662.150390625,17735.69921875,17537.55078125,17731.44921875,398300,17785.13984375,17957.30986328125,0.0007479862801675896,0.008007349534360995,40.21133513795657,0
2023-02-01,17616.30078125,17972.19921875,17353.400390625,17811.599609375,512900,17684.73984375,17926.49736328125,-0.0025959245256645946,0.00717241079376128,39.37326542619258,0
2023-02-02,17610.400390625,17653.900390625,17445.94921875,17517.099609375,490100,17628.430078125,17904.869921875,-0.0003349392530399564,0.006570882720129218,40.34300659007424,1
2023-02-03,17854.05078125,17870.30078125,17584.19921875,17721.75,424100,17678.3703125,17897.96494140625,0.013835596307890219,0.008470575979966397,46.40998817118282,0
2023-02-06,17764.599609375,17823.69921875,17698.349609375,17818.55078125,282500,17701.500390625,17893.2224609375,-0.005010133160870178,0.008495789165088098,45.526985114991255,0
2023-02-07,17721.5,17811.150390625,17652.55078125,17790.099609375,354400,17713.3703125,17874.2375,-0.0024261514654264627,0.00818560006933539,37.62492934025653,1
2023-02-08,17871.69921875,17898.69921875,17744.150390625,17750.30078125,291000,17764.45,17872.11494140625,0.008475536424681795,0.008848920001431776,39.35086220696083,1
2023-02-09,17893.44921875,17916.900390625,17779.80078125,17885.5,260900,17821.059765625,17872.00244140625,0.0012170079483646568,0.007943717840664886,42.0178675047301,0
2023-02-10,17856.5,17876.94921875,17801.0,17847.55078125,232000,17821.549609375,17871.91748046875,-0.0020649578680046465,0.00570719746102238,43.41603641319783,0
2023-02-13,17770.900390625,17880.69921875,17719.75,17859.099609375,231300,17822.809765625,17862.63251953125,-0.00479375070002519,0.006013052048593879,36.57151392889421,1
2023-02-14,17929.849609375,17954.55078125,17800.05078125,17840.349609375,244500,17864.4796875,17864.38251953125,0.0089443537049958,0.0065538603520458654,43.515771901835045,1
2023-02-15,18015.849609375,18034.099609375,17853.80078125,17896.599609375,229300,17893.309765625,17862.5099609375,0.004796470794436125,0.006453582058717942,54.71894047932539,1
2023-02-16,18035.849609375,18134.75,18000.650390625,18094.75,230200,17921.78984375,17856.0349609375,0.0011101336008929596,0.00640491886428262,70.6419978248764,0
2023-02-17,17944.19921875,18034.25,17884.599609375,17974.849609375,208100,17939.3296875,17847.85244140625,-0.005081567689351307,0.005363872580743598,63.51567864499886,0
2023-02-20,17844.599609375,18004.349609375,17818.400390625,17965.55078125,174600,17954.06953125,17838.69990234375,-0.005550518480140765,0.005428077303527174,57.73976416313707,0
2023-02-21,17826.69921875,17924.900390625,17800.30078125,17905.80078125,198200,17933.439453125,17824.10732421875,-0.001003126492992057,0.005362182595799949,59.14219954579247,0
2023-02-22,17554.30078125,17772.5,17529.44921875,17755.349609375,204000,17841.1296875,17795.90732421875,-0.015280363131582653,0.006605891074244468,48.020755094024985,0
2023-02-23,17511.25,17620.05078125,17455.400390625,17574.650390625,240800,17736.209765625,17776.87236328125,-0.002452434977984641,0.006522887524381333,35.9114975485553,0
2023-02-24,17465.80078125,17599.75,17421.80078125,17591.349609375,209400,17640.530078125,17769.944921875,-0.002595429723749043,0.006524388190732422,37.25908566231768,0
2023-02-27,17392.69921875,17451.599609375,17299.0,17428.599609375,246400,17550.15,17757.132421875,-0.004185411445805309,0.006500210861562694,36.32956003443067,0
2023-02-28,17303.94921875,17440.44921875,17255.19921875,17383.25,420900,17445.6,17739.22236328125,-0.0051027157362857345,0.005236032224999965,25.123744582965358,1
2023-03-01,17450.900390625,17467.75,17345.25,17360.099609375,272900,17424.919921875,17730.95234375,0.008492348770636093,0.0059686061985750475,32.5265935706563,0
2023-03-02,17321.900390625,17445.80078125,17306.0,17421.5,310700,17387.05,17716.52734375,-0.007392168719804415,0.005897110107580368,30.322458199197413,1
2023-03-03,17594.349609375,17644.75,17427.69921875,17451.25,356200,17412.759765625,17703.54228515625,0.015728598629827895,0.008552808258337036,44.287306867820746,1
2023-03-06,17711.44921875,17799.94921875,17671.94921875,17680.349609375,362800,17476.509765625,17700.884765625,0.006655523618366965,0.008845335915386363,42.73645291078428,1
2023-03-08,17754.400390625,17766.5,17602.25,17665.75,267000,17566.6,17702.52978515625,0.0024250512391459367,0.00889913360386854,41.048415139761936,0
2023-03-09,17589.599609375,17772.349609375,17573.599609375,17772.05078125,262400,17594.33984375,17688.4248046875,-0.009282249899975281,0.007932150770098732,36.09945025661991,0
2023-03-10,17412.900390625,17451.5,17324.349609375,17443.80078125,235900,17612.53984375,17664.39736328125,-0.010045664635585094,0.008556256691170067,34.282970661545235,0
2023-03-13,17154.30078125,17529.900390625,17113.44921875,17421.900390625,254900,17524.530078125,17629.28740234375,-0.014851035931626178,0.009687831128150574,31.33521548050203,0
2023-03-14,17043.30078125,17224.650390625,16987.099609375,17160.55078125,290600,17390.900390625,17592.907421875,-0.006470680525861194,0.00977804578818665,29.83323579276349,0
2023-03-15,16972.150390625,17211.349609375,16938.900390625,17166.44921875,248200,17234.450390625,17545.0224609375,-0.004174683738684903,0.009749522800508021,33.28165542803103,1
2023-03-16,16985.599609375,17062.44921875,16850.150390625,16994.650390625,349800,17113.650390625,17493.5099609375,0.0007924286811309411,0.009122189638674167,34.64313796200456,1
2023-03-17,17100.05078125,17145.80078125,16958.150390625,17111.80078125,408100,17051.08046875,17446.72001953125,0.006738129621978839,0.009398203351381902,39.72873829520224,0
2023-03-20,16988.400390625,17066.599609375,16828.349609375,17066.599609375,241800,17017.900390625,17398.930078125,-0.0065292432199922645,0.007341367654585594,38.88679510677752,1
2023-03-21,17107.5,17127.69921875,17016.0,17060.400390625,246700,17030.740234375,17362.07509765625,0.007010642946744028,0.007396464332429487,44.68870000887135,1
2023-03-22,17151.900390625,17207.25,17107.849609375,17177.44921875,0,17066.690234375,17328.33515625,0.0025953757489405316,0.007411648208500927,41.44149684355999,0
2023-03-23,17076.900390625,17205.400390625,17045.30078125,17097.400390625,219200,17084.950390625,17304.46513671875,-0.004372693304643627,0.007137854582247015,42.7634721488288,0
2023-03-24,16945.05078125,17109.44921875,16917.349609375,17076.19921875,228000,17053.950390625,17276.15517578125,-0.007720933328590696,0.006914751426808601,29.084578729551154,1
2023-03-27,16985.69921875,17091.0,16918.55078125,16984.30078125,218400,17053.41015625,17252.15009765625,0.0023988383407489433,0.0055663576669018056,25.41080806369642,0
2023-03-28,16951.69921875,17061.75,16913.75,17031.75,238800,17022.25,17230.10009765625,-0.002001683861354908,0.00524614212444018,22.637652945868254,1
2023-03-29,17080.69921875,17126.150390625,16940.599609375,16977.30078125,345900,17008.009765625,17218.93759765625,0.007609856589321451,0.005644060825543513,32.21869024432522,1
2023-03-31,17359.75,17381.599609375,17204.650390625,17210.349609375,263900,17064.5796875,17214.380078125,0.016337198944623932,0.007516931466068807,48.266853485335794,1
2023-04-03,17398.05078125,17428.05078125,17312.75,17427.94921875,230200,17155.1796875,17218.18759765625,0.002206297973761151,0.007348086326318249,59.28181923657037,1
2023-04-05,17557.05078125,17570.55078125,17402.69921875,17422.30078125,248300,17269.45,17216.32265625,0.009138954817361267,0.007050180672078209,68.873285518714,1
2023-04-06,17599.150390625,17638.69921875,17502.849609375,17533.849609375,242700,17398.940234375,17210.70771484375,0.002397874785437182,0.006931801476085081,73.53603603603604,1
2023-04-10,17624.05078125,17694.099609375,17597.94921875,17634.900390625,254800,17507.610546875,17204.190234375,0.0014148632219350699,0.006946824230530526,73.76160686896941,1
2023-04-11,17722.30078125,17748.75,17655.150390625,17704.80078125,304300,17580.120703125,17210.82529296875,0.005574768321964241,0.006513733780409755,73.4413260501036,1
2023-04-12,17812.400390625,17825.75,17717.25,17759.55078125,232800,17662.990625,17230.80029296875,0.005083967961446945,0.005121065955742865,81.55397461250108,1
2023-04-13,17828.0,17842.150390625,17729.650390625,17807.30078125,285800,17717.18046875,17264.48525390625,0.0008757724412713497,0.005229065247602599,79.96591533095271,0
2023-04-17,17706.849609375,17863.0,17574.05078125,17863.0,357400,17738.7203125,17297.6626953125,-0.006795512150830185,0.006079058762973524,71.69551420080572,0
2023-04-18,17660.150390625,17766.599609375,17610.19921875,17766.599609375,258900,17745.940234375,17332.0626953125,-0.0026373533282438855,0.006333294784187642,73.31790383738436,0
2023-04-19,17618.75,17666.150390625,17579.849609375,17653.349609375,281500,17725.230078125,17363.72021484375,-0.002344283016240789,0.004597283593765938,79.03377315991663,1
2023-04-20,17624.44921875,17684.44921875,17584.349609375,17638.599609375,215100,17687.63984375,17389.94013671875,0.0003234746363958152,0.0046033094965956855,78.38258164852255,0
2023-04-21,17624.05078125,17663.19921875,17553.94921875,17639.75,230200,17646.85,17421.72265625,-2.260708945023282e-05,0.0036920391988148017,80.79524228696567,1
2023-04-24,17743.400390625,17754.5,17612.5,17707.55078125,255700,17654.16015625,17453.51767578125,0.006771973756565242,0.004183174424763752,80.62395416465849,1
2023-04-25,17769.25,17807.44921875,17716.849609375,17761.55078125,297400,17675.980078125,17484.38515625,0.0014568576938982503,0.004183853952116402,74.7044850404389,1
2023-04-26,17813.599609375,17827.75,17711.19921875,17767.30078125,233000,17714.95,17521.2201171875,0.0024958627615121465,0.003899402272088103,74.88776228766075,1
2023-04-27,17915.05078125,17931.599609375,17797.900390625,17813.099609375,241400,17773.0703125,17569.7201171875,0.005695152810193838,0.0039827697565114175,73.02852433312562,1
2023-04-28,18065.0,18089.150390625,17885.30078125,17950.400390625,290300,17861.26015625,17623.68515625,0.008370013603697934,0.0046870219691070225,76.31483136398239,1
2023-05-02,18147.650390625,18180.25,18101.75,18124.80078125,265200,17942.11015625,17683.48271484375,0.004575166931912511,0.0037897613358080224,77.76548741307847,0
2023-05-03,18089.849609375,18116.349609375,18042.400390625,18113.80078125,226200,18006.230078125,17733.940234375,-0.00318502836487633,0.0038747499936284523,70.36400586079952,1
2023-05-04,18255.80078125,18267.44921875,18066.69921875,18081.0,226600,18094.6703125,17778.7427734375,0.009173717607303677,0.0040127179537106225,72.66180730660885,0
2023-05-05,18069.0,18216.94921875,18055.44921875,18117.30078125,239700,18125.46015625,17812.290234375,-0.010232406865540389,0.005903342865147825,60.482818616789906,1
2023-05-08,18264.400390625,18286.94921875,18100.30078125,18120.599609375,228400,18165.340234375,17847.65771484375,0.010814123118324304,0.006363514177366116,72.78042007150154,1
2023-05-09,18265.94921875,18344.19921875,18229.650390625,18303.400390625,245400,18189.0,17880.99765625,8.480038171931881e-05,0.006343726929158413,75.69994183377717,1
2023-05-10,18315.099609375,18326.75,18211.94921875,18313.599609375,220500,18234.05,17915.55009765625,0.0026908205008338015,0.006323970302218104,79.34841482949766,0
2023-05-11,18297.0,18389.69921875,18270.400390625,18357.80078125,248900,18242.28984375,17944.28505859375,-0.0009882342854272697,0.006452453371257361,78.05217022940563,1
2023-05-12,18314.80078125,18342.75,18194.55078125,18273.75,241700,18291.45,17969.405078125,0.0009728797753729701,0.006381288948411206,78.39899144008865,1
2023-05-15,18398.849609375,18458.900390625,18287.900390625,18339.30078125,216100,18318.33984375,17997.94755859375,0.004589120522186851,0.00608189978750259,77.75324348821363,0
2023-05-16,18286.5,18432.349609375,18264.349609375,18432.349609375,219500,18322.45,18026.930078125,-0.006106338807060685,0.006475270159453586,70.40672909179453,0
2023-05-17,18181.75,18309.0,18115.349609375,18300.44921875,229900,18295.780078125,18053.01005859375,-0.005728269488420423,0.006694593756993591,63.86367347299021,0
2023-05-18,18129.94921875,18297.19921875,18104.849609375,18287.5,272100,18262.369921875,18078.57001953125,-0.002849053652701161,0.006014206246869098,58.406939002548945,1
2023-05-19,18203.400390625,18218.099609375,18060.400390625,18186.150390625,260900,18240.08984375,18107.517578125,0.0040513721791914925,0.005122231875642128,55.7589874207805,1
2023-05-22,18314.400390625,18335.25,18178.849609375,18201.099609375,262600,18223.2,18142.03505859375,0.006097761825706316,0.004232839337320721,56.77871361967554,1
2023-05-23,18348.0,18419.75,18324.19921875,18362.900390625,270400,18235.5,18172.2650390625,0.001834600568861644,0.004259886013461637,60.7049542800217,0
2023-05-24,18285.400390625,18392.599609375,18262.94921875,18294.80078125,232600,18256.230078125,18198.07255859375,-0.0034117947119577385,0.004340590950991801,51.342507206397975,1
2023-05-25,18321.150390625,18338.099609375,18202.400390625,18268.900390625,235900,18294.4703125,18223.45009765625,0.001955111686716471,0.004377358941838605,63.25224650014063,1
2023-05-26,18499.349609375,18508.55078125,18333.150390625,18368.349609375,198700,18353.66015625,18252.6650390625,0.009726420827874671,0.00533318055078925,62.57558270818175,1
2023-05-29,18598.650390625,18641.19921875,18581.25,18619.150390625,265300,18410.51015625,18279.34755859375,0.005367798508963517,0.005396457949749841,66.1207988143841,1
2023-05-30,18633.849609375,18662.44921875,18575.5,18606.650390625,234400,18467.680078125,18303.65751953125,0.0018925684396833287,0.00476671598705149,65.65647844356184,0
2023-05-31,18534.400390625,18603.900390625,18483.849609375,18594.19921875,696500,18517.480078125,18325.88505859375,-0.0053370195013254795,0.004698319410393396,60.79780968337417,0
2023-06-01,18487.75,18580.30078125,18464.55078125,18579.400390625,265600,18550.8,18337.48251953125,-0.0025169624936233204,0.004661796226411179,57.6651800862863,1
2023-06-02,18534.099609375,18573.69921875,18478.400390625,18550.849609375,270900,18557.75,18360.7375,0.002507044360454902,0.0046103327124631865,56.20157260303416,1
2023-06-05,18593.849609375,18640.150390625,18582.80078125,18612.0,256100,18556.78984375,18377.2099609375,0.003223787573137793,0.004398148054543496,64.80703979645413,1
2023-06-06,18599.0,18622.75,18531.599609375,18600.80078125,220800,18549.819921875,18393.8625,0.00027699431442118616,0.004413486629077671,72.2355448974154,1
2023-06-07,18726.400390625,18738.94921875,18636.0,18665.599609375,260100,18588.219921875,18414.4275390625,0.006849851638528914,0.004371318065709173,79.41516997983013,0
2023-06-08,18634.55078125,18777.900390625,18615.599609375,18725.349609375,286500,18617.580078125,18431.305078125,-0.0049048192636628185,0.004948150562040526,70.88404971703523,0
2023-06-09,18563.400390625,18676.650390625,18555.400390625,18655.900390625,221800,18623.440234375,18443.73505859375,-0.00381819725413457,0.0043239797244944665,62.54536437135412,1
2023-06-12,18601.5,18633.599609375,18559.75,18595.05078125,179500,18624.9703125,18453.867578125,0.0020524046550352004,0.004012745235951271,62.714434613606265,1
2023-06-13,18716.150390625,18728.900390625,18631.80078125,18631.80078125,233200,18648.400390625,18475.35009765625,0.0061635024393194016,0.004438583719255454,70.53245249151867,1
2023-06-14,18755.900390625,18769.69921875,18690.0,18744.599609375,261400,18654.300390625,18504.0576171875,0.0021238341844009856,0.003958956299947662,70.64439539240601,0
2023-06-15,18688.099609375,18794.099609375,18669.05078125,18774.44921875,263000,18665.01015625,18531.96513671875,-0.0036149041015322014,0.004086530897274227,60.012723120853074,1
2023-06-16,18826.0,18864.69921875,18710.5,18723.30078125,272800,18717.530078125,18563.0951171875,0.0073790483520230765,0.004540038543445475,61.585869584691125,0
2023-06-19,18755.44921875,18881.44921875,18719.150390625,18873.30078125,219800,18748.319921875,18585.14755859375,-0.0037475183921172883,0.004786933028529336,55.98127770444366,1
2023-06-20,18816.69921875,18839.69921875,18660.650390625,18752.349609375,211600,18768.4296875,18608.58251953125,0.003265717567498605,0.004838401118474557,64.42798932302637,1
2023-06-21,18856.849609375,18875.900390625,18794.849609375,18849.400390625,217500,18788.61953125,18637.15498046875,0.0021337637466720683,0.004436981555465134,68.99045949960106,0
2023-06-22,18771.25,18886.599609375,18759.5,18853.599609375,252700,18805.249609375,18659.6599609375,-0.004539443817404343,0.0043868904620104855,61.72789423153079,0
2023-06-23,18665.5,18756.400390625,18647.099609375,18741.849609375,210600,18773.149609375,18667.96748046875,-0.005633615236065759,0.004627440559495803,53.38915875693584,1
2023-06-26,18691.19921875,18722.05078125,18646.69921875,18682.349609375,171300,18760.299609375,18672.594921875,0.0013768299134766515,0.00460809467863545,54.27798278874526,1
2023-06-27,18817.400390625,18829.25,18714.25,18748.55078125,222500,18760.43984375,18681.7724609375,0.00675190341711196,0.004691578305721656,54.22704393614435,1
2023-06-28,18972.099609375,19011.25,18861.349609375,18908.150390625,398800,18783.48984375,18703.657421875,0.00822107281232487,0.00527840760559205,64.81449415992196,1
2023-06-30,19189.05078125,19201.69921875,19024.599609375,19076.849609375,247900,18867.05,18738.7224609375,0.01143527476356887,0.00587751425618426,74.34337416235654,1
2023-07-03,19322.55078125,19345.099609375,19234.400390625,19246.5,226100,18998.46015625,18778.14501953125,0.00695709243369369,0.005841308619142815,76.1164529309896,1
2023-07-04,19389.0,19434.150390625,19300.0,19406.599609375,226900,19138.0203125,18817.9025390625,0.003438946519135566,0.005395662233761896,75.2523408878001,1
2023-07-05,19398.5,19421.599609375,19339.599609375,19405.94921875,224400,19254.240234375,18857.8775390625,0.0004899685388621844,0.005470825741622137,74.67736733545847,1
2023-07-06,19497.30078125,19512.19921875,19373.0,19385.69921875,268300,19359.28046875,18896.42255859375,0.00509321758125636,0.005494955404281368,80.35258763042182,0
2023-07-07,19331.80078125,19523.599609375,19303.599609375,19422.80078125,237100,19387.83046875,18931.28505859375,-0.00848835445771845,0.006219742779969254,68.5873952812692,1
2023-07-10,19355.900390625,19435.849609375,19327.099609375,19400.349609375,268200,19394.500390625,18970.91005859375,0.0012466303397029588,0.005502122623551867,72.84560337076147,1
2023-07-11,19439.400390625,19515.099609375,19406.44921875,19427.099609375,251300,19404.58046875,19012.805078125,0.004313930032438185,0.005445260532269941,73.2977024042839,0
2023-07-12,19384.30078125,19507.69921875,19361.75,19497.44921875,327900,19401.740625,19046.21259765625,-0.002834429471475497,0.005732640487755534,69.51571851635589,1
2023-07-13,19413.75,19567.0,19385.80078125,19495.19921875,310400,19385.03046875,19079.105078125,0.0015192303855748879,0.005436914483609928,74.80313417035869,1
2023-07-14,19564.5,19595.349609375,19433.5,19493.44921875,291200,19431.5703125,19122.92509765625,0.007765114931427508,0.004844624422799263,83.53978973508487,1
2023-07-17,19711.44921875,19731.849609375,19562.94921875,19612.150390625,268700,19502.680078125,19167.19755859375,0.007511013251041421,0.004910946207601597,84.90542082853332,1
2023-07-18,19749.25,19819.44921875,19690.19921875,19787.5,286400,19564.65,19216.88759765625,0.001917706853032497,0.004885103627001655,83.93359326658141,1
2023-07-19,19833.150390625,19851.69921875,19727.44921875,19802.94921875,259700,19654.419921875,19267.71015625,0.004248282371482448,0.0049130454452274925,83.06011830485699,1
2023-07-20,19979.150390625,19991.849609375,19758.400390625,19831.69921875,274700,19767.5,19323.8251953125,0.007361412439498949,0.005108430090299948,82.08399095848038,0
2023-07-21,19745.0,19887.400390625,19700.0,19800.44921875,312500,19803.6,19372.5126953125,-0.011719737128305097,0.005916016996877099,65.85830798964159,0
2023-07-24,19672.349609375,19782.75,19658.30078125,19748.44921875,265600,19795.780078125,19422.85517578125,-0.0036794322929856182,0.0061964558791505414,60.587360410314496,1
2023-07-25,19680.599609375,19729.349609375,19615.94921875,19729.349609375,369700,19782.05,19472.3251953125,0.0004193703428323481,0.006131795753743764,60.55050964728639,1
2023-07-26,19778.30078125,19825.599609375,19716.69921875,19733.349609375,244700,19771.080078125,19520.37021484375,0.004964339187534694,0.0060498727020635345,60.51803547146638,0
2023-07-27,19659.900390625,19867.55078125,19603.55078125,19850.900390625,334900,19707.230078125,19554.76025390625,-0.0059863783008722304,0.006564107922716246,62.729856096026914,0
2023-07-28,19646.05078125,19695.900390625,19563.099609375,19659.75,258700,19687.440234375,19577.61025390625,-0.0007044597937843067,0.00616890478579175,61.34773063719986,1
2023-07-31,19753.80078125,19772.75,19597.599609375,19666.349609375,295100,19703.73046875,19599.17275390625,0.005484562836559181,0.005939591265936983,62.06724909030665,0
2023-08-01,19733.55078125,19795.599609375,19704.599609375,19784.0,298000,19714.320703125,19616.40029296875,-0.0010251191770254131,0.00591958127266864,63.773300058538986,0
2023-08-02,19526.55078125,19678.25,19423.55078125,19655.400390625,290700,19663.970703125,19622.80283203125,-0.010489749274959825,0.0065299384516132,53.90205473713796,0
2023-08-03,19381.650390625,19537.650390625,19296.44921875,19463.75,315700,19608.320703125,19617.0203125,-0.007420685416911321,0.005937924130566988,43.64908262793213,1
2023-08-04,19517.0,19538.849609375,19436.44921875,19462.80078125,280800,19582.510546875,19626.2802734375,0.006983389270114548,0.0058364029839956194,43.19133046646752,1
2023-08-07,19597.30078125,19620.44921875,19524.80078125,19576.849609375,216600,19551.210546875,19638.35029296875,0.004114401867602702,0.005979060336266935,44.83325186751533,0
2023-08-08,19570.849609375,19634.400390625,19533.099609375,19627.19921875,260300,19518.6703125,19644.92275390625,-0.0013497354646058168,0.00597941191534105,40.71832780893985,1
2023-08-09,19632.55078125,19645.5,19467.5,19578.80078125,266500,19539.8703125,19657.33525390625,0.003152707884763739,0.005819314370699743,36.95724073456153,0
2023-08-10,19543.099609375,19623.599609375,19495.400390625,19605.55078125,312200,19572.16015625,19663.802734375,-0.004556268458015711,0.00569179933684339,41.4738432657936,0
2023-08-11,19428.30078125,19557.75,19412.75,19554.25,235500,19554.4203125,19656.9927734375,-0.005874136161590715,0.005933873774905447,40.04820075470977,1
2023-08-14,19434.55078125,19465.849609375,19257.900390625,19383.94921875,243900,19521.8703125,19643.1478515625,0.00032169565781225984,0.005506732764111725,39.95025264572001,1
2023-08-16,19465.0,19482.75,19317.19921875,19369.0,0,19500.700390625,19628.9353515625,0.0015667570139761278,0.005597791408659871,36.45949751322734,0
2023-08-17,19365.25,19461.55078125,19326.25,19450.55078125,268700,19447.240234375,19605.54033203125,-0.005124582584125403,0.004829386511473414,37.05689062003999,0
2023-08-18,19310.150390625,19373.80078125,19253.599609375,19301.75,256100,19400.650390625,19572.09033203125,-0.0028452826260957353,0.004324782125202371,35.760922661676915,1
2023-08-21,19393.599609375,19425.94921875,19296.30078125,19320.650390625,262600,19393.71015625,19554.5203125,0.0043215209131937105,0.0038817306707447873,34.40959113249687,1
2023-08-22,19396.44921875,19443.5,19381.30078125,19417.099609375,208700,19386.08984375,19540.72529296875,0.00014693555773015454,0.0035300642759959235,35.18626599422542,1
2023-08-23,19444.0,19472.05078125,19366.599609375,19439.19921875,225200,19381.88984375,19528.8953125,0.0024515199000461063,0.0036920433978176437,45.7811289717238,0
2023-08-24,19386.69921875,19584.44921875,19369.0,19535.150390625,268300,19386.1796875,19509.315234375,-0.002946964680621278,0.0034936414126586885,50.28340258515781,0
2023-08-25,19265.80078125,19339.55078125,19229.69921875,19297.400390625,466500,19377.309765625,19489.61025390625,-0.006236153774081932,0.0037041246080841543,35.667066370083745,1
2023-08-28,19306.05078125,19366.849609375,19249.69921875,19298.349609375,248200,19359.8,19472.61025390625,0.002089194238900971,0.0034904356993367114,32.585949177877424,1
2023-08-29,19342.650390625,19377.900390625,19309.099609375,19374.849609375,307400,19349.040234375,19452.052734375,0.0018957584743610756,0.0035724281051677485,36.51939744690278,1
2023-08-30,19347.44921875,19452.80078125,19334.75,19433.44921875,233000,19329.730078125,19432.74765625,0.0002480956863764039,0.0035128100661175844,31.944080233139218,0
2023-08-31,19253.80078125,19388.19921875,19223.650390625,19375.55078125,562600,19303.150390625,19419.11015625,-0.004840350603388277,0.003473057500340463,31.77515127801935,1
2023-09-01,19435.30078125,19458.55078125,19255.69921875,19258.150390625,333000,19337.050390625,19421.79267578125,0.009426710188917609,0.004574019367004024,50.406790126259295,1
2023-09-04,19528.80078125,19545.150390625,19432.849609375,19525.05078125,296800,19381.600390625,19422.38271484375,0.004810833701642592,0.004619979566798705,54.972856218337405,1
2023-09-05,19574.900390625,19587.05078125,19525.75,19564.650390625,256800,19428.050390625,19421.2626953125,0.0023605960187407238,0.004643267422677654,55.70439997810251,1
2023-09-06,19611.05078125,19636.44921875,19491.5,19581.19921875,287600,19480.770703125,19423.27275390625,0.0018467726478093027,0.004625092654709419,63.660223513168525,1
2023-09-07,19727.05078125,19737.0,19550.05078125,19598.650390625,304900,19575.420703125,19427.99775390625,0.005915032360780392,0.004662303080211482,71.70009657906776,1
2023-09-08,19819.94921875,19867.150390625,19727.05078125,19774.80078125,288100,19652.350390625,19441.840234375,0.004709190366575022,0.003780000505109604,71.97576626404624,1
2023-09-11,19996.349609375,20008.150390625,19865.349609375,19890.0,248800,19745.86015625,19470.24267578125,0.008900143420050854,0.004216819919210204,76.22869205374359,0
2023-09-12,19993.19921875,20110.349609375,19914.650390625,20110.150390625,328100,19829.519921875,19498.17509765625,-0.0001575482868895195,0.004352886844698247,74.98187594618221,1
2023-09-13,20070.0,20096.900390625,19944.099609375,19989.5,251400,19921.309765625,19528.42509765625,0.003841345269944396,0.0042171433116543824,80.54007528300964,1
2023-09-14,20103.099609375,20167.650390625,20043.44921875,20127.94921875,275100,19996.51953125,19565.317578125,0.001649208239910216,0.003115525044619991,90.61022812744521,1
2023-09-15,20192.349609375,20222.44921875,20129.69921875,20156.44921875,438200,20070.999609375,19609.4275390625,0.004439613877174287,0.0025584107970062983,91.036286391744,0
2023-09-18,20133.30078125,20195.349609375,20115.69921875,20155.94921875,264900,20098.38984375,19646.41259765625,-0.002924316846098174,0.003293228639742313,85.86217954964644,0
2023-09-20,19901.400390625,20050.650390625,19878.849609375,19980.75,378100,20080.030078125,19671.66015625,-0.011518249945432046,0.0056796591288922746,70.83389037678664,0
2023-09-21,19742.349609375,19848.75,19709.94921875,19840.55078125,275100,20014.5,19686.57763671875,-0.007991939166498319,0.006446108981744462,67.51259866445056,0
2023-09-22,19674.25,19798.650390625,19657.5,19744.849609375,246400,19928.730078125,19700.95517578125,-0.003449417659114995,0.006280172855414911,59.323397886304264,1
2023-09-25,19674.55078125,19734.150390625,19601.55078125,19678.19921875,188400,19825.1703125,19721.39267578125,1.5288066889551644e-05,0.006039102458592904,56.132968651378086,0
2023-09-26,19664.69921875,19699.349609375,19637.44921875,19682.80078125,204900,19731.45,19739.32509765625,-0.0005007261720755274,0.005021153836521488,53.89751197389056,1
2023-09-27,19716.44921875,19730.69921875,19554.0,19637.05078125,203600,19694.459765625,19758.0150390625,0.002631619198663282,0.0051885423369995975,54.51345908078124,0
2023-09-28,19523.55078125,19766.650390625,19492.099609375,19761.80078125,352800,19650.7,19766.8201171875,-0.009783629666773708,0.005447350558674868,41.82402571313781,1
2023-09-29,19638.30078125,19726.25,19551.05078125,19581.19921875,243500,19643.51015625,19786.0451171875,0.005877516917168757,0.0059656309040551185,42.82788275866323,0
2023-10-03,19528.75,19623.19921875,19479.650390625,19622.400390625,221700,19614.35,19790.717578125,-0.005578424654468894,0.005529507839411979,30.50859324752298,0
2023-10-04,19436.099609375,19457.80078125,19333.599609375,19446.30078125,277100,19568.630078125,19786.08251953125,-0.004744307271330683,0.0055448860542758405,28.39027287645328,1
2023-10-05,19545.75,19576.94921875,19487.30078125,19521.849609375,234900,19534.490234375,19784.625,0.005641584105285702,0.00544351969413942,30.169861167751193,1
2023-10-06,19653.5,19675.75,19589.400390625,19621.19921875,159100,19560.480078125,19786.7474609375,0.0055127073660514725,0.0054085083103765415,33.90265017643134,0
2023-10-09,19512.349609375,19588.94921875,19480.5,19539.44921875,165100,19535.28984375,19776.01240234375,-0.00718194675884698,0.005757008419318974,26.52585958127355,1
2023-10-10,19689.849609375,19717.80078125,19565.44921875,19565.599609375,216600,19567.509765625,19769.507421875,0.00909680297624016,0.006561870576512708,35.848990749524134,1
2023-10-11,19811.349609375,19839.19921875,19756.94921875,19767.0,213700,19642.559765625,19760.257421875,0.006170692128707245,0.006828074322585394,46.90855889200004,0
2023-10-12,19794.0,19843.30078125,19772.650390625,19822.69921875,217900,19692.209765625,19750.2974609375,-0.0008757409120068171,0.006811557300910678,51.964263696366196,0
2023-10-13,19751.05078125,19805.400390625,19635.30078125,19654.55078125,255000,19711.719921875,19734.35,-0.0021698099802970328,0.005911104809607443,52.97769417637473,0
2023-10-16,19731.75,19781.30078125,19691.849609375,19737.25,181000,19755.6,19715.78251953125,-0.0009772027556287366,0.005698818241908081,52.18550934024274,1
2023-10-17,19811.5,19849.75,19775.650390625,19843.19921875,185800,19779.930078125,19696.7400390625,0.004041709427698992,0.0053627707481114645,55.32465655603917,0
2023-10-18,19671.099609375,19840.94921875,19659.94921875,19820.44921875,198900,19751.880078125,19673.62998046875,-0.007086812741337156,0.00570379576041757,48.45450031350633,0
2023-10-19,19624.69921875,19681.80078125,19512.349609375,19545.19921875,230300,19718.019921875,19659.794921875,-0.0023588102112444,0.005573863517992549,53.829487676249016,0
2023-10-20,19542.650390625,19593.80078125,19518.69921875,19542.150390625,198300,19676.33984375,19649.8099609375,-0.004180896084593599,0.005430290461306503,46.28672294751081,0
2023-10-23,19281.75,19556.849609375,19257.849609375,19521.599609375,176000,19586.33984375,19630.1849609375,-0.013350307425555652,0.006510040248295984,41.41944466307153,0
2023-10-25,19122.150390625,19347.30078125,19074.150390625,19286.44921875,225300,19448.469921875,19602.56494140625,-0.008277236732921023,0.005738552898995642,39.57844917012448,0
2023-10-26,18857.25,19041.69921875,18837.849609375,19027.25,300400,19285.7,19562.19248046875,-0.013853064912347501,0.00571273458390688,29.280770388203422,1
2023-10-27,19047.25,19076.150390625,18926.650390625,18928.75,205200,19170.21015625,19528.73251953125,0.010075700327460302,0.007378607842331615,32.61648745519713,1
2023-10-30,19140.900390625,19158.5,18940.0,19053.400390625,180100,19089.86015625,19509.6,0.004916740769664862,0.00787746859770324,39.05087048636698,0
2023-10-31,19079.599609375,19233.69921875,19056.44921875,19232.94921875,206000,19049.430078125,19481.66494140625,-0.0032026069828995363,0.00784203266533294,30.688911798226428,0
2023-11-01,18989.150390625,19096.05078125,18973.69921875,19064.05078125,194100,19022.830078125,19454.6849609375,-0.004740624572936891,0.007404615636854224,23.460322183666875,1
2023-11-02,19133.25,19175.25,19064.150390625,19120.0,245600,19078.030078125,19439.54248046875,0.007588523257266999,0.008183479520538843,30.284947038639416,1
2023-11-03,19230.599609375,19276.25,19210.900390625,19241.0,189500,19114.7,19423.7849609375,0.005087980838331285,0.008552352512152873,34.95936611363038,1
2023-11-06,19411.75,19423.0,19309.69921875,19345.849609375,180700,19168.869921875,19411.6974609375,0.00941990339899168,0.00922116921571749,41.54334038054969,0
2023-11-07,19406.69921875,19423.5,19329.099609375,19404.05078125,198700,19234.28984375,19406.41494140625,-0.000260191958478706,0.008072977490041312,38.862581653336306,1
2023-11-08,19443.5,19464.400390625,19401.5,19449.599609375,195000,19325.159765625,19394.0974609375,0.0018962926582819506,0.0074352404767393954,43.35941373238434,0
2023-11-09,19395.30078125,19463.900390625,19378.349609375,19457.400390625,208400,19377.569921875,19373.29501953125,-0.002478937369815082,0.005378311615881124,43.31394819294666,1
2023-11-10,19425.349609375,19451.30078125,19329.44921875,19351.849609375,152200,19416.519921875,19354.8625,0.001549283945833313,0.004740029847466567,46.47427769011121,1
2023-11-13,19443.55078125,19494.400390625,19414.75,19486.75,189300,19422.880078125,19339.4875,0.0009369804014345284,0.004631675095758606,55.69399958760052,1
2023-11-15,19675.44921875,19693.19921875,19579.650390625,19651.400390625,291500,19476.630078125,19336.6724609375,0.011926753508604282,0.0053163712403223,68.5285303355148,1
2023-11-16,19765.19921875,19875.25,19627.0,19674.69921875,282700,19540.969921875,19334.357421875,0.004561522280999375,0.004552406288108711,84.44553120229997,0
2023-11-17,19731.80078125,19806.0,19667.44921875,19674.75,236800,19608.269921875,19337.39248046875,-0.0016897597201204206,0.004688403373361542,79.47225912783169,0
2023-11-20,19694.0,19756.44921875,19670.5,19731.150390625,173800,19662.0,19340.85751953125,-0.0019157289123818977,0.004876931313807797,75.0158564702349,1
2023-11-21,19783.400390625,19829.099609375,19754.05078125,19770.900390625,195000,19729.969921875,19352.89501953125,0.0045394734754240496,0.004306635468361124,81.0427944769315,1
2023-11-22,19811.849609375,19825.55078125,19703.849609375,19784.0,184500,19757.25,19379.4,0.0014380348265852216,0.004244738650367434,88.38657232738791,0
2023-11-23,19802.0,19875.150390625,19786.75,19828.44921875,170000,19764.61015625,19413.39248046875,-0.0004971574875239915,0.0043227834959158416,85.67246344197599,0
2023-11-24,19794.69921875,19832.849609375,19768.849609375,19809.599609375,145900,19777.18984375,19460.26494140625,-0.00036868908443588033,0.0041361596830865755,83.28811457365663,1
2023-11-28,19889.69921875,19916.849609375,19800.0,19844.650390625,229600,19816.3296875,19502.38740234375,0.004799264638990497,0.004219457451652945,81.39658410912786,1
2023-11-29,20096.599609375,20104.650390625,19956.30078125,19976.55078125,236200,19878.96953125,19550.17236328125,0.010402389113554511,0.004872628973902395,85.82044599486872,1
2023-11-30,20133.150390625,20158.69921875,20015.849609375,20108.5,486600,19943.2296875,19602.84990234375,0.0018187545137213768,0.003824411455623735,85.81676394273391,1
2023-12-01,20267.900390625,20291.55078125,20183.69921875,20194.099609375,265800,20036.409765625,19666.78740234375,0.0066929416105065975,0.00401838424971043,91.58012884347993,1
2023-12-04,20686.80078125,20702.650390625,20507.75,20601.94921875,381100,20214.830078125,19744.46494140625,0.020668169003769332,0.006723802435768313,93.85671971784505,1
2023-12-05,20855.099609375,20864.05078125,20711.150390625,20808.900390625,421000,20407.91015625,19825.68994140625,0.008135565760247543,0.006356599684255277,94.43729148297493,1
2023-12-06,20937.69921875,20961.94921875,20852.150390625,20950.75,359200,20576.130078125,19901.98740234375,0.003960643244200535,0.0063715954661673095,93.86013014053766,0
2023-12-07,20901.150390625,20941.25,20850.80078125,20932.400390625,275000,20729.730078125,19976.7099609375,-0.0017455990623970186,0.006680534640844841,90.9869302878212,1
2023-12-08,20969.400390625,21006.099609375,20862.69921875,20934.099609375,292400,20870.030078125,20053.00498046875,0.003265370504707432,0.0064129298738567694,93.5590577812241,1
2023-12-11,20997.099609375,21026.099609375,20923.69921875,20965.30078125,212900,20932.08984375,20133.094921875,0.001320935183362959,0.00625371244357149,96.19288953508499,0
2023-12-12,20906.400390625,21037.900390625,20867.150390625,21018.55078125,244900,20942.35,20207.1474609375,-0.004319607014175553,0.007051196855026198,89.77201040340877,1
2023-12-13,20926.349609375,20950.0,20769.5,20929.75,260300,20940.080078125,20281.28740234375,0.0009542158562574343,0.006880788537653789,89.71005778802152,1
2023-12-14,21182.69921875,21210.900390625,21074.44921875,21110.400390625,334400,20996.38984375,20356.64990234375,0.012250087289956912,0.0072798389571469705,91.8445215793611,1
2023-12-15,21456.650390625,21492.30078125,21235.30078125,21287.44921875,508800,21093.83984375,20441.2224609375,0.012932779200891975,0.007685902501097117,93.3602114100697,0
2023-12-18,21418.650390625,21482.80078125,21365.349609375,21434.80078125,249700,21178.15,20525.56494140625,-0.0017710126840955187,0.005915821676747283,91.1130554799866,1
2023-12-19,21453.099609375,21505.05078125,21337.75,21477.650390625,249800,21287.48984375,20613.519921875,0.0016083748565725031,0.005703606753885782,90.20459813231265,0
2023-12-20,21150.150390625,21593.0,21087.349609375,21543.5,363900,21332.25,20681.857421875,-0.01412146609423337,0.00779403326092572,76.03160763814594,1
2023-12-21,21255.05078125,21288.349609375,20976.80078125,21033.94921875,277500,21346.7203125,20754.01748046875,0.004959794076523361,0.00781640971428197,75.6596656360581,1
2023-12-22,21349.400390625,21390.5,21232.44921875,21295.849609375,284700,21325.2703125,20831.3875,0.004438926556610712,0.007851123805634753,70.71926320868221,1
2023-12-26,21441.349609375,21477.150390625,21329.44921875,21365.19921875,219500,21329.81015625,20913.72001953125,0.004306875934107168,0.007886511268364649,69.25104605730675,1
2023-12-27,21654.75,21675.75,21495.80078125,21497.650390625,256500,21370.140234375,21001.97255859375,0.0099527499207277,0.007882298892461516,71.68353485383267,1
2023-12-28,21778.69921875,21801.44921875,21678.0,21715.0,393100,21495.85,21086.0775390625,0.005723881307796219,0.0078519467722545,75.20466996442327,0
2023-12-29,21731.400390625,21770.30078125,21676.900390625,21737.650390625,270900,21591.119921875,21165.9900390625,-0.0021717930740454694,0.007490112898181254,72.15252116204437,1
2024-01-01,21741.900390625,21834.349609375,21680.849609375,21727.75,154000,21669.619921875,21239.6900390625,0.00048317180721269004,0.006555580143580979,71.87122897978848,0
2024-01-02,21665.80078125,21755.599609375,21555.650390625,21751.349609375,263700,21714.51015625,21288.6400390625,-0.003500136051024061,0.006668612180425346,72.49281214386126,0
2024-01-03,21517.349609375,21677.0,21500.349609375,21661.099609375,311900,21687.030078125,21321.7525390625,-0.00685186637566948,0.00712741885574895,66.26667297424572,1
2024-01-04,21658.599609375,21685.650390625,21564.55078125,21605.80078125,339200,21663.01015625,21357.79755859375,0.006564470186349425,0.00521498109269364,63.98474689697842,1
2024-01-05,21710.80078125,21749.599609375,21629.19921875,21705.75,309300,21658.890234375,21398.280078125,0.002410182228605562,0.005137161573163751,58.5876237904732,0
2024-01-08,21513.0,21763.94921875,21492.900390625,21747.599609375,231500,21613.11015625,21425.46005859375,-0.00911070868564301,0.006149345030580828,52.87730404110316,1
2024-01-09,21544.849609375,21724.44921875,21517.849609375,21653.599609375,228600,21588.919921875,21452.84755859375,0.0014804820050666745,0.006033119968024835,52.80246934202583,1
2024-01-10,21618.69921875,21641.849609375,21448.650390625,21529.30078125,217000,21609.18984375,21488.4625,0.0034277152411805734,0.005191025609760848,66.6405852231975,1
2024-01-11,21647.19921875,21726.5,21593.75,21688.0,212500,21606.909765625,21524.50498046875,0.0013183031833516878,0.004809642440977263,64.72637604114408,1
2024-01-12,21894.55078125,21928.25,21715.150390625,21773.55078125,294700,21643.659765625,21560.09755859375,0.011426492637705898,0.00607118058602612,68.3620182648522,1
2024-01-15,22097.44921875,22115.55078125,21963.55078125,22053.150390625,345500,21760.549609375,21592.1375,0.009267074694848665,0.0066351470083109805,70.5622241673757,0
2024-01-16,22032.30078125,22124.150390625,21969.80078125,22080.5,292400,21858.03984375,21622.82001953125,-0.0029482333845447517,0.006589751947212603,63.04464599022863,0
2024-01-17,21571.94921875,21851.5,21550.44921875,21647.25,456000,21848.68984375,21628.7625,-0.020894393512082443,0.009477641733023108,44.203977756800974,0
2024-01-18,21462.25,21539.400390625,21285.55078125,21414.19921875,387300,21811.7,21644.36748046875,-0.0050852715087356115,0.009336193483552135,42.709709912001244,1
2024-01-19,21622.400390625,21670.599609375,21575.0,21615.19921875,343100,21757.269921875,21662.7349609375,0.00746195718645537,0.009664361188180185,47.00591535290503,0
2024-01-23,21238.80078125,21750.25,21192.599609375,21716.69921875,449700,21585.540234375,21657.20498046875,-0.01774084294273448,0.010845235049206408,40.72989209523842,1
2024-01-24,21453.94921875,21482.349609375,21137.19921875,21185.25,407500,21469.869921875,21657.8349609375,0.010129971071150878,0.011415243191591103,48.662325470994446,0
2024-01-25,21352.599609375,21459.0,21247.05078125,21454.599609375,418100,21426.0,21642.72744140625,-0.004724053755400193,0.01140546820627154,43.43319015380901,1
2024-01-29,21737.599609375,21763.25,21429.599609375,21433.099609375,376700,21481.069921875,21640.6724609375,0.018030591452244726,0.012934024092241845,50.50322709364989,0
2024-01-30,21522.099609375,21813.05078125,21501.80078125,21775.75,375100,21461.009765625,21630.207421875,-0.009913698102483215,0.012687657663004124,50.16974371940952,1
2024-01-31,21725.69921875,21741.349609375,21448.849609375,21487.25,410600,21558.389453125,21629.39736328125,0.009460025419002926,0.012706223880859778,53.17041236075626,0
2024-02-01,21697.44921875,21832.94921875,21658.75,21780.650390625,332500,21607.089453125,21630.97978515625,-0.0013003033741542103,0.01269780145196895,51.40296961902695,1
2024-02-02,21853.80078125,22126.80078125,21805.55078125,21812.75,442800,21707.3296875,21647.80234375,0.007205988175093214,0.010900628064977876,53.52033929441459,0
2024-02-05,21771.69921875,21964.30078125,21726.94921875,21921.05078125,440800,21714.149609375,21653.45732421875,-0.0037568550808078083,0.010821262697407626,47.781780838536214,1
2024-02-06,21929.400390625,21951.400390625,21737.55078125,21825.19921875,371000,21795.609765625,21664.3873046875,0.007243402101531293,0.010808063140992768,46.91534800880213,1
2024-02-07,21930.5,22053.30078125,21860.150390625,22045.05078125,346300,21836.569921875,21685.2623046875,5.014315737827957e-05,0.008517104936740797,48.086381225814506,0
2024-02-08,21717.94921875,22011.05078125,21665.30078125,22009.650390625,491100,21840.669921875,21693.91728515625,-0.009692017110872975,0.009027389673516727,53.02640656326012,1
2024-02-09,21782.5,21804.44921875,21629.900390625,21727.0,349200,21826.409765625,21702.10732421875,0.0029722318898448563,0.008785331685625104,56.7650262402218,0
2024-02-12,21616.05078125,21831.69921875,21574.75,21800.80078125,287400,21795.280078125,21700.54990234375,-0.0076414194307357075,0.0071975934614195766,49.86622555252427,1
2024-02-13,21743.25,21766.80078125,21543.349609375,21664.30078125,365800,21758.05,21692.98486328125,0.005884480011507653,0.006621604088281966,61.9150824669597,1
2024-02-14,21840.05078125,21870.849609375,21530.19921875,21578.150390625,359100,21739.96015625,21680.11494140625,0.004451992284961959,0.006081605298270254,59.659765019536096,1
2024-02-15,21910.75,21953.849609375,21794.80078125,21906.55078125,345400,21778.5203125,21674.03740234375,0.0032371361888359207,0.006098144416324702,64.18170575688731,1
2024-02-16,22040.69921875,22068.650390625,21968.94921875,22020.30078125,343900,21830.16015625,21697.47490234375,0.005930843022260657,0.005965746267181389,58.84805947853653,1
2024-02-19,22122.25,22186.650390625,22021.05078125,22103.44921875,0,21931.4,21730.47490234375,0.0037000088082788096,0.005786783390634195,69.0058920819968,1
2024-02-20,22196.94921875,22215.599609375,22045.849609375,22099.19921875,295700,22022.13984375,21759.20234375,0.0033766555730090353,0.005490404739825097,66.25052534025883,0
2024-02-21,22055.05078125,22249.400390625,21997.94921875,22248.849609375,364500,22065.13984375,21800.01484375,-0.006392700010330099,0.005998377385833246,61.43518819232441,1
2024-02-22,22217.44921875,22252.5,21875.25,22081.55078125,343500,22126.4796875,21838.18984375,0.0073633218581414805,0.005111453622306637,61.583754323967845,0
2024-02-23,22212.69921875,22297.5,22186.099609375,22290.0,226000,22160.8796875,21881.19482421875,-0.0002137959201901074,0.005163116849587229,64.77588030196739,0
2024-02-26,22122.05078125,22202.150390625,22075.150390625,22169.19921875,207800,22160.83984375,21900.4173828125,-0.004080928508836235,0.004507883213638763,56.75850491623557,1
2024-02-27,22198.349609375,22218.25,22085.650390625,22090.19921875,252200,22161.119921875,21934.2298828125,0.003448994348646428,0.004357532712624865,58.92568212260178,0
2024-02-28,21951.150390625,22229.150390625,21915.849609375,22214.099609375,203000,22140.33984375,21945.50244140625,-0.011135927809948543,0.005922612144287993,57.59567513648792,1
2024-02-29,21982.80078125,22060.55078125,21860.650390625,21935.19921875,360200,22093.41015625,21959.77001953125,0.0014418556686905948,0.005858069117716972,56.666952707112785,1
2024-03-01,22338.75,22353.30078125,22047.75,22048.30078125,351500,22118.6203125,21984.01748046875,0.016192168700068565,0.007588575866934341,71.36025566128575,1
2024-03-04,22405.599609375,22440.900390625,22358.30078125,22403.5,298800,22175.330078125,22015.7125,0.0029925402887358565,0.007567708803605888,70.30076133167793,0
2024-03-05,22356.30078125,22416.900390625,22269.150390625,22371.25,296200,22206.9203125,22037.05751953125,-0.00220029050703785,0.00760301499888847,66.29741801348088,1
2024-03-06,22474.05078125,22497.19921875,22224.349609375,22327.5,312300,22311.500390625,22064.23505859375,0.005266971542034149,0.007274309949918108,67.26972896327734,1
2024-03-07,22493.55078125,22525.650390625,22430.0,22505.30078125,379900,22413.650390625,22103.01513671875,0.0008676673462120199,0.007018515646412885,64.89210832586137,0
2024-03-11,22332.650390625,22526.599609375,22307.25,22517.5,277900,22412.43046875,22130.52265625,-0.007153178801771132,0.0075063030201684994,56.57587111597829,1
2024-03-12,22335.69921875,22452.55078125,22256.0,22334.44921875,299200,22398.450390625,22166.505078125,0.0001365188668460693,0.007332803511521737,54.539830881074835,0
2024-03-13,21997.69921875,22446.75,21905.650390625,22432.19921875,493300,22326.730078125,22179.2275390625,-0.015132725270416536,0.008838922996851453,48.336905252760495,1
2024-03-14,22146.650390625,22204.599609375,21917.5,21982.55078125,426700,22261.25,22194.55751953125,0.006771215952804832,0.008327723125804074,47.930820719078184,0
2024-03-15,22023.349609375,22120.900390625,21931.69921875,22064.849609375,661500,22167.209765625,22200.1875,-0.005567468627318717,0.008570209477561269,44.82466301881756,1
2024-03-18,22055.69921875,22123.69921875,21916.55078125,21990.099609375,356300,22111.81953125,22200.9375,0.0014688778023679294,0.006546671225251043,48.12677000714619,0
2024-03-19,21817.44921875,21978.30078125,21793.099609375,21946.44921875,344200,22008.16953125,22185.6974609375,-0.010802196640288697,0.006990536304759121,40.14741915438595,1
2024-03-20,21839.099609375,21930.900390625,21710.19921875,21843.900390625,312400,21976.449609375,22167.80498046875,0.0009923428906801757,0.007084837417051867,46.7187668008062,1
2024-03-21,22011.94921875,22080.94921875,21941.30078125,21989.900390625,353200,21949.509375,22165.64990234375,0.0079146856998078,0.007440239503879065,50.78837157213673,1
2024-03-22,22096.75,22180.69921875,21883.30078125,21932.19921875,388700,21964.189453125,22159.61494140625,0.0038524885010076115,0.007627819627582574,42.32963549920761,0
2024-03-26,22004.69921875,22073.19921875,21947.55078125,21947.900390625,328400,21953.989453125,22149.21494140625,-0.00416580634029895,0.007449188209364469,37.4929775537636,1
2024-03-27,22123.650390625,22193.599609375,22052.849609375,22053.94921875,409100,22015.2296875,22149.294921875,0.005405716783151604,0.007754244746389755,43.04422215604178,1
2024-03-28,22326.900390625,22516.0,22163.599609375,22163.599609375,410500,22112.78984375,22155.7224609375,0.009187001078543977,0.006518909239764731,45.81448655086937,1
2024-04-01,22462.0,22529.94921875,22427.75,22455.0,0,22202.8,22181.26494140625,0.006050979178091831,0.006457963292269448,49.15795114302633,0
2024-04-02,22453.30078125,22497.599609375,22388.150390625,22458.80078125,289500,22274.11015625,22204.78994140625,-0.0003872860275131451,0.006027383817052568,53.50472777695195,0
2024-04-03,22434.650390625,22521.099609375,22346.5,22385.69921875,309600,22360.100390625,22209.5849609375,-0.0008306302403686683,0.0060913744210411595,52.84857562784714,1
2024-04-04,22514.650390625,22619.0,22303.80078125,22592.099609375,401000,22438.300390625,22215.0375,0.003565912488363576,0.0042144145541285856,67.47810606030589,0
2024-04-05,22513.69921875,22537.599609375,22427.599609375,22486.400390625,242200,22475.66015625,22222.907421875,-4.224679746289706e-05,0.004285598619674552,63.78997852940357,1
2024-04-08,22666.30078125,22697.30078125,22550.349609375,22578.349609375,227600,22516.5203125,22232.519921875,0.006778164752814453,0.004155500070844511,73.6352292292206,0
2024-04-09,22642.75,22768.400390625,22612.25,22765.099609375,232400,22554.41015625,22239.9798828125,-0.0010390218270411866,0.0043209425784369515,71.72081272564873,1
2024-04-10,22753.80078125,22775.69921875,22673.69921875,22720.25,276800,22618.240234375,22261.03740234375,0.0049044741142307835,0.003682120826983465,88.24477318561254,0
2024-04-12,22519.400390625,22726.44921875,22503.75,22677.400390625,357200,22619.190234375,22270.2224609375,-0.010301592814249916,0.005575567105240974,73.67241360561971,0
2024-04-15,22272.5,22427.44921875,22259.55078125,22339.05078125,355500,22570.950390625,22283.9625,-0.010963897188301042,0.006209898201192313,58.6220446995256,0
2024-04-16,22147.900390625,22213.75,22079.44921875,22125.30078125,317300,22467.2703125,22284.025,-0.005594325260972033,0.005989905178706676,51.64920836235354,0
2024-04-18,21995.849609375,22326.5,21961.69921875,22212.349609375,456900,22337.890234375,22282.65,-0.0068652458503182245,0.006215336091129972,49.72529637798636,1
2024-04-19,22147.0,22179.55078125,21777.650390625,21861.5,362500,22216.530078125,22287.2150390625,0.0068717686886063944,0.006828698584873209,50.710597924614206,1
2024-04-22,22336.400390625,22375.650390625,22198.150390625,22336.900390625,279300,22179.930078125,22313.16259765625,0.008551965982977361,0.007380643311433615,50.291571054859,1
2024-04-23,22368.0,22447.55078125,22349.44921875,22447.05078125,231500,22199.030078125,22339.6076171875,0.0014147135985376202,0.007410923798141294,46.91925593066277,1
2024-04-24,22402.400390625,22476.44921875,22384.0,22421.55078125,235900,22249.930078125,22359.13017578125,0.0015379287654238016,0.0070034029012222025,48.359434901777604,1
2024-04-25,22570.349609375,22625.94921875,22305.25,22316.900390625,475000,22364.830078125,22382.81015625,0.0074969296067168845,0.00751939028282491,53.989732517141185,0
2024-04-26,22419.94921875,22620.400390625,22385.55078125,22620.400390625,329900,22419.419921875,22403.57265625,-0.006663626980883297,0.0075204916100508196,47.326345043589505,1
2024-04-29,22643.400390625,22655.80078125,22441.900390625,22475.55078125,292000,22480.819921875,22429.56015625,0.00996662256880243,0.007601103848767364,53.25309231635928,0
2024-04-30,22604.849609375,22783.349609375,22568.400390625,22679.650390625,361900,22528.18984375,22443.4576171875,-0.00170251731563964,0.006527287928743217,48.36518646840164,1
2024-05-02,22648.19921875,22710.5,22567.849609375,22567.849609375,445900,22577.349609375,22452.767578125,0.0019177127972140884,0.006033517454925206,50.143456826179694,0
2024-05-03,22475.849609375,22794.69921875,22348.05078125,22766.349609375,438100,22558.449609375,22453.89501953125,-0.007609859296553445,0.006161778052599244,42.91140791569661,0
2024-05-06,22442.69921875,22588.80078125,22409.44921875,22561.599609375,320300,22562.999609375,22454.2974609375,-0.0014749338156797576,0.006019007215003585,47.82012582666029,0
2024-05-07,22302.5,22499.05078125,22232.05078125,22489.75,297800,22494.81953125,22443.68994140625,-0.006246985595782073,0.005867125303730981,50.907659797762044,0
2024-05-08,22302.5,22368.650390625,22185.19921875,22231.19921875,277400,22434.349609375,22433.12998046875,0.0,0.0058425730598946814,55.058881274949286,0
2024-05-09,21957.5,22307.75,21932.400390625,22224.80078125,331300,22296.209765625,22397.68994140625,-0.01546911781190452,0.007496471478804474,48.885801933206,1
2024-05-10,22055.19921875,22131.30078125,21950.30078125,21990.94921875,265800,22212.0796875,22368.31240234375,0.0044494691449390444,0.007121014350279555,47.24735288605697,1
2024-05-13,22104.05078125,22131.650390625,21821.05078125,22027.94921875,278200,22144.35,22335.82490234375,0.0022149680905385605,0.007067486071320698,42.3917144943905,1
2024-05-14,22217.849609375,22270.05078125,22081.25,22112.900390625,230200,22127.419921875,22320.74736328125,0.005148324587705533,0.006332866574605058,45.33448236100912,0
2024-05-15,22200.55078125,22297.55078125,22151.75,22255.599609375,231900,22107.030078125,22317.14990234375,-0.0007786004689536163,0.006342432145413174,43.66069665046882,1
2024-05-16,22403.849609375,22432.25,22054.55078125,22319.19921875,368900,22196.3,22329.94736328125,0.009157377676264788,0.007171090623103611,44.88447339743743,1
2024-05-17,22466.099609375,22502.150390625,22345.650390625,22415.25,242700,22278.480078125,22353.45986328125,0.0027785403439750667,0.00686279954901287,51.49912129882818,1
2024-05-21,22529.05078125,22591.099609375,22404.55078125,22404.55078125,347600,22363.480078125,22372.56240234375,0.002802051667603722,0.006895392736028526,45.85313612468286,1
2024-05-22,22597.80078125,22629.5,22483.150390625,22576.599609375,290300,22439.4703125,22385.632421875,0.0030516154749500313,0.006515076720462858,49.749854792405124,1
2024-05-23,22967.650390625,22993.599609375,22577.44921875,22614.099609375,369800,22592.890234375,22415.61494140625,0.01636661960848307,0.008023449037551793,59.203713019765935,0
2024-05-24,22957.099609375,23026.400390625,22908.0,22930.75,261900,22703.540234375,22443.34990234375,-0.0004593757337192361,0.005039269571174963,65.29089943254877,0
2024-05-27,22932.44921875,23110.80078125,22871.19921875,23038.94921875,260000,22796.81015625,22461.4548828125,-0.0010737589261899938,0.005336088979582857,65.6454809098578,0
2024-05-28,22888.150390625,22998.55078125,22858.5,22977.150390625,217900,22868.630078125,22484.86494140625,-0.0019317094176221072,0.00563606367571734,69.93027630258356,0
2024-05-29,22704.69921875,22825.5,22685.44921875,22762.75,269900,22890.009765625,22487.9298828125,-0.008015115627261094,0.006654998448948745,62.16794968458323,0
2024-05-30,22488.650390625,22705.75,22417.0,22617.44921875,373400,22794.209765625,22482.119921875,-0.009515599658179275,0.007595114529893108,67.42907535515197,1
2024-05-31,22530.69921875,22653.75,22465.099609375,22568.099609375,572100,22708.9296875,22476.244921875,0.0018697799732139142,0.007092103461391365,66.19442677997941,1
2024-06-03,23263.900390625,23338.69921875,23062.30078125,23337.900390625,569400,22775.219921875,22515.6474609375,0.03254231769535276,0.012384643165491548,76.94257898667306,0
2024-06-04,21884.5,23179.5,21281.44921875,23179.5,1006100,22574.48984375,22487.7375,-0.05929359941641077,0.023440907495164757,45.12368567364993,1
2024-06-05,22620.349609375,22670.400390625,21791.94921875,22128.349609375,638500,22557.619921875,22503.62998046875,0.033624236760035675,0.02610848490176735,55.07420185378332,1
2024-06-06,22821.400390625,22910.150390625,22642.599609375,22798.599609375,480400,22624.169921875,22529.575,0.008888049244237806,0.025704664939228457,55.049773524793224,1
2024-06-07,23290.150390625,23320.19921875,22789.05078125,22821.849609375,473600,22776.06015625,22596.20751953125,0.020539931466807104,0.026537772774068442,59.0737471805433,0
2024-06-10,23259.19921875,23411.900390625,23227.150390625,23319.150390625,304400,22775.119921875,22656.40751953125,-0.0013289382574128705,0.026540926582890315,58.09683383206298,1
2024-06-11,23264.849609375,23389.44921875,23206.650390625,23283.75,305200,23051.18984375,22714.4474609375,0.0002429314342191624,0.026516416074513,57.50209227998111,1
2024-06-12,23322.94921875,23441.94921875,23295.94921875,23344.44921875,295600,23191.709765625,22769.70244140625,0.002497312914139238,0.026284584156887853,54.297274555669006,1
2024-06-13,23398.900390625,23481.05078125,23353.900390625,23480.94921875,268300,23307.209765625,22829.619921875,0.0032564994745150067,0.02591622725068759,55.26028164350024,1
2024-06-14,23465.599609375,23490.400390625,23334.25,23464.94921875,223100,23342.299609375,22882.707421875,0.0028505279152657437,0.02590793100676047,56.28499974443078,1
2024-06-18,23557.900390625,23579.05078125,23499.69921875,23570.80078125,272200,23402.03984375,22937.2974609375,0.003933450786960613,0.023959073431533674,57.80693925871961,0
2024-06-19,23516.0,23664.0,23412.900390625,23629.849609375,328800,23452.269921875,22986.644921875,-0.0017786131162043084,0.011294072924387596,59.77965142395959,1
2024-06-20,23567.0,23624.0,23442.599609375,23586.150390625,280300,23501.080078125,23035.1048828125,0.0021687361796223215,0.006503816973674071,63.53739982081393,0
2024-06-21,23501.099609375,23667.099609375,23398.19921875,23661.150390625,609900,23521.519921875,23061.77734375,-0.00279629951309035,0.006602260059724975,62.10970575202797,1
2024-06-24,23537.849609375,23558.099609375,23350.0,23382.30078125,239400,23535.969921875,23090.81484375,0.00156375661610908,0.002336655807564314,54.13788830869988,1
2024-06-25,23721.30078125,23754.150390625,23562.05078125,23577.099609375,298100,23568.65,23130.257421875,0.007793879853915442,0.0029895761149064245,93.4374665134445,1
2024-06-26,23868.80078125,23889.900390625,23670.44921875,23723.099609375,287800,23639.21015625,23179.28994140625,0.006218040121837909,0.003195352805124234,90.90720591228086,1
2024-06-27,24044.5,24087.44921875,23805.400390625,23881.55078125,515200,23734.71015625,23246.27998046875,0.007361040898544724,0.003535040906827922,90.75359002692927,0
2024-06-28,24010.599609375,24174.0,23985.80078125,24085.900390625,354800,23836.61015625,23322.37744140625,-0.0014099020825968367,0.0038035869468185926,83.79998020767283,1
2024-07-01,24141.94921875,24164.0,23992.69921875,23992.94921875,0,23957.430078125,23402.93994140625,0.005470484349075377,0.003912173897853446,87.84882844557589,0
2024-07-02,24123.849609375,24236.349609375,24056.400390625,24228.75,0,24037.93984375,23445.93740234375,-0.0007497161563467802,0.004046395431836992,86.44149249971828,1
2024-07-03,24286.5,24309.150390625,24207.099609375,24291.75,0,24121.4796875,23566.03740234375,0.006742306607722792,0.00396882752222828,87.54623470639629,1
2024-07-04,24302.150390625,24401.0,24281.0,24369.94921875,251200,24173.009765625,23650.12744140625,0.0006444070008029268,0.004042963445049501,86.93211946973327,1
2024-07-05,24323.849609375,24363.0,24168.849609375,24213.349609375,298400,24235.659765625,23725.24990234375,0.0008928929498506211,0.0035896993340164694,86.43285908533147,0
2024-07-08,24320.55078125,24344.599609375,24240.55078125,24329.44921875,266300,24271.380078125,23776.769921875,-0.00013562113637344275,0.0037266709809716586,85.02092410460438,1
2024-07-09,24433.19921875,24443.599609375,24331.900390625,24351.0,250500,24333.25,23835.469921875,0.004631820986013446,0.0034231682094428392,89.54816628881919,0
2024-07-10,24324.44921875,24461.05078125,24141.80078125,24459.849609375,292300,24340.83984375,23888.44990234375,-0.004450911197766749,0.003923252005547119,81.1106369187623,0
2024-07-11,24315.94921875,24402.650390625,24193.75,24396.55078125,306400,24343.599609375,23938.09990234375,-0.0003494426502141934,0.003461118866767555,85.12442477011852,1
2024-07-12,24502.150390625,24592.19921875,24331.150390625,24387.94921875,325800,24379.259765625,23993.26240234375,0.007657573644356042,0.003884085889908939,86.82228241737916,1
2024-07-15,24586.69921875,24635.05078125,24522.75,24587.599609375,305400,24432.489453125,24049.3173828125,0.003450669707641296,0.003735270992508743,85.74561049672946,1
2024-07-16,24613.0,24661.25,24587.650390625,24615.900390625,283200,24468.449609375,24102.07236328125,0.0010697158254551198,0.00363852752606747,84.15961414329772,1
2024-07-18,24800.849609375,24837.75,24504.44921875,24543.80078125,350900,24563.7296875,24166.31484375,0.007632129743428306,0.0037752833024345452,84.33435412569754,0
2024-07-19,24530.900390625,24854.80078125,24508.150390625,24853.80078125,343800,24606.719921875,24214.50986328125,-0.010884676251089243,0.005593306099622209,69.4505533018496,0
2024-07-22,24509.25,24595.19921875,24362.30078125,24445.75,324200,24608.13984375,24264.9173828125,-0.0008825762723847497,0.0056234679765867724,64.95771771083878,0
2024-07-23,24479.05078125,24582.55078125,24074.19921875,24568.900390625,436400,24586.61015625,24311.97744140625,-0.0012321559717249908,0.0056537819407390605,64.32382365589365,0
2024-07-24,24413.5,24504.25,24307.25,24444.94921875,366600,24546.71015625,24346.58740234375,-0.002677831825905974,0.005555493035849812,55.55654302082337,0
2024-07-25,24406.099609375,24426.150390625,24210.80078125,24230.94921875,391800,24467.76015625,24373.45234375,-0.0003031269840456652,0.00534255581240841,54.581089642065244,1
2024-07-26,24834.849609375,24861.150390625,24410.900390625,24423.349609375,383800,24528.55,24412.96982421875,0.01756732976027453,0.007607035790253447,66.57371487068255,1
2024-07-29,24836.099609375,24999.75,24774.599609375,24943.30078125,355000,24593.919921875,24454.24482421875,5.03324972633834e-05,0.007370621374477294,66.74350363907851,1
2024-07-30,24857.30078125,24971.75,24798.650390625,24839.400390625,385000,24669.569921875,24490.01240234375,0.0008536433743000504,0.007335182843089664,64.64336388698565,1
2024-07-31,24951.150390625,24984.599609375,24856.5,24886.69921875,333600,24777.1,24531.37744140625,0.00377553501085659,0.007382902644459031,71.86368474200701,1
2024-08-01,25010.900390625,25078.30078125,24956.400390625,25030.94921875,431300,24898.06015625,24567.5974609375,0.0023946791656728195,0.0070700142031593066,73.40768039534814,0
2024-08-02,24717.69921875,24851.900390625,24686.849609375,24789.0,345000,24874.630078125,24588.37490234375,-0.011722935491954689,0.007228022146267165,56.77208424406283,0
2024-08-05,24055.599609375,24350.05078125,23893.69921875,24302.849609375,487000,24718.530078125,24574.96240234375,-0.02678645789462286,0.011354693962696961,37.757050918976454,0
2024-08-06,23992.55078125,24382.599609375,23960.400390625,24189.849609375,312300,24545.580078125,24558.56240234375,-0.0026209626510589334,0.011355360133621964,35.93564051343081,1
2024-08-07,24297.5,24337.69921875,24184.900390625,24289.400390625,317600,24414.85,24551.77744140625,0.012710162480444431,0.012252512046444293,39.16525617191304,0
2024-08-08,24117.0,24340.5,24079.69921875,24248.55078125,311900,24236.069921875,24541.40498046875,-0.007428747813561065,0.01245131118065696,40.733851566373794,1
2024-08-09,24367.5,24419.75,24311.19921875,24386.849609375,215100,24166.030078125,24543.98251953125,0.010386864037815746,0.011418023815293608,47.12153518123667,0
2024-08-12,24347.0,24472.80078125,24212.099609375,24320.05078125,279900,24224.31015625,24536.225,-0.0008412844977941925,0.011405106790954045,47.307888948527754,0
2024-08-13,24139.0,24359.94921875,24116.5,24342.349609375,239700,24253.6,24513.8400390625,-0.008543146999630324,0.011536809412990205,44.71098265895953,1
2024-08-14,24143.75,24196.5,24099.69921875,24184.400390625,303300,24222.85,24490.3775390625,0.00019677699987563635,0.011362022241371394,44.939926149886645,1
2024-08-16,24541.150390625,24563.900390625,24204.5,24334.849609375,271600,24307.680078125,24477.392578125,0.016459762490292462,0.01290133749066509,44.26592700605232,1
2024-08-19,24572.650390625,24638.80078125,24522.94921875,24636.349609375,243600,24348.71015625,24479.480078125,0.0012835584110202358,0.012439281614561143,44.91656114327063,1
2024-08-20,24698.849609375,24734.30078125,24607.19921875,24648.900390625,238300,24419.080078125,24488.96005859375,0.005135759339910173,0.00838433759196796,47.06163585248309,1
2024-08-21,24770.19921875,24787.94921875,24654.5,24680.55078125,257100,24545.319921875,24503.51748046875,0.0028887826964991703,0.008176179567847452,46.61615139679128,1
2024-08-22,24811.5,24867.349609375,24784.44921875,24863.400390625,220300,24678.869921875,24523.41748046875,0.001667357653657442,0.0074677786244403315,46.245236345662015,1
2024-08-23,24823.150390625,24858.400390625,24771.650390625,24845.400390625,206800,24735.269921875,24544.27001953125,0.00046955607782672715,0.006726461361378019,52.22119554798213,1
2024-08-26,25010.599609375,25043.80078125,24874.69921875,24906.099609375,210300,24822.859765625,24553.05751953125,0.007551387144671073,0.006429487524432972,75.14352005166927,1
2024-08-27,25017.75,25073.099609375,24973.650390625,25024.80078125,223300,24886.63984375,24562.1400390625,0.0002858944102370753,0.006371550040703513,77.8103204558989,1
2024-08-28,25052.349609375,25129.599609375,24964.650390625,25030.80078125,220400,24943.069921875,24571.89248046875,0.0013830024432652799,0.0050558832730243,73.99624238947273,1
2024-08-29,25151.94921875,25192.900390625,24998.5,25035.30078125,354000,25011.159765625,24581.932421875,0.00397565940632294,0.004901131220781087,84.68446532037838,1
2024-08-30,25235.900390625,25268.349609375,25199.400390625,25249.69921875,638200,25093.709765625,24593.182421875,0.003337760073577778,0.002286499049894304,82.75992661415698,1
2024-09-02,25278.69921875,25333.650390625,25235.5,25333.599609375,222800,25147.3296875,24621.232421875,0.001695950113232314,0.0022597143587168344,84.56628919077943,1
2024-09-03,25279.849609375,25321.69921875,25235.80078125,25313.400390625,212100,25199.749609375,24682.444921875,4.550829989491412e-05,0.002258203245412826,100.0,0
2024-09-04,25198.69921875,25216.0,25083.80078125,25089.94921875,253800,25229.01953125,24742.75234375,-0.0032100820170585243,0.002839347335162611,93.33330124255494,0
2024-09-05,25145.099609375,25275.44921875,25127.75,25250.5,222200,25227.649609375,24785.13232421875,-0.0021270784221717465,0.003089696482494197,84.57265779081676,0
2024-09-06,24852.150390625,25168.75,24801.30078125,25093.69921875,311700,25150.899609375,24821.88984375,-0.011650350298901935,0.005155758955927256,62.31387720542174,1
2024-09-09,24936.400390625,24957.5,24753.150390625,24823.400390625,254400,25082.43984375,24850.33486328125,0.003390048695012693,0.0046313620834457754,60.867420790221416,1
2024-09-10,25041.099609375,25130.5,24896.80078125,24999.400390625,251300,25034.68984375,24885.03984375,0.0041986500501236534,0.004845506520100923,62.02613302350584,0
2024-09-11,24918.44921875,25113.69921875,24885.150390625,25034.0,279200,24978.63984375,24924.0123046875,-0.004897963449619458,0.005063463553657521,54.42799474702255,1
2024-09-12,25388.900390625,25433.349609375,24941.44921875,25059.650390625,380100,25027.4,24986.26982421875,0.01887963282727112,0.007921804048097574,66.97471466980457,0
2024-09-13,25356.5,25430.5,25292.44921875,25430.44921875,250800,25128.269921875,25027.0373046875,-0.0012761636040355961,0.007902671507371981,61.443042914722355,1
2024-09-16,25383.75,25445.69921875,25336.19921875,25406.650390625,168700,25217.73984375,25067.59228515625,0.0010746751326089488,0.00789470492240106,61.94906953966699,1
2024-09-17,25418.55078125,25441.650390625,25352.25,25416.900390625,216000,25293.230078125,25103.57734375,0.0013709866056039743,0.007898421715464853,61.95406710522793,0
2024-09-18,25377.55078125,25482.19921875,25285.55078125,25402.400390625,215700,25385.050390625,25133.944921875,-0.0016129951842196455,0.007829220525835422,57.65736620756588,1
2024-09-19,25415.80078125,25611.94921875,25376.05078125,25487.05078125,314500,25390.43046875,25164.1599609375,0.0015072376499098983,0.007765698684139535,56.301679325806724,1
2024-09-20,25790.94921875,25849.25,25426.599609375,25525.94921875,533100,25477.3203125,25212.54990234375,0.014760441377741573,0.007432090398656858,64.55462423639722,1
2024-09-23,25939.05078125,25956.0,25847.349609375,25872.55078125,209200,25588.38046875,25258.9724609375,0.005742385099666292,0.0074569878097970185,67.28643118278359,1
2024-09-24,25940.400390625,26011.55078125,25886.849609375,25921.44921875,384100,25692.750390625,25305.10498046875,5.2030021699067674e-05,0.007557760184096035,70.29944204076875,1
2024-09-25,26004.150390625,26032.80078125,25871.349609375,25899.44921875,278500,25818.0703125,25352.69501953125,0.0024575565157058943,0.006978897776017127,73.38124754138448,1
2024-09-26,26216.05078125,26250.900390625,25998.400390625,26005.400390625,370900,25978.1203125,25405.90009765625,0.008148714241454025,0.005044049119279022,88.835389339909,0
2024-09-27,26178.94921875,26277.349609375,26151.400390625,26248.25,490300,26055.7203125,25453.0525390625,-0.0014152231703233875,0.005058001891503796,86.35621241855091,0
2024-09-30,25810.849609375,26134.69921875,25794.099609375,26061.30078125,343100,26030.080078125,25479.66005859375,-0.014060900852023384,0.0074611834493306705,69.51447522960129,0
2024-10-01,25796.900390625,25907.599609375,25739.19921875,25788.44921875,247400,26001.380078125,25505.51259765625,-0.0005404401234794243,0.007494815005053832,73.56925982482636,0
2024-10-03,25250.099609375,25639.44921875,25230.30078125,25452.849609375,423400,25850.569921875,25508.0826171875,-0.021196375260987388,0.010396506303971034,46.422480190892344,0
2024-10-04,25014.599609375,25485.05078125,24966.80078125,25181.900390625,374900,25610.2796875,25501.5576171875,-0.009326695880144675,0.010728555072423243,42.02286329869115,0
2024-10-07,24795.75,25143.0,24694.349609375,25084.099609375,374300,25333.63984375,25498.73759765625,-0.008748875168602677,0.009231665273032253,37.406844717212856,1
2024-10-08,25013.150390625,25044.0,24756.80078125,24832.19921875,333200,25174.1,25502.57509765625,0.00876764730346924,0.009623601763147947,41.947397864847105,0
2024-10-09,24981.94921875,25234.05078125,24947.69921875,25065.80078125,290600,25011.109765625,25499.617578125,-0.0012473907279866303,0.009577680730628549,42.11132661883953,1
2024-10-10,24998.44921875,25134.05078125,24979.400390625,25067.05078125,261400,24960.7796875,25503.617578125,0.0006604768849507447,0.009465168902564615,41.60478810422943,0
2024-10-11,24964.25,25028.650390625,24920.05078125,24985.30078125,210500,24950.709765625,25482.38505859375,-0.0013680536120755926,0.008554174223682098,30.726954488164893,1
2024-10-14,25127.94921875,25159.75,25017.5,25023.44921875,206400,25017.149609375,25470.95751953125,0.006557345754428789,0.009252628402407764,31.227115003155305,0
2024-10-15,25057.349609375,25212.05078125,25008.150390625,25186.30078125,257200,25025.989453125,25454.6375,-0.0028096049048969007,0.00855809434189012,30.19666587825111,0
2024-10-16,24971.30078125,25093.400390625,24908.44921875,25008.55078125,226800,25023.859765625,25432.275,-0.0034340754096676696,0.008517324767196398,27.066638796059152,0
2024-10-17,24749.849609375,25029.5,24728.900390625,25027.400390625,252800,24974.13984375,25400.88994140625,-0.008868227322834543,0.006203254917883899,17.582008521061255,1
2024-10-18,24854.05078125,24886.19921875,24567.650390625,24664.94921875,290900,24952.1,25372.80244140625,0.004210173941240125,0.005891521448668644,21.550387856989474,0
2024-10-21,24781.099609375,24978.30078125,24679.599609375,24956.150390625,242000,24882.730078125,25322.3099609375,-0.00293518237799828,0.00525341664101942,24.678505699872048,0
2024-10-22,24472.099609375,24882.0,24445.80078125,24798.650390625,279500,24765.680078125,25248.96240234375,-0.012469180337869368,0.005576846553954274,21.551291708538074,0
2024-10-23,24435.5,24604.25,24378.099609375,24378.150390625,284600,24658.519921875,25173.7173828125,-0.001495564743491773,0.00557283359842481,27.59874919300175,0
2024-10-24,24399.400390625,24480.650390625,24341.19921875,24412.69921875,216700,24588.430078125,25093.4798828125,-0.0014773427748562273,0.005491525958726872,30.998303624644976,0
2024-10-25,24180.80078125,24440.25,24073.900390625,24418.05078125,372600,24453.780078125,24991.7173828125,-0.008959220549493163,0.005844954063964381,31.003091596697473,1
2024-10-28,24339.150390625,24492.599609375,24134.900390625,24251.099609375,278600,24365.390234375,24899.72744140625,0.0065485676346082045,0.005843331616230619,28.390509778775254,1
2024-10-29,24466.849609375,24484.5,24140.849609375,24328.849609375,332000,24364.340234375,24832.52744140625,0.0052466588480091225,0.006424812811213475,34.44745721931757,0
2024-10-30,24340.849609375,24498.19921875,24307.30078125,24371.44921875,285200,24345.41015625,24759.72490234375,-0.005149825253829232,0.006479262863612319,31.376371088629156,0
2024-10-31,24205.349609375,24372.44921875,24172.599609375,24349.849609375,287000,24306.6,24707.48740234375,-0.005566773640794054,0.006198736276549005,29.673750079776013,1
2024-11-01,24304.349609375,24368.25,24280.19921875,24302.75,38800,24331.309765625,24671.97490234375,0.004090004961616156,0.006185019761792442,27.14888774487224,0
2024-11-04,23995.349609375,24316.75,23816.150390625,24315.75,285500,24262.549609375,24631.9548828125,-0.0127137736646451,0.007026922832602352,23.97696642979662,1
2024-11-05,24213.30078125,24229.05078125,23842.75,23916.5,289500,24211.83984375,24591.96240234375,0.00908305881860727,0.007169951979155731,32.55387630701179,1
2024-11-06,24484.05078125,24537.599609375,24204.05078125,24308.75,351100,24240.480078125,24567.06748046875,0.011181870759630508,0.008136024632869238,44.018123780781025,0
2024-11-07,24199.349609375,24503.349609375,24179.05078125,24489.599609375,322200,24239.280078125,24527.1125,-0.011628025706147627,0.00896359386060075,36.372890423577985,0
2024-11-08,24148.19921875,24276.150390625,24066.650390625,24207.69921875,298700,24208.05,24486.3099609375,-0.002113709312467793,0.008520560232094255,36.70600977218742,0
2024-11-11,24141.30078125,24336.80078125,24004.599609375,24087.25,273400,24237.240234375,24436.9775390625,-0.00028567088740283353,0.008195729666442999,42.04159614468339,0
2024-11-12,23883.44921875,24242.0,23839.150390625,24225.80078125,255800,24171.269921875,24378.28251953125,-0.010680930776533315,0.008437284229761994,37.99655163627407,0
2024-11-13,23559.05078125,23873.599609375,23509.599609375,23822.44921875,304600,23986.269921875,24307.67001953125,-0.013582562322921432,0.009137417678687367,33.76355398840283,0
2024-11-14,23532.69921875,23675.900390625,23484.150390625,23542.150390625,257700,23852.93984375,24246.8125,-0.0011185324376894457,0.009118823270791672,36.473093592749734,0
2024-11-18,23453.80078125,23606.80078125,23350.400390625,23605.30078125,263300,23714.06015625,24176.8,-0.0033527151631265184,0.008794033946386559,30.887475766716236,1
2024-11-19,23518.5,23780.650390625,23464.80078125,23529.55078125,297500,23589.5,24113.67001953125,0.002758581406631766,0.00834668956978741,28.955030846566387,0
2024-11-21,23349.900390625,23507.30078125,23263.150390625,23488.44921875,420300,23482.790234375,24057.56005859375,-0.007168807933116472,0.0074931423326903826,28.417745426331265,1
2024-11-22,23907.25,23956.099609375,23359.0,23411.80078125,367600,23552.430078125,24031.14755859375,0.023869464111237804,0.010673283315803712,44.51538761731796,1
2024-11-25,24221.900390625,24351.55078125,24135.44921875,24253.55078125,687200,23690.2703125,24022.27255859375,0.013161295867362366,0.011142317395104706,48.59457566266087,0
2024-11-26,24194.5,24343.30078125,24125.400390625,24343.30078125,230700,23838.41015625,24022.95751953125,-0.0011312238174179257,0.011124469670942938,53.75521583329957,1
2024-11-27,24274.900390625,24354.55078125,24145.650390625,24204.80078125,295000,23989.690234375,24019.74501953125,0.003323085437806128,0.011163738300599454,51.225082911299474,0
2024-11-28,23914.150390625,24345.75,23873.349609375,24274.150390625,366700,24102.540234375,23992.11005859375,-0.014861029054492936,0.011698827549315303,39.057630733991395,1
2024-11-29,24131.099609375,24188.44921875,23927.150390625,23927.150390625,282100,24147.31015625,23981.62255859375,0.009072001940535257,0.01090187407292712,48.65456141566752,1
2024-12-02,24276.05078125,24301.69921875,24008.650390625,24140.849609375,220400,24158.140234375,23985.1576171875,0.006006820004948565,0.010875165028528545,52.43050089259457,1
2024-12-03,24457.150390625,24481.349609375,24280.0,24367.5,339500,24210.6703125,23992.79765625,0.007460011144599932,0.010690798344419184,55.63142356286655,1
2024-12-04,24467.44921875,24573.19921875,24366.30078125,24488.75,348000,24249.180078125,24016.40263671875,0.00042109681465385407,0.01075238334325566,61.4205396156079,1
2024-12-05,24708.400390625,24857.75,24295.55078125,24539.150390625,361500,24408.030078125,24041.1576171875,0.009847825562885104,0.010113259735318911,73.23467747985359,0
2024-12-06,24677.80078125,24751.05078125,24620.5,24729.44921875,226700,24517.3703125,24050.8451171875,-0.0012384293961259507,0.008002252053812709,73.10911054527682,0
2024-12-09,24619.0,24705.0,24580.05078125,24633.900390625,248100,24585.96015625,24071.82763671875,-0.0023827399277279726,0.0073355546367802485,73.70700343336725,0
2024-12-10,24610.05078125,24677.80078125,24510.650390625,24652.650390625,261000,24616.540234375,24094.92021484375,-0.0003635086213900074,0.007307155202073368,72.72407164047048,1
2024-12-11,24641.80078125,24691.75,24583.849609375,24620.5,187300,24651.410546875,24119.94521484375,0.0012901233029631864,0.007286112259143739,78.52002666370021,0
2024-12-12,24548.69921875,24675.25,24527.94921875,24604.44921875,266100,24619.4703125,24153.20771484375,-0.003778196379659149,0.005001345357420494,67.8115787030308,1
2024-12-13,24768.30078125,24792.30078125,24180.80078125,24498.349609375,310100,24637.5703125,24213.67021484375,0.008945547808588916,0.004983385058873648,66.017802074733,0
2024-12-16,24668.25,24781.25,24601.75,24753.400390625,187600,24647.4203125,24270.44775390625,-0.004039468921733236,0.005231416889473974,63.320651183020566,0
2024-12-17,24336.0,24624.099609375,24303.44921875,24584.80078125,264900,24592.61015625,24314.55771484375,-0.013468730047733413,0.006632532306788662,51.50483975089786,0
2024-12-18,24198.849609375,24394.44921875,24149.849609375,24297.94921875,235300,24504.019921875,24348.5751953125,-0.005635699812006956,0.006815470593928173,57.87983955542581,0
2024-12-19,23951.69921875,24004.900390625,23870.30078125,23877.150390625,271100,24384.619921875,24378.66513671875,-0.010213311567061067,0.006161867058009152,45.1162439533259,0
2024-12-20,23587.5,24065.80078125,23537.349609375,23960.69921875,442700,24148.459765625,24362.67763671875,-0.01520556915080562,0.007192678323678538,33.254706226582854,1
2024-12-23,23753.44921875,23869.55078125,23647.19921875,23738.19921875,189800,23965.499609375,24339.255078125,0.0070354729729729115,0.008062575035238752,32.759206462683665,0
2024-12-24,23727.650390625,23867.650390625,23685.150390625,23769.099609375,177700,23843.8296875,24315.91259765625,-0.0010861087115143775,0.008034097455501713,32.011432077634794,1
2024-12-26,23750.19921875,23854.5,23653.599609375,23775.80078125,177700,23754.099609375,24289.6775390625,0.0009503186263191132,0.008011730610790276,23.93217889384222,1
2024-12-27,23813.400390625,23938.849609375,23800.599609375,23801.400390625,176800,23726.43984375,24284.6400390625,0.002661079652128029,0.008255313651168758,26.893892327113903,0
2024-12-30,23644.900390625,23915.349609375,23599.30078125,23796.900390625,364900,23737.919921875,24260.330078125,-0.007075847935867907,0.0071602203580223055,25.40402401507896,0
2024-12-31,23644.80078125,23689.849609375,23460.44921875,23560.599609375,193600,23716.190234375,24228.767578125,-4.212721278373799e-06,0.007307989368572155,25.518065413560663,1
2025-01-01,23742.900390625,23822.80078125,23562.80078125,23637.650390625,154900,23719.240234375,24193.055078125,0.004148887118253564,0.006940757452981653,27.943272472138958,1
2025-01-02,24188.650390625,24226.69921875,23751.55078125,23783.0,283200,23806.93046875,24179.11513671875,0.018774033191665485,0.00950980916934964,42.46869941717142,0
2025-01-03,24004.75,24196.44921875,23976.0,24196.400390625,312300,23845.200390625,24143.9326171875,-0.007602755327609123,0.009230052699996034,33.78631032366164,0
2025-01-06,23616.05078125,24089.94921875,23551.900390625,24045.80078125,278100,23839.43046875,24090.8451171875,-0.016192595996625703,0.009417186363336402,30.09683988390445,1
2025-01-07,23707.900390625,23795.19921875,23637.80078125,23679.900390625,262300,23852.050390625,24045.29013671875,0.0038892874268343647,0.009212319065700515,36.93036480224468,0
2025-01-08,23688.94921875,23751.849609375,23496.150390625,23746.650390625,266400,23841.26015625,23999.23505859375,-0.0007993610384197103,0.009209540495951803,38.84096378332401,0
2025-01-09,23526.5,23689.5,23503.05078125,23674.75,269200,23708.830078125,23943.47001953125,-0.006857594959147506,0.009436419261003784,40.336364233601266,0
2025-01-10,23431.5,23596.599609375,23344.349609375,23551.900390625,261000,23594.180078125,23887.61005859375,-0.004037999702463213,0.009392744874734743,45.96021720306545,0
2025-01-13,23085.94921875,23340.94921875,23047.25,23195.400390625,316500,23488.159765625,23803.49248046875,-0.014747275302477436,0.010172756731686997,34.18545076277806,1
2025-01-14,23176.05078125,23264.94921875,23134.150390625,23165.900390625,311200,23381.78984375,23728.88251953125,0.003902874499386977,0.010346115655906634,37.3178067748173,1
2025-01-15,23213.19921875,23293.650390625,23146.44921875,23250.44921875,228000,23286.63984375,23672.74248046875,0.0016028803979861728,0.010209722193583818,37.73581034184359,1
2025-01-16,23311.80078125,23391.650390625,23272.05078125,23377.25,299400,23243.7,23628.3900390625,0.004247650725383689,0.007590252279513647,38.726584592207345,0
2025-01-17,23203.19921875,23292.099609375,23100.349609375,23277.099609375,272900,23198.03984375,23590.9650390625,-0.004658651792672774,0.00747655274818619,39.798119596275285,1
2025-01-20,23344.75,23391.099609375,23170.650390625,23290.400390625,301500,23249.8,23578.8275390625,0.006100485537167577,0.006484538202226324,43.49484502905653,0
2025-01-21,23024.650390625,23426.30078125,22976.849609375,23421.650390625,312900,23219.519921875,23542.38759765625,-0.013711845677293555,0.007305778497522073,35.79553267524987,1
2025-01-22,23155.349609375,23169.55078125,22981.30078125,23099.150390625,276000,23207.95,23513.77255859375,0.0056764909144164655,0.007783644739711705,26.655988562956693,1
2025-01-23,23205.349609375,23270.80078125,23090.650390625,23128.30078125,275600,23186.659765625,23486.530078125,0.0021593282262408753,0.007712307614683322,30.777200515121606,0
2025-01-24,23092.19921875,23347.30078125,23050.0,23183.900390625,264300,23164.459765625,23450.47001953125,-0.004876047658393667,0.007749267522717411,35.47885161371359,0
2025-01-27,22829.150390625,23007.44921875,22786.900390625,22940.150390625,257400,23061.33984375,23409.68251953125,-0.011391241935562957,0.007158625771407215,27.752636534094947,1
2025-01-28,22957.25,23137.94921875,22857.650390625,22960.44921875,361900,23047.859765625,23375.30498046875,0.005611229817278129,0.007309929094978329,32.44569190111147,1
2025-01-29,23163.099609375,23183.349609375,22976.5,23026.75,226300,23049.409765625,23346.31494140625,0.008966649288351114,0.007936781251395958,41.45945811962203,1
2025-01-30,23249.5,23322.05078125,23139.19921875,23169.5,361900,23058.23984375,23299.357421875,0.003730087599762788,0.007906273982499662,45.705323547901244,1
2025-01-31,23508.400390625,23546.80078125,23277.400390625,23296.75,304900,23141.480078125,23274.53994140625,0.011135740150325812,0.00848199878185833,60.39367119872601,0
2025-02-01,23482.150390625,23632.44921875,23318.30078125,23528.599609375,281000,23272.080078125,23267.844921875,-0.0011166221250199504,0.008337759492877848,57.775339073109215,0
2025-02-03,23361.05078125,23381.599609375,23222.0,23319.349609375,329700,23352.840234375,23250.50244140625,-0.005157091976693451,0.007042304558696681,53.60200379899582,1
2025-02-04,23739.25,23762.75,23423.150390625,23509.900390625,376700,23468.0703125,23253.01748046875,0.016189306820631133,0.0083942902786812,59.16506275765144,0
2025-02-05,23696.30078125,23807.30078125,23680.44921875,23801.75,267000,23557.43046875,23261.50751953125,-0.001809207062143936,0.008506564481276476,60.87901518859925,0
2025-02-06,23603.349609375,23773.55078125,23556.25,23761.94921875,307000,23576.4203125,23270.1,-0.003922602634608197,0.008424279869525444,55.83036317407643,0
2025-02-07,23559.94921875,23694.5,23443.19921875,23649.5,368100,23591.980078125,23293.8,-0.0018387386257991967,0.0071548708383314275,63.789267562294285,0
2025-02-10,23381.599609375,23568.599609375,23316.30078125,23543.80078125,234200,23596.08984375,23304.07744140625,-0.007570033692307909,0.007838492705638852,55.68853689102601,0
2025-02-11,23071.80078125,23390.05078125,22986.650390625,23383.55078125,268000,23462.6,23297.00751953125,-0.013249684936046169,0.008701548682256461,47.03019879170087,0
2025-02-12,23045.25,23144.69921875,22798.349609375,23050.80078125,279700,23332.38984375,23283.67998046875,-0.0011507892904301098,0.008582657868022158,48.91414136851254,0
2025-02-13,23031.400390625,23235.5,22992.19921875,23055.75,265700,23218.0,23275.0900390625,-0.0006009745771905495,0.007495267150648323,55.28717133882583,0
2025-02-14,22929.25,23133.69921875,22774.849609375,23096.44921875,254500,23091.86015625,23254.3150390625,-0.004435266153706374,0.0075241079087109055,49.25796333295376,1
2025-02-17,22959.5,22974.19921875,22725.44921875,22809.900390625,207400,23007.440234375,23251.05751953125,0.0013192755977626813,0.00753479098312829,44.050620774515664,0
2025-02-18,22945.30078125,22992.5,22801.5,22963.650390625,210600,22982.140234375,23240.555078125,-0.0006184463402948426,0.004263789292105553,40.71939993993679,0
2025-02-19,22932.900390625,23049.94921875,22814.849609375,22847.25,207000,22959.6703125,23226.9326171875,-0.0005404326900405598,0.004334272583030184,29.334219843233626,0
2025-02-20,22913.150390625,22923.849609375,22812.75,22821.099609375,240800,22936.0203125,23217.98017578125,-0.0008612081186238907,0.004390088919473896,29.47180021984836,0
2025-02-21,22795.900390625,22921.0,22720.30078125,22857.19921875,242800,22909.350390625,23216.31767578125,-0.005117148798882476,0.004419808994459185,29.553892050553344,0
2025-02-24,22553.349609375,22668.05078125,22518.80078125,22609.349609375,214300,22828.1203125,23196.12265625,-0.010640105330068539,0.004837601100294288,2.4269889697989555,0
2025-02-25,22547.55078125,22625.30078125,22513.900390625,22516.44921875,250300,22748.5703125,23165.34521484375,-0.00025711604818956513,0.003520192778919185,2.5015505478602478,0
2025-02-27,22545.05078125,22613.30078125,22508.400390625,22568.94921875,289200,22671.000390625,23130.12275390625,-0.00011087678764998277,0.0035725638155326496,2.703792606817103,0
2025-02-28,22124.69921875,22450.349609375,22104.849609375,22433.400390625,551300,22513.31015625,23060.9376953125,-0.018644959666695105,0.0062422139978723125,2.022396790907564,0
2025-03-03,22119.30078125,22261.55078125,22004.69921875,22194.55078125,282400,22377.990234375,22992.79521484375,-0.00024400049223838316,0.006348840382321566,2.2868178710800606,0
2025-03-04,22082.650390625,22105.05078125,21964.599609375,21974.44921875,253300,22283.850390625,22928.8751953125,-0.0016569416451024388,0.006161078707180112,2.8819119461279,1
2025-03-05,22337.30078125,22394.900390625,22067.80078125,22073.05078125,305900,22241.800390625,22858.777734375,0.011531695069225467,0.007842092526398071,22.297037027978874,1
2025-03-06,22544.69921875,22556.44921875,22245.849609375,22476.349609375,372100,22241.730078125,22801.19765625,0.009284847776867,0.008704425396464632,33.46015226236385,1
2025-03-07,22552.5,22633.80078125,22464.75,22508.650390625,289800,22327.290234375,22748.65517578125,0.00034601398645017767,0.008725259888652222,36.31939381388316,0
2025-03-10,22460.30078125,22676.75,22429.05078125,22521.849609375,293900,22395.490234375,22693.67275390625,-0.004088203913091726,0.008684502576683212,32.65342411458418,1
2025-03-11,22497.900390625,22522.099609375,22314.69921875,22345.94921875,347900,22478.540234375,22649.48779296875,0.0016740474556060647,0.008088901448679294,34.70215587881346,0
2025-03-12,22470.5,22577.400390625,22329.55078125,22536.349609375,369700,22505.180078125,22619.42275390625,-0.0012179087892316698,0.008095140534580401,34.34980175230078,0
2025-03-13,22397.19921875,22558.05078125,22377.349609375,22541.5,287500,22475.680078125,22587.02021484375,-0.003262089461738671,0.008147578394746993,33.14820839632813,1
2025-03-17,22508.75,22577.0,22353.150390625,22353.150390625,251100,22466.930078125,22560.8876953125,0.004980568336268254,0.0052542483849849185,40.58616145692599,1
2025-03-18,22834.30078125,22857.80078125,22599.19921875,22662.25,272600,22541.730078125,22556.140234375,0.01446329899483545,0.006539899939450619,58.73522692631408,1
2025-03-19,22907.599609375,22940.69921875,22807.94921875,22874.94921875,324000,22623.669921875,22553.54521484375,0.0032100316461272094,0.006315063479540921,60.74355456661534,1
2025-03-20,23190.650390625,23216.69921875,22973.94921875,23036.599609375,313700,22767.7,22565.8126953125,0.012356195589090069,0.006433068626857126,66.50136035743704,1
2025-03-21,23350.400390625,23402.69921875,23132.80078125,23168.25,541000,22958.340234375,22586.6876953125,0.0068885519512889015,0.006246949252137925,86.14359088956132,1
2025-03-24,23658.349609375,23708.75,23433.5,23515.400390625,311900,23188.26015625,22623.94765625,0.013188177230298859,0.006812897561846409,88.51183663016481,1
2025-03-25,23668.650390625,23869.599609375,23601.400390625,23751.5,338200,23355.130078125,22667.58515625,0.00043539728764163677,0.006285513665635111,90.21704461934978,0
2025-03-26,23486.849609375,23736.5,23451.69921875,23700.94921875,278600,23470.980078125,22714.26015625,-0.007681079328545448,0.007465828239816027,80.26799333102258,1
2025-03-27,23591.94921875,23646.44921875,23412.19921875,23433.94921875,510300,23551.23984375,22766.480078125,0.004474827877002596,0.007207855784908197,79.14448094655208,0
2025-03-28,23519.349609375,23649.19921875,23450.19921875,23600.400390625,295400,23585.0296875,22815.19501953125,-0.0030773044101545244,0.007184790576205582,75.97031885615117,0
2025-04-01,23165.69921875,23565.150390625,23136.400390625,23341.099609375,314300,23486.499609375,22867.24501953125,-0.015036571865236992,0.009562300024116219,66.61401052141545,1
2025-04-02,23332.349609375,23350.0,23158.44921875,23192.599609375,341000,23419.239453125,22927.8974609375,0.0071938424586863725,0.008836181984542035,68.52723330442325,0
2025-04-03,23250.099609375,23306.5,23145.80078125,23150.30078125,283200,23371.889453125,22986.269921875,-0.0035251486188494496,0.009005303008613881,66.89783867856875,0
2025-04-04,22904.44921875,23214.69921875,22857.44921875,23190.400390625,466800,23234.389453125,23014.62734375,-0.014866619775066536,0.00946890404533847,59.833657194178684,0
2025-04-07,22161.599609375,22254.0,21743.650390625,21758.400390625,647100,22962.839453125,22995.47236328125,-0.03243254628305536,0.013175427800983321,44.593432946960945,1
2025-04-08,22535.849609375,22697.19921875,22270.849609375,22446.75,468300,22836.86953125,22994.63984375,0.016887318902814252,0.01378479606725959,45.42133476360128,0
2025-04-09,22399.150390625,22468.69921875,22353.25,22460.30078125,383800,22650.2296875,22991.58232421875,-0.006065856008070525,0.013665185469200302,42.34851094497474,1
2025-04-11,22828.55078125,22923.900390625,22695.400390625,22695.400390625,402200,22565.919921875,23008.11484375,0.019170387409190415,0.015662161185302944,44.780772455248275,1
2025-04-15,23328.55078125,23368.349609375,23207.0,23368.349609375,388300,22650.740234375,23051.0173828125,0.02190239778210845,0.017423245210515005,49.71319576369607,1
2025-04-16,23437.19921875,23452.19921875,23273.05078125,23344.099609375,348400,22905.86015625,23103.0173828125,0.004657316201027051,0.017491588381855393,46.93684758984614,1
2025-04-17,23851.650390625,23872.349609375,23298.55078125,23401.849609375,505300,23169.0203125,23170.16240234375,0.017683476937954135,0.01747058289845833,52.279521674140504,1
2025-04-21,24125.55078125,24189.55078125,23903.650390625,23949.150390625,406100,23514.300390625,23234.72490234375,0.011483498464016417,0.017635236316500446,57.777468067466316,1
2025-04-22,24167.25,24242.599609375,24072.0,24185.400390625,440900,23782.040234375,23297.707421875,0.0017284255654137493,0.017480627173747182,57.115305271559166,1
2025-04-23,24328.94921875,24359.30078125,24119.94921875,24357.599609375,415000,23982.119921875,23354.62236328125,0.006690840652122221,0.016173821695340204,59.79718087754038,0
2025-04-24,24246.69921875,24347.849609375,24216.150390625,24277.900390625,358800,24144.019921875,23399.4373046875,-0.0033807460922566923,0.009837352149041781,64.00114544523618,0
2025-04-25,24039.349609375,24365.44921875,23847.849609375,24289.0,387700,24181.559765625,23418.4873046875,-0.00855166336268387,0.010831795518689135,59.0615521873351,1
2025-04-28,24328.5,24355.099609375,24054.05078125,24070.25,320500,24222.149609375,23451.47978515625,0.012028211882747275,0.009970623206850639,63.12561956358951,1
2025-04-29,24335.94921875,24457.650390625,24290.75,24370.69921875,357600,24255.889453125,23493.934765625,0.0003061930965739812,0.00946587289046252,68.98643411655966,0
2025-04-30,24334.19921875,24396.150390625,24198.75,24342.05078125,424500,24256.939453125,23531.047265625,-7.191007773188485e-05,0.007902933196848358,85.86689950880026,1
2025-05-02,24346.69921875,24589.150390625,24238.5,24311.900390625,421100,24276.939453125,23572.41474609375,0.0005136803511647248,0.007987806084735634,83.9498578152543,1
2025-05-05,24461.150390625,24526.400390625,24400.650390625,24419.5,291500,24361.299609375,23637.1873046875,0.004700890697612925,0.006381987270744267,88.98363914847359,0
2025-05-06,24379.599609375,24509.650390625,24331.80078125,24500.75,302400,24371.51953125,23689.5498046875,-0.0033338898599493128,0.005766467269682956,83.76470148054358,1
2025-05-07,24414.400390625,24449.599609375,24220.0,24233.30078125,330100,24387.209765625,23747.76484375,0.0014274549954715887,0.005763392932607802,79.64129003364239,0
2025-05-08,24273.80078125,24447.25,24150.19921875,24431.5,411400,24375.130078125,23816.232421875,-0.005758880297096702,0.005750042221601742,72.44582692283507,0
2025-05-09,24008.0,24164.25,23935.75,23935.75,335600,24307.390234375,23908.55244140625,-0.0109501096942064,0.006642476063511224,54.55842743336123,1
2025-05-12,24924.69921875,24944.80078125,24378.849609375,24420.099609375,368700,24400.1,24027.994921875,0.038183073090219954,0.013556782176729076,66.94726831725163,0
2025-05-13,24578.349609375,24973.80078125,24547.5,24864.05078125,423000,24439.85,24136.9548828125,-0.01389583907654357,0.014249201612239772,57.72046929572629,1
2025-05-14,24666.900390625,24767.55078125,24535.55078125,24613.80078125,345500,24490.35,24228.87236328125,0.0036027960647213586,0.01426660928008525,56.526038755462224,1
2025-05-15,25062.099609375,25116.25,24494.44921875,24694.44921875,500800,24648.009765625,24315.5498046875,0.01602143814146184,0.014967381458364843,64.04796467121199,0
2025-05-16,25019.80078125,25070.0,24953.05078125,25064.650390625,432700,24850.369921875,24394.6798828125,-0.0016877607536591732,0.015024927687704822,67.91007127765317,0
2025-05-19,24945.44921875,25062.94921875,24916.650390625,25005.349609375,255300,24854.519921875,24449.36982421875,-0.0029717088137536374,0.015114462756069712,62.22964371664587,0
2025-05-20,24683.900390625,25010.349609375,24669.69921875,24996.19921875,414800,24875.630078125,24477.2873046875,-0.010484831354666824,0.01556077803155987,56.26611365255923,1
2025-05-21,24813.44921875,24946.19921875,24685.349609375,24744.25,332700,24904.93984375,24509.597265625,0.00524831270888626,0.01560976276866712,58.250839287251445,0
2025-05-22,24609.69921875,24737.5,24462.400390625,24733.94921875,403300,24814.459765625,24523.634765625,-0.008211272774042211,0.01575905235390172,54.24810208366984,1
2025-05-23,24853.150390625,24909.05078125,24614.05078125,24639.5,270500,24781.1296875,24553.95732421875,0.009892488718005854,0.015303322158373794,56.07846177701969,1
2025-05-26,25001.150390625,25079.19921875,24900.5,24919.349609375,302800,24792.269921875,24602.04736328125,0.005954979456279652,0.009495390820079434,59.44333594861855,0
2025-05-27,24826.19921875,25062.900390625,24704.099609375,24956.650390625,525700,24820.7296875,24626.93232421875,-0.0069977248703164685,0.008549152460984219,56.00097454180312,0
2025-05-28,24752.44921875,24864.25,24737.05078125,24832.5,684400,24808.5296875,24647.75732421875,-0.0029706520659956714,0.008582570820892577,57.113746563127,1
2025-05-29,24833.599609375,24892.599609375,24677.30078125,24825.099609375,345400,24853.309765625,24672.72734375,0.003278479228775888,0.006753072020790361,62.98276057999146,0
2025-05-30,24750.69921875,24863.94921875,24717.400390625,24812.599609375,853900,24832.81953125,24692.92734375,-0.00333823496911434,0.006794642158900715,46.29124516048458,0
2025-06-02,24716.599609375,24754.400390625,24526.150390625,24669.69921875,311100,24775.909375,24705.6998046875,-0.0013777230725331435,0.006763437237848668,53.3992266452038,0
2025-06-03,24542.5,24845.099609375,24502.150390625,24786.30078125,349300,24719.16953125,24713.84482421875,-0.007043833380258491,0.006292805871394484,47.0647818990045,1
2025-06-04,24620.19921875,24644.25,24530.44921875,24560.44921875,280900,24692.71953125,24724.134765625,0.003165904807986175,0.006111204472356802,37.735887920782204,1
2025-06-05,24750.900390625,24899.849609375,24613.099609375,24691.19921875,388400,24676.1796875,24747.98974609375,0.005308696762106768,0.005766557974803977,42.88624040360408,1
2025-06-06,25003.05078125,25029.5,24671.44921875,24748.69921875,335600,24726.65,24797.74228515625,0.01018752395450262,0.0058199638482925205,51.39282185746103,1
2025-06-09,25103.19921875,25160.099609375,25077.150390625,25160.099609375,279200,24803.969921875,24806.66728515625,0.004005448710087123,0.005651492410128521,60.99713444738478,1
2025-06-10,25104.25,25199.30078125,25055.44921875,25196.05078125,307300,24916.319921875,24832.9623046875,4.18584595869298e-05,0.005028738441806596,58.178198939673905,1
2025-06-11,25141.400390625,25222.400390625,25081.30078125,25134.150390625,301200,25020.56015625,24856.6873046875,0.0014798446727146697,0.004818461049496256,66.49910847080014,0
2025-06-12,24888.19921875,25196.19921875,24825.900390625,25164.44921875,328300,25048.019921875,24847.99228515625,-0.010071084662786611,0.005997723952843219,51.08105144828966,0
2025-06-13,24718.599609375,24754.349609375,24473.0,24473.0,318700,24991.1296875,24832.9322265625,-0.006814458847919758,0.006319972952971849,41.39955626261835,1
2025-06-16,24946.5,24967.099609375,24703.599609375,24732.349609375,305800,24959.78984375,24832.984765625,0.00921979376770854,0.006942009730069525,53.547436612190545,0
2025-06-17,24853.400390625,24982.05078125,24813.69921875,24977.849609375,242400,24909.619921875,24841.459765625,-0.0037319707924959866,0.006588370029552503,52.943266651861215,0
2025-06-18,24812.05078125,24947.55078125,24750.44921875,24788.349609375,237600,24843.75,24841.38984375,-0.0016637405234334324,0.006611671878299469,49.35680914843234,0
2025-06-19,24793.25,24863.099609375,24733.400390625,24803.25,274600,24824.76015625,24850.5673828125,-0.0007577278241026608,0.0064273690123609045,51.32059093807661,1
2025-06-20,25112.400390625,25136.19921875,24783.650390625,24787.650390625,574700,24903.5203125,24863.5298828125,0.01287247095983779,0.006928008898289983,60.43722522774937,0
2025-06-23,24971.900390625,25057.0,24824.849609375,24939.75,248500,24908.600390625,24862.0673828125,-0.0055948454872697395,0.007045980572701147,61.52751517668291,1
2025-06-24,25044.349609375,25317.69921875,24999.69921875,25179.900390625,450200,24946.790234375,24872.97490234375,0.0029012296868362597,0.007128043911748966,61.41876281005729,1
2025-06-25,25244.75,25266.80078125,25125.05078125,25150.349609375,260600,25033.330078125,24897.58994140625,0.008001820520425307,0.007584229222114473,62.814274087040424,1
2025-06-26,25549.0,25565.30078125,25259.900390625,25268.94921875,428900,25184.480078125,24933.3599609375,0.012052010814129765,0.007403212225541047,63.79320894447109,1
2025-06-27,25637.80078125,25654.19921875,25523.55078125,25576.650390625,564000,25289.56015625,24977.7150390625,0.003475704773181043,0.00661493891671146,63.584405993663296,0
2025-06-30,25517.05078125,25669.349609375,25473.30078125,25661.650390625,271000,25398.590234375,25017.73759765625,-0.004709842354665206,0.0067826826816899605,59.88790643274854,1
2025-07-01,25541.80078125,25593.400390625,25501.80078125,25551.349609375,260700,25498.08046875,25067.70263671875,0.0009699396772837598,0.006475271833461276,59.64819310222787,0
2025-07-02,25453.400390625,25608.099609375,25378.75,25588.30078125,309800,25539.810546875,25109.3626953125,-0.0034610085397696055,0.006634520110679396,64.79428397900662,0
2025-07-03,25405.30078125,25587.5,25384.349609375,25505.099609375,293400,25511.070703125,25142.08271484375,-0.00188971251922454,0.006706962402281482,69.19552529713971,1
2025-07-04,25461.0,25470.25,25331.650390625,25428.849609375,193500,25475.710546875,25164.98017578125,0.0021924250859925998,0.005628634731419531,65.91401175378905,1
2025-07-07,25461.30078125,25489.80078125,25407.25,25450.44921875,196100,25464.560546875,25182.88525390625,1.1813410706551508e-05,0.005110548256727313,69.94814999967954,1
2025-07-08,25522.5,25548.05078125,25424.150390625,25427.849609375,210400,25460.700390625,25203.79775390625,0.0024036171315751087,0.0051027216809892174,73.01347086795107,0
2025-07-09,25476.099609375,25548.69921875,25424.349609375,25514.599609375,239100,25465.240234375,25220.53271484375,-0.00181801902732881,0.00473028416791382,71.73087991606468,0
2025-07-10,25355.25,25524.05078125,25340.44921875,25511.650390625,219600,25455.230078125,25243.88525390625,-0.004743646446198069,0.003007704311220369,58.844727336359846,0
2025-07-11,25149.849609375,25322.44921875,25129.0,25255.5,250000,25393.0,25265.44775390625,-0.008100901810276007,0.0033999155599604963,56.18846178925404,0
2025-07-14,25082.30078125,25151.099609375,25001.94921875,25149.5,259500,25317.2,25272.23779296875,-0.002685854157148504,0.0032728914099717362,51.32432502429736,1
2025-07-15,25195.80078125,25245.19921875,25088.44921875,25089.5,241300,25251.86015625,25289.3578125,0.004525103218794291,0.0037542873103972993,48.18160974916053,1
2025-07-16,25212.05078125,25255.30078125,25121.05078125,25196.599609375,228800,25199.050390625,25309.3578125,0.0006449487413033861,0.003722961533770655,34.07535953624901,0
2025-07-17,25111.44921875,25238.349609375,25101.0,25230.75,243400,25150.290234375,25325.2677734375,-0.003990217351728331,0.0038395506399244088,25.39838455246553,0
2025-07-18,24968.400390625,25144.599609375,24918.650390625,25108.55078125,317000,25114.000390625,25318.0677734375,-0.0056965580472427835,0.003885289917588511,24.87976835399344,1
2025-07-21,25090.69921875,25111.400390625,24882.30078125,24999.0,305200,25115.680078125,25324.00771484375,0.004898144302865282,0.004428078374192569,31.03974229732347,0
2025-07-22,25060.900390625,25182.0,25035.55078125,25166.650390625,483700,25088.7,25324.83525390625,-0.0011876443882732346,0.004221033667849712,32.648039097173054,1
2025-07-23,25219.900390625,25233.5,25085.5,25139.349609375,271500,25090.269921875,25323.5927734375,0.006344544590244583,0.004947245297643488,42.535594030677004,0
2025-07-24,25062.099609375,25246.25,25018.69921875,25243.30078125,338700,25080.4,25299.24775390625,-0.006256994627491075,0.005095440255525635,35.159934140064266,0
2025-07-25,24837.0,25010.349609375,24806.349609375,25010.349609375,278100,25054.119921875,25259.20771484375,-0.008981674037030651,0.005234640520584205,30.102561676443926,0
2025-07-28,24680.900390625,24889.19921875,24646.599609375,24782.44921875,262100,24972.16015625,25217.4001953125,-0.006284962329387578,0.00546391066087373,24.706948590829214,1
2025-07-29,24821.099609375,24847.150390625,24598.599609375,24609.650390625,284700,24924.2,25181.36513671875,0.005680474234370125,0.005617832819705801,31.365534685132218,1
2025-07-30,24855.05078125,24902.30078125,24771.94921875,24890.400390625,243900,24851.230078125,25151.44765625,0.001367835124523431,0.005652799110655878,35.02933315874512,0
2025-07-31,24768.349609375,24956.5,24635.0,24642.25,346300,24792.480078125,25119.60009765625,-0.0034882717656889994,0.00562952973246955,37.70860287047618,0
2025-08-01,24565.349609375,24784.150390625,24535.05078125,24734.900390625,263400,24738.15,25074.817578125,-0.008195943742782208,0.005892760063620316,34.68156305596679,1
2025-08-04,24722.75,24736.25,24554.0,24596.05078125,259300,24746.519921875,25037.8900390625,0.006407415043054421,0.006093878153224825,36.337883574007215,0
2025-08-05,24649.55078125,24733.099609375,24590.30078125,24720.25,251800,24712.21015625,24994.242578125,-0.0029608040671041946,0.006110861720725823,34.27188665272982,0
2025-08-06,24574.19921875,24671.400390625,24539.19921875,24641.349609375,225100,24656.03984375,24949.14755859375,-0.003056914228121266,0.005431994532532765,34.76274885612045,1
2025-08-07,24596.150390625,24634.19921875,24344.150390625,24464.19921875,616700,24621.6,24911.192578125,0.0008932609229541644,0.005363939142729785,38.663713319090014,0
2025-08-08,24363.30078125,24585.5,24337.5,24544.25,312600,24581.190234375,24871.86513671875,-0.009466912735407229,0.005437197216010826,29.245678365636465,1
2025-08-11,24585.05078125,24600.849609375,24347.44921875,24371.5,241100,24553.650390625,24847.00263671875,0.009101804471857822,0.006187147511158495,37.763294957654836,0
2025-08-12,24487.400390625,24702.599609375,24465.650390625,24563.349609375,237000,24521.2203125,24811.5826171875,-0.003971941790719136,0.005883509188840096,30.549695155471753,1
2025-08-13,24619.349609375,24664.55078125,24535.25,24586.19921875,236000,24530.250390625,24781.94755859375,0.005388453516712133,0.006216828043204986,38.07986858240208,1
2025-08-14,24631.30078125,24673.650390625,24596.900390625,24607.25,270200,24537.28046875,24757.94013671875,0.00048543816407109475,0.006162249348905802,43.74395590034809,1
2025-08-18,24876.94921875,25022.0,24852.849609375,24938.19921875,363100,24640.01015625,24753.367578125,0.009973019276634965,0.006329579108382126,55.65453891991586,1
2025-08-19,24980.650390625,25012.650390625,24873.94921875,24891.349609375,252300,24719.130078125,24747.86513671875,0.004168564680625764,0.00616550534444681,54.70081437048563,1
2025-08-20,25050.55078125,25088.69921875,24929.69921875,24965.80078125,287100,24831.76015625,24747.34765625,0.0027981813736617234,0.006015830435540507,55.64049507606238,1
2025-08-21,25083.75,25153.650390625,25054.900390625,25142.0,226500,24924.640234375,24740.54013671875,0.0013252889742787488,0.005791813213416997,59.38970002500276,0
2025-08-22,24870.099609375,25084.849609375,24859.150390625,25064.150390625,210200,24972.4,24730.94013671875,-0.008517482060098724,0.006697849077137268,59.015459497687665,1
2025-08-25,24967.75,25021.55078125,24894.349609375,24949.150390625,213000,24990.56015625,24737.47763671875,0.003926417350905487,0.005591458284959037,57.51348282033528,0
2025-08-26,24712.05078125,24919.650390625,24689.599609375,24899.5,750500,24936.840234375,24739.03515625,-0.010241179872034878,0.006337469798049731,51.723755287080664,0
2025-08-28,24500.900390625,24702.650390625,24481.599609375,24695.80078125,326600,24826.91015625,24723.0251953125,-0.008544430103923584,0.006843411555349794,48.119290192285526,0
2025-08-29,24426.849609375,24572.44921875,24404.69921875,24466.69921875,325500,24695.530078125,24701.61513671875,-0.0030223697933294824,0.006631556665576498,45.76917445163558,1
2025-09-01,24625.05078125,24635.599609375,24432.69921875,24432.69921875,229300,24646.5203125,24694.4501953125,0.008114070174605414,0.007205324990505101,56.656401799994036,0
2025-09-02,24579.599609375,24756.099609375,24522.349609375,24653.0,271600,24568.890234375,24695.1626953125,-0.0018457290617897026,0.00629974081589984,49.847720167393234,1
2025-09-03,24715.05078125,24737.05078125,24533.19921875,24616.5,340300,24569.490234375,24694.777734375,0.0055107151470170646,0.00643919747519662,56.22793903131041,1
2025-09-04,24734.30078125,24980.75,24708.19921875,24980.75,314100,24616.1703125,24699.015234375,0.0007788776228048189,0.006335958386922581,53.35143390463261,1
2025-09-05,24741.0,24832.349609375,24621.599609375,24818.849609375,210100,24679.000390625,24707.3552734375,0.00027084730671167456,0.00629696276027125,53.20813646375011,1
2025-09-08,24773.150390625,24885.5,24751.55078125,24802.599609375,213200,24708.6203125,24716.2052734375,0.0012994782193525012,0.005802425539395311,46.53126333941208,1
2025-09-09,24868.599609375,24891.80078125,24814.0,24864.099609375,226900,24766.4203125,24741.47021484375,0.003852930178235292,0.005796415492403535,46.23473416711296,1
2025-09-10,24973.099609375,25035.69921875,24915.05078125,24991.0,244100,24818.030078125,24760.87265625,0.0042020862308871365,0.004776739157142287,47.4565356546815,1
2025-09-11,25005.5,25037.30078125,24940.150390625,24945.5,224600,24872.269921875,24786.77763671875,0.0012974116602184615,0.0033903097833214305,47.42895353583062,1
2025-09-12,25114.0,25139.44921875,25038.05078125,25074.44921875,225700,24946.869921875,24811.51015625,0.004339045410009845,0.0029363795205257634,58.608632829680374,0
2025-09-15,25069.19921875,25138.44921875,25048.75,25118.900390625,185400,25006.0796875,24833.405078125,-0.0017838966811339896,0.0025867151797892536,53.719484075721596,1
2025-09-16,25239.099609375,25261.400390625,25070.44921875,25073.599609375,240100,25080.1796875,24851.51259765625,0.006777256391098607,0.0026750064141960127,70.6207885217014,1
2025-09-17,25330.25,25346.5,25275.349609375,25276.599609375,268900,25151.609765625,24868.992578125,0.003611475529465391,0.0025121474994632713,85.81095782739305,1
2025-09-18,25423.599609375,25448.94921875,25329.75,25441.05078125,272200,25235.2296875,24887.64501953125,0.0036853015416349333,0.0024631048968645334,92.33368837037996,0
2025-09-19,25327.05078125,25428.75,25286.30078125,25410.19921875,380400,25277.83984375,24899.81005859375,-0.0037976065391384095,0.0031572483257105493,82.63290164660764,0
2025-09-22,25202.349609375,25331.69921875,25151.05078125,25238.099609375,254500,25304.469921875,24916.42255859375,-0.004923635718664832,0.003910425666036695,76.96233958639165,0
2025-09-23,25169.5,25261.900390625,25084.650390625,25209.0,299200,25290.55,24926.51005859375,-0.0013034343973540308,0.003938669695590379,71.5941657757187,0
2025-09-24,25056.900390625,25149.849609375,25027.44921875,25108.75,244400,25235.880078125,24943.7525390625,-0.00447365300760838,0.004155979676466653,64.07994585259152,0
2025-09-25,24890.849609375,25092.69921875,24878.30078125,25034.5,342500,25129.330078125,24963.25,-0.006626948212322681,0.004676614173240961,55.741579171873944,0
2025-09-26,24654.69921875,24868.599609375,24629.44921875,24818.55078125,291500,24994.859765625,24974.64248046875,-0.009487437927231501,0.005125865151065121,46.07504954160265,0
2025-09-29,24634.900390625,24791.30078125,24606.19921875,24728.55078125,394400,24881.369921875,24975.1349609375,-0.0008030448049409777,0.005136267296539946,41.8475165224501,0
2025-09-30,24611.099609375,24731.80078125,24587.69921875,24691.94921875,303000,24769.68984375,24976.7099609375,-0.0009661407544825362,0.004210840552273166,36.61838008929551,1
2025-10-01,24836.30078125,24867.94921875,24605.94921875,24620.55078125,308900,24725.569921875,24982.7724609375,0.009150390492475902,0.005322785509639122,44.52572272087315,1
2025-10-03,24894.25,24904.80078125,24747.55078125,24759.55078125,365900,24726.25,24990.769921875,0.0023332467769816567,0.005178831796682926,42.64977187325247,1
2025-10-06,25077.650390625,25095.94921875,24881.650390625,24916.55078125,268800,24810.840234375,25007.60244140625,0.007367178791287232,0.005920171546388638,50.2586906796026,1
2025-10-07,25108.30078125,25220.900390625,25076.30078125,25085.30078125,288000,24905.5203125,25024.3599609375,0.0012222193924698033,0.00578191114440428,45.62311854029444,0
2025-10-08,25046.150390625,25192.5,25008.5,25079.75,227400,24992.53046875,25033.2375,-0.0024752925801897474,0.005814965731043945,40.305098889204366,1
2025-10-09,25181.80078125,25199.25,25024.30078125,25074.30078125,286300,25061.63046875,25043.67255859375,0.005416017571936882,0.0058998822611740186,41.98014876120859,1
2025-10-10,25285.349609375,25330.75,25156.849609375,25167.650390625,232900,25139.850390625,25057.6650390625,0.0041120501676790155,0.005413140225282385,48.623271109391624,0
2025-10-13,25227.349609375,25267.30078125,25152.30078125,25177.30078125,234300,25169.790234375,25063.33251953125,-0.0022938183927065925,0.004095562818204414,50.86337845385108,0
2025-10-14,25145.5,25310.349609375,25060.55078125,25277.55078125,292100,25177.230078125,25067.14755859375,-0.003244479132464395,0.004365390175757753,49.19829010311054,1
2025-10-15,25323.55078125,25365.150390625,25159.349609375,25181.94921875,289900,25232.71015625,25071.3701171875,0.007080820872521931,0.004485173615320431,58.53416729905873,1
2025-10-16,25585.30078125,25625.400390625,25376.849609375,25394.900390625,372800,25313.41015625,25084.12265625,0.010336228211479837,0.004681158323551081,70.94305259574188,1
2025-10-17,25709.849609375,25781.5,25508.599609375,25546.849609375,422100,25398.31015625,25098.43515625,0.004867983737610659,0.00471045445762237,84.11745908648265,1
2025-10-20,25843.150390625,25926.19921875,25788.5,25824.599609375,301100,25521.4703125,25124.24013671875,0.005184813729964155,0.0045456085479339825,86.39632685528167,1
2025-10-21,25868.599609375,25934.349609375,25825.80078125,25901.19921875,42500,25666.090234375,25157.55263671875,0.0009847568259027106,0.004556654294402613,87.8423111646103,1
2025-10-23,25891.400390625,26104.19921875,25862.44921875,26057.19921875,448400,25779.66015625,25193.64765625,0.0008814076368377499,0.0042199460701013375,86.15584578995768,0
2025-10-24,25795.150390625,25944.150390625,25718.19921875,25935.099609375,284900,25821.630078125,25230.56015625,-0.0037174505259611745,0.004682018363116803,80.0821475760726,1
2025-10-27,25966.05078125,26005.94921875,25827.0,25843.19921875,266300,25872.8703125,25284.32021484375,0.006625291500029773,0.0048475117557055195,79.91447763883573,0
2025-10-28,25936.19921875,26041.69921875,25810.05078125,25939.94921875,395200,25891.480078125,25348.39521484375,-0.001149638146805021,0.004729379670705665,77.89224330797778,1
2025-10-29,26053.900390625,26097.849609375,25960.30078125,25982.0,321900,25928.540234375,25419.34521484375,0.0045381040946781415,0.004242190167381395,82.72654388800231,0
2025-10-30,25877.849609375,26032.05078125,25845.25,25984.400390625,257400,25925.830078125,25482.68271484375,-0.0067571756478100875,0.0051311029657445445,72.02612650141474,0
2025-10-31,25722.099609375,25953.75,25711.19921875,25863.80078125,334400,25911.219921875,25526.97265625,-0.006018660837397216,0.004840582214660416,63.37873961666312,1
2025-11-03,25763.349609375,25803.099609375,25645.5,25696.849609375,23300,25870.6796875,25570.42763671875,0.0016036793506921665,0.004621703289393917,66.58925112859039,0
2025-11-04,25597.650390625,25787.400390625,25578.400390625,25744.75,305100,25802.969921875,25596.42763671875,-0.006431586779760301,0.004693774153340467,63.303600059305644,0
2025-11-06,25509.69921875,25679.150390625,25491.55078125,25593.349609375,371900,25694.1296875,25616.49755859375,-0.0034359080045569534,0.004700092103035165,55.783687607562705,0
2025-11-07,25492.30078125,25551.25,25318.44921875,25433.80078125,305600,25617.019921875,25638.805078125,-0.0006820322478444663,0.004641924708340393,46.593162857919665,1
2025-11-10,25574.349609375,25653.44921875,25503.5,25503.5,243600,25587.469921875,25658.43251953125,0.0032185728871263475,0.0047964601700308755,44.876748342121196,1
2025-11-11,25694.94921875,25715.80078125,25449.25,25617.0,297700,25573.78984375,25678.9125,0.0047156471705849246,0.004494318744738405,44.342176098734356,1
2025-11-12,25875.80078125,25934.55078125,25781.150390625,25834.30078125,312600,25629.419921875,25711.33505859375,0.0070384090258497345,0.005167556142881059,50.245756419195,1
2025-11-13,25879.150390625,26010.69921875,25808.400390625,25906.099609375,385200,25703.31015625,25748.017578125,0.00012944949620363744,0.0048974143906201735,49.57631583924861,1
2025-11-14,25910.05078125,25940.19921875,25740.80078125,25767.900390625,518900,25786.86015625,25777.342578125,0.001194026471448284,0.004420066474869356,54.16214457030061,1
2025-11-17,26013.44921875,26024.19921875,25906.349609375,25948.19921875,281800,25874.680078125,25798.75,0.0039906690408659795,0.003983991628252771,51.80524106082832,0
2025-11-18,25910.05078125,26029.849609375,25876.5,26021.80078125,280000,25917.700390625,25808.76005859375,-0.003974806902018679,0.004289756476151347,49.05693072794128,1
2025-11-19,26052.650390625,26074.650390625,25856.19921875,25918.099609375,250100,25953.0703125,25819.23505859375,0.005503640675154298,0.0037497062931165716,49.95571289778814,1
2025-11-20,26192.150390625,26246.650390625,26063.19921875,26132.099609375,240400,26015.6703125,25835.41259765625,0.005354541588221684,0.003408600819978196,61.43165246844471,0
2025-11-21,26068.150390625,26179.19921875,26052.19921875,26109.55078125,235600,26047.290234375,25844.25009765625,-0.0047342428227803435,0.00403236858631799,62.88402357225548,0
2025-11-24,25959.5,26142.80078125,25912.150390625,26122.80078125,464700,26036.500390625,25852.467578125,-0.004167936312968079,0.004485049284433564,56.95398263668177,0
2025-11-25,25884.80078125,26032.599609375,25857.5,25998.5,260500,26031.450390625,25848.405078125,-0.002877529180069005,0.004523675530189757,60.882302869704894,1
2025-11-26,26205.30078125,26215.150390625,25842.94921875,25842.94921875,275300,26061.98046875,25861.86015625,0.012381783530362567,0.005548960694143119,72.41136715456159,1
2025-11-27,26215.55078125,26310.44921875,26141.900390625,26261.25,240300,26066.660546875,25869.94267578125,0.0003911422381892571,0.005543546373764083,73.40999608046428,0
2025-11-28,26202.94921875,26280.75,26172.400390625,26237.44921875,202500,26093.6203125,25886.19765625,-0.0004806903583736144,0.00557253030317905,71.30414521422435,0
2025-12-01,26175.75,26325.80078125,26124.19921875,26325.80078125,213800,26136.8703125,25908.88017578125,-0.0010380212747401751,0.005513146211307265,67.39638631185586,0
2025-12-02,26032.19921875,26154.599609375,25997.849609375,26087.94921875,254800,26166.35,25922.32265625,-0.005484113396941881,0.005671770621341033,55.815808051316466,0
2025-12-03,25986.0,26066.44921875,25891.0,26004.900390625,265700,26122.48984375,25941.74013671875,-0.0017746951904364927,0.0054174698263773115,53.85058272203476,1
2025-12-04,26033.75,26098.25,25938.94921875,25981.849609375,248100,26086.1296875,25967.94267578125,0.0018375278996383138,0.005119680630719496,54.40431154381085,1
2025-12-05,26186.44921875,26202.599609375,25985.349609375,25999.80078125,249300,26082.8296875,26002.65009765625,0.005865433091659877,0.0052626765730345035,55.95075257779056,0
2025-12-08,25960.55078125,26178.69921875,25892.25,26159.80078125,320700,26039.78984375,26021.96015625,-0.00862653945989178,0.005854424215001106,51.60205808947633,0
2025-12-09,25839.650390625,25923.650390625,25728.0,25867.099609375,276000,26001.280078125,26029.19521484375,-0.004657081109092687,0.005978008293466306,43.14847484205606,0
2025-12-10,25758.0,25947.650390625,25734.55078125,25864.05078125,207900,25955.680078125,26023.30517578125,-0.0031598875909956137,0.004071905384281126,35.49494735935414,1
2025-12-11,25898.55078125,25922.80078125,25693.25,25771.400390625,206100,25928.640234375,26024.2751953125,0.0054565875164998,0.004638370200385469,44.39562311945033,1
2025-12-12,26046.94921875,26057.599609375,25938.44921875,25971.19921875,216300,25900.740234375,26031.1201171875,0.005729990019651465,0.005135462433427668,52.815769415564645,0
2025-12-15,26027.30078125,26047.150390625,25904.75,25930.05078125,181600,25914.090234375,26031.8126953125,-0.0007543469807149705,0.00513346556127901,54.75698682439834,0
2025-12-16,25860.099609375,25980.75,25834.349609375,25951.5,264400,25918.180078125,26029.31513671875,-0.006424068837574293,0.005241187918271064,37.16245171655895,0
2025-12-17,25818.55078125,25929.150390625,25770.349609375,25902.400390625,206500,25930.290234375,26017.61015625,-0.001606677033445636,0.005237452346659453,35.57199804658664,0
2025-12-18,25815.55078125,25902.349609375,25726.30078125,25764.69921875,197600,25913.690234375,25998.78017578125,-0.00011619552256891819,0.005171035764269156,35.821996534627985,1
2025-12-19,25966.400390625,25993.349609375,25880.44921875,25911.5,382900,25897.58046875,25993.69267578125,0.005843362036054733,0.005167864566389541,42.97411775810466,1
2025-12-22,26172.400390625,26180.69921875,26047.80078125,26055.849609375,253000,25926.600390625,26004.3376953125,0.00793332910611566,0.0050442223080455735,54.5159321820641,1
2025-12-23,26177.150390625,26233.55078125,26119.05078125,26205.19921875,216600,25990.010546875,26018.95517578125,0.00018148889399149937,0.004678819329548266,56.325940174752084,0
2025-12-24,26142.099609375,26236.400390625,26123.0,26170.650390625,188800,26054.7203125,26015.7951171875,-0.0013389838361685946,0.004518281179698874,53.616122004925366,0
2025-12-26,26042.30078125,26144.19921875,26008.599609375,26121.25,142200,26100.0703125,26007.1326171875,-0.0038175521330050532,0.004565296989712107,45.01301411145917,0
2025-12-29,25942.099609375,26106.80078125,25920.30078125,26063.349609375,234300,26095.21015625,25994.09013671875,-0.003847631310177624,0.004360949072497098,49.30085300817485,0
2025-12-30,25938.849609375,25976.75,25878.0,25940.900390625,396900,26048.5,25982.2451171875,-0.00012527898855285713,0.0043597221505433355,54.12677209882802,1
2025-12-31,26129.599609375,26187.94921875,25969.0,25971.05078125,246300,26038.98984375,25987.11513671875,0.0073538342244390265,0.0043974151468251736,64.17239370648852,0
